0 verbose cli C:\Program Files\nodejs\node.exe C:\Program Files\nodejs\node_modules\npm\bin\npm-cli.js
1 info using npm@11.17.0
2 info using node@v24.19.0
3 silly config load:file:C:\Program Files\nodejs\node_modules\npm\npmrc
4 silly config load:file:C:\Users\hemac\Documents\Codex\2026-09-19\hackdevengers-2-0-is-a-24\.npmrc
5 silly config load:file:C:\Users\hemac\.npmrc
6 silly config load:file:C:\Users\hemac\AppData\Roaming\npm\etc\npmrc
7 verbose title npm install
8 verbose argv "install" "--cache" "work/.npm-cache"
9 verbose logfile logs-max:10 dir:C:\Users\hemac\Documents\Codex\2026-09-19\hackdevengers-2-0-is-a-24\work\.npm-cache\_logs\2026-09-19T11_51_34_130Z-
10 verbose logfile C:\Users\hemac\Documents\Codex\2026-09-19\hackdevengers-2-0-is-a-24\work\.npm-cache\_logs\2026-09-19T11_51_34_130Z-debug-0.log
11 silly logfile done cleaning log files
12 silly packumentCache heap:4496293888 maxSize:1124073472 maxEntrySize:562036736
13 silly idealTree buildDeps
14 silly fetch manifest @types/node@22.13.4
15 silly packumentCache full:https://registry.npmjs.org/@types%2fnode cache-miss
16 http fetch GET 200 https://registry.npmjs.org/npm 131ms
17 http fetch GET 200 https://registry.npmjs.org/@types%2fnode 437ms (cache miss)
18 silly packumentCache full:https://registry.npmjs.org/@types%2fnode set size:undefined disposed:false
19 silly fetch manifest @types/react@19.0.8
20 silly packumentCache full:https://registry.npmjs.org/@types%2freact cache-miss
21 http fetch GET 200 https://registry.npmjs.org/@types%2freact 87ms (cache miss)
22 silly packumentCache full:https://registry.npmjs.org/@types%2freact set size:undefined disposed:false
23 silly fetch manifest @types/react-dom@19.0.3
24 silly packumentCache full:https://registry.npmjs.org/@types%2freact-dom cache-miss
25 http fetch GET 200 https://registry.npmjs.org/@types%2freact-dom 73ms (cache miss)
26 silly packumentCache full:https://registry.npmjs.org/@types%2freact-dom set size:undefined disposed:false
27 silly fetch manifest eslint@9.19.0
28 silly packumentCache full:https://registry.npmjs.org/eslint cache-miss
29 http fetch GET 200 https://registry.npmjs.org/eslint 60ms (cache miss)
30 silly packumentCache full:https://registry.npmjs.org/eslint set size:undefined disposed:false
31 silly fetch manifest jiti@*
32 silly packumentCache full:https://registry.npmjs.org/jiti cache-miss
33 http fetch GET 200 https://registry.npmjs.org/jiti 56ms (cache miss)
34 silly packumentCache full:https://registry.npmjs.org/jiti set size:undefined disposed:false
35 silly fetch manifest eslint-config-next@15.1.6
36 silly packumentCache full:https://registry.npmjs.org/eslint-config-next cache-miss
37 http fetch GET 200 https://registry.npmjs.org/eslint-config-next 255ms (cache miss)
38 silly packumentCache full:https://registry.npmjs.org/eslint-config-next set size:undefined disposed:false
39 silly fetch manifest typescript@5.7.3
40 silly packumentCache full:https://registry.npmjs.org/typescript cache-miss
41 http fetch GET 200 https://registry.npmjs.org/typescript 496ms (cache miss)
42 silly packumentCache full:https://registry.npmjs.org/typescript set size:undefined disposed:false
43 silly fetch manifest next@15.1.6
44 silly packumentCache full:https://registry.npmjs.org/next cache-miss
45 http fetch GET 200 https://registry.npmjs.org/next 939ms (cache miss)
46 silly packumentCache full:https://registry.npmjs.org/next set size:undefined disposed:false
47 silly fetch manifest @opentelemetry/api@^1.1.0
48 silly packumentCache full:https://registry.npmjs.org/@opentelemetry%2fapi cache-miss
49 http fetch GET 200 https://registry.npmjs.org/@opentelemetry%2fapi 81ms (cache miss)
50 silly packumentCache full:https://registry.npmjs.org/@opentelemetry%2fapi set size:undefined disposed:false
51 silly fetch manifest @playwright/test@^1.41.2
52 silly packumentCache full:https://registry.npmjs.org/@playwright%2ftest cache-miss
53 http fetch GET 200 https://registry.npmjs.org/@playwright%2ftest 432ms (cache miss)
54 silly packumentCache full:https://registry.npmjs.org/@playwright%2ftest set size:undefined disposed:false
55 silly fetch manifest babel-plugin-react-compiler@*
56 silly packumentCache full:https://registry.npmjs.org/babel-plugin-react-compiler cache-miss
57 http fetch GET 200 https://registry.npmjs.org/babel-plugin-react-compiler 319ms (cache miss)
58 silly packumentCache full:https://registry.npmjs.org/babel-plugin-react-compiler set size:undefined disposed:false
59 silly fetch manifest react@19.0.0
60 silly packumentCache full:https://registry.npmjs.org/react cache-miss
61 http fetch GET 200 https://registry.npmjs.org/react 413ms (cache miss)
62 silly packumentCache full:https://registry.npmjs.org/react set size:undefined disposed:false
63 silly fetch manifest react-dom@19.0.0
64 silly packumentCache full:https://registry.npmjs.org/react-dom cache-miss
65 http fetch GET 200 https://registry.npmjs.org/react-dom 344ms (cache miss)
66 silly packumentCache full:https://registry.npmjs.org/react-dom set size:undefined disposed:false
67 silly fetch manifest sass@^1.3.0
68 silly packumentCache full:https://registry.npmjs.org/sass cache-miss
69 http fetch GET 200 https://registry.npmjs.org/sass 78ms (cache miss)
70 silly packumentCache full:https://registry.npmjs.org/sass set size:undefined disposed:false
71 silly placeDep ROOT @types/node@22.13.4 OK for: sachet-scam-shield@0.1.0 want: 22.13.4
72 silly placeDep ROOT @types/react@19.0.8 OK for: sachet-scam-shield@0.1.0 want: 19.0.8
73 silly placeDep ROOT @types/react-dom@19.0.3 OK for: sachet-scam-shield@0.1.0 want: 19.0.3
74 silly placeDep ROOT eslint@9.19.0 OK for: sachet-scam-shield@0.1.0 want: 9.19.0
75 silly placeDep ROOT eslint-config-next@15.1.6 OK for: sachet-scam-shield@0.1.0 want: 15.1.6
76 silly placeDep ROOT next@15.1.6 OK for: sachet-scam-shield@0.1.0 want: 15.1.6
77 silly placeDep ROOT react@19.0.0 OK for: next@15.1.6 want: ^18.2.0 || 19.0.0-rc-de68d2f4-20241204 || ^19.0.0
78 silly placeDep ROOT react-dom@19.0.0 OK for: next@15.1.6 want: ^18.2.0 || 19.0.0-rc-de68d2f4-20241204 || ^19.0.0
79 silly placeDep ROOT typescript@5.7.3 OK for: sachet-scam-shield@0.1.0 want: 5.7.3
80 silly fetch manifest undici-types@~6.20.0
81 silly packumentCache full:https://registry.npmjs.org/undici-types cache-miss
82 silly fetch manifest csstype@^3.0.2
83 silly packumentCache full:https://registry.npmjs.org/csstype cache-miss
84 silly fetch manifest ajv@^6.12.4
85 silly packumentCache full:https://registry.npmjs.org/ajv cache-miss
86 silly fetch manifest chalk@^4.0.0
87 silly packumentCache full:https://registry.npmjs.org/chalk cache-miss
88 silly fetch manifest debug@^4.3.2
89 silly packumentCache full:https://registry.npmjs.org/debug cache-miss
90 silly fetch manifest espree@^10.3.0
91 silly packumentCache full:https://registry.npmjs.org/espree cache-miss
92 silly fetch manifest ignore@^5.2.0
93 silly packumentCache full:https://registry.npmjs.org/ignore cache-miss
94 silly fetch manifest esquery@^1.5.0
95 silly packumentCache full:https://registry.npmjs.org/esquery cache-miss
96 silly fetch manifest esutils@^2.0.2
97 silly packumentCache full:https://registry.npmjs.org/esutils cache-miss
98 silly fetch manifest find-up@^5.0.0
99 silly packumentCache full:https://registry.npmjs.org/find-up cache-miss
100 silly fetch manifest is-glob@^4.0.0
101 silly packumentCache full:https://registry.npmjs.org/is-glob cache-miss
102 silly fetch manifest minimatch@^3.1.2
103 silly packumentCache full:https://registry.npmjs.org/minimatch cache-miss
104 silly fetch manifest @eslint/js@9.19.0
105 silly packumentCache full:https://registry.npmjs.org/@eslint%2fjs cache-miss
106 silly fetch manifest optionator@^0.9.3
107 silly packumentCache full:https://registry.npmjs.org/optionator cache-miss
108 silly fetch manifest cross-spawn@^7.0.6
109 silly packumentCache full:https://registry.npmjs.org/cross-spawn cache-miss
110 http fetch GET 200 https://registry.npmjs.org/csstype 53ms (cache miss)
111 silly packumentCache full:https://registry.npmjs.org/csstype set size:undefined disposed:false
112 silly fetch manifest glob-parent@^6.0.2
113 silly packumentCache full:https://registry.npmjs.org/glob-parent cache-miss
114 http fetch GET 200 https://registry.npmjs.org/undici-types 55ms (cache miss)
115 silly packumentCache full:https://registry.npmjs.org/undici-types set size:undefined disposed:false
116 silly fetch manifest imurmurhash@^0.1.4
117 silly packumentCache full:https://registry.npmjs.org/imurmurhash cache-miss
118 http fetch GET 200 https://registry.npmjs.org/esutils 62ms (cache miss)
119 silly packumentCache full:https://registry.npmjs.org/esutils set size:undefined disposed:false
120 silly fetch manifest @eslint/core@^0.10.0
121 silly packumentCache full:https://registry.npmjs.org/@eslint%2fcore cache-miss
122 http fetch GET 200 https://registry.npmjs.org/is-glob 69ms (cache miss)
123 silly packumentCache full:https://registry.npmjs.org/is-glob set size:undefined disposed:false
124 silly fetch manifest eslint-scope@^8.2.0
125 silly packumentCache full:https://registry.npmjs.org/eslint-scope cache-miss
126 http fetch GET 200 https://registry.npmjs.org/imurmurhash 20ms (cache miss)
127 silly packumentCache full:https://registry.npmjs.org/imurmurhash set size:undefined disposed:false
128 silly fetch manifest lodash.merge@^4.6.2
129 silly packumentCache full:https://registry.npmjs.org/lodash.merge cache-miss
130 http fetch GET 200 https://registry.npmjs.org/glob-parent 30ms (cache miss)
131 silly packumentCache full:https://registry.npmjs.org/glob-parent set size:undefined disposed:false
132 silly fetch manifest @humanfs/node@^0.16.6
133 silly packumentCache full:https://registry.npmjs.org/@humanfs%2fnode cache-miss
134 http fetch GET 200 https://registry.npmjs.org/espree 86ms (cache miss)
135 silly packumentCache full:https://registry.npmjs.org/espree set size:undefined disposed:false
136 silly fetch manifest @types/estree@^1.0.6
137 silly packumentCache full:https://registry.npmjs.org/@types%2festree cache-miss
138 http fetch GET 200 https://registry.npmjs.org/esquery 103ms (cache miss)
139 silly packumentCache full:https://registry.npmjs.org/esquery set size:undefined disposed:false
140 silly fetch manifest fast-deep-equal@^3.1.3
141 silly packumentCache full:https://registry.npmjs.org/fast-deep-equal cache-miss
142 http fetch GET 200 https://registry.npmjs.org/cross-spawn 108ms (cache miss)
143 silly packumentCache full:https://registry.npmjs.org/cross-spawn set size:undefined disposed:false
144 silly fetch manifest natural-compare@^1.4.0
145 silly packumentCache full:https://registry.npmjs.org/natural-compare cache-miss
146 http fetch GET 200 https://registry.npmjs.org/lodash.merge 35ms (cache miss)
147 silly packumentCache full:https://registry.npmjs.org/lodash.merge set size:undefined disposed:false
148 silly fetch manifest @eslint/eslintrc@^3.2.0
149 silly packumentCache full:https://registry.npmjs.org/@eslint%2feslintrc cache-miss
150 http fetch GET 200 https://registry.npmjs.org/@types%2festree 28ms (cache miss)
151 silly packumentCache full:https://registry.npmjs.org/@types%2festree set size:undefined disposed:false
152 silly fetch manifest file-entry-cache@^8.0.0
153 silly packumentCache full:https://registry.npmjs.org/file-entry-cache cache-miss
154 http fetch GET 200 https://registry.npmjs.org/@eslint%2fjs 120ms (cache miss)
155 silly packumentCache full:https://registry.npmjs.org/@eslint%2fjs set size:undefined disposed:false
156 silly fetch manifest @eslint/plugin-kit@^0.2.5
157 silly packumentCache full:https://registry.npmjs.org/@eslint%2fplugin-kit cache-miss
158 http fetch GET 200 https://registry.npmjs.org/ignore 125ms (cache miss)
159 silly packumentCache full:https://registry.npmjs.org/ignore set size:undefined disposed:false
160 silly fetch manifest @types/json-schema@^7.0.15
161 silly packumentCache full:https://registry.npmjs.org/@types%2fjson-schema cache-miss
162 http fetch GET 200 https://registry.npmjs.org/@humanfs%2fnode 46ms (cache miss)
163 silly packumentCache full:https://registry.npmjs.org/@humanfs%2fnode set size:undefined disposed:false
164 silly fetch manifest eslint-visitor-keys@^4.2.0
165 silly packumentCache full:https://registry.npmjs.org/eslint-visitor-keys cache-miss
166 http fetch GET 200 https://registry.npmjs.org/find-up 133ms (cache miss)
167 silly packumentCache full:https://registry.npmjs.org/find-up set size:undefined disposed:false
168 silly fetch manifest @eslint/config-array@^0.19.0
169 silly packumentCache full:https://registry.npmjs.org/@eslint%2fconfig-array cache-miss
170 http fetch GET 200 https://registry.npmjs.org/optionator 137ms (cache miss)
171 silly packumentCache full:https://registry.npmjs.org/optionator set size:undefined disposed:false
172 silly fetch manifest @humanwhocodes/retry@^0.4.1
173 silly packumentCache full:https://registry.npmjs.org/@humanwhocodes%2fretry cache-miss
174 http fetch GET 200 https://registry.npmjs.org/debug 144ms (cache miss)
175 silly packumentCache full:https://registry.npmjs.org/debug set size:undefined disposed:false
176 silly fetch manifest escape-string-regexp@^4.0.0
177 silly packumentCache full:https://registry.npmjs.org/escape-string-regexp cache-miss
178 http fetch GET 200 https://registry.npmjs.org/file-entry-cache 27ms (cache miss)
179 silly packumentCache full:https://registry.npmjs.org/file-entry-cache set size:undefined disposed:false
180 silly fetch manifest @eslint-community/regexpp@^4.12.1
181 silly packumentCache full:https://registry.npmjs.org/@eslint-community%2fregexpp cache-miss
182 http fetch GET 200 https://registry.npmjs.org/@eslint%2feslintrc 38ms (cache miss)
183 silly packumentCache full:https://registry.npmjs.org/@eslint%2feslintrc set size:undefined disposed:false
184 silly fetch manifest @eslint-community/eslint-utils@^4.2.0
185 silly packumentCache full:https://registry.npmjs.org/@eslint-community%2feslint-utils cache-miss
186 http fetch GET 200 https://registry.npmjs.org/@eslint%2fplugin-kit 33ms (cache miss)
187 silly packumentCache full:https://registry.npmjs.org/@eslint%2fplugin-kit set size:undefined disposed:false
188 silly fetch manifest @humanwhocodes/module-importer@^1.0.1
189 silly packumentCache full:https://registry.npmjs.org/@humanwhocodes%2fmodule-importer cache-miss
190 http fetch GET 200 https://registry.npmjs.org/@types%2fjson-schema 29ms (cache miss)
191 silly packumentCache full:https://registry.npmjs.org/@types%2fjson-schema set size:undefined disposed:false
192 silly fetch manifest json-stable-stringify-without-jsonify@^1.0.1
193 silly packumentCache full:https://registry.npmjs.org/json-stable-stringify-without-jsonify cache-miss
194 http fetch GET 200 https://registry.npmjs.org/natural-compare 52ms (cache miss)
195 silly packumentCache full:https://registry.npmjs.org/natural-compare set size:undefined disposed:false
196 silly fetch manifest eslint-plugin-react@^7.37.0
197 silly packumentCache full:https://registry.npmjs.org/eslint-plugin-react cache-miss
198 http fetch GET 200 https://registry.npmjs.org/eslint-visitor-keys 31ms (cache miss)
199 silly packumentCache full:https://registry.npmjs.org/eslint-visitor-keys set size:undefined disposed:false
200 silly fetch manifest eslint-plugin-import@^2.31.0
201 silly packumentCache full:https://registry.npmjs.org/eslint-plugin-import cache-miss
202 http fetch GET 200 https://registry.npmjs.org/fast-deep-equal 62ms (cache miss)
203 silly packumentCache full:https://registry.npmjs.org/fast-deep-equal set size:undefined disposed:false
204 silly fetch manifest eslint-plugin-jsx-a11y@^6.10.0
205 silly packumentCache full:https://registry.npmjs.org/eslint-plugin-jsx-a11y cache-miss
206 http fetch GET 200 https://registry.npmjs.org/escape-string-regexp 27ms (cache miss)
207 silly packumentCache full:https://registry.npmjs.org/escape-string-regexp set size:undefined disposed:false
208 silly fetch manifest @rushstack/eslint-patch@^1.10.3
209 silly packumentCache full:https://registry.npmjs.org/@rushstack%2feslint-patch cache-miss
210 http fetch GET 200 https://registry.npmjs.org/chalk 176ms (cache miss)
211 silly packumentCache full:https://registry.npmjs.org/chalk set size:undefined disposed:false
212 silly fetch manifest @next/eslint-plugin-next@15.1.6
213 silly packumentCache full:https://registry.npmjs.org/@next%2feslint-plugin-next cache-miss
214 http fetch GET 200 https://registry.npmjs.org/@humanwhocodes%2fretry 42ms (cache miss)
215 silly packumentCache full:https://registry.npmjs.org/@humanwhocodes%2fretry set size:undefined disposed:false
216 silly fetch manifest @typescript-eslint/parser@^5.4.2 || ^6.0.0 || ^7.0.0 || ^8.0.0
217 silly packumentCache full:https://registry.npmjs.org/@typescript-eslint%2fparser cache-miss
218 http fetch GET 200 https://registry.npmjs.org/json-stable-stringify-without-jsonify 25ms (cache miss)
219 silly packumentCache full:https://registry.npmjs.org/json-stable-stringify-without-jsonify set size:undefined disposed:false
220 silly fetch manifest eslint-plugin-react-hooks@^5.0.0
221 silly packumentCache full:https://registry.npmjs.org/eslint-plugin-react-hooks cache-miss
222 http fetch GET 200 https://registry.npmjs.org/minimatch 186ms (cache miss)
223 silly packumentCache full:https://registry.npmjs.org/minimatch set size:undefined disposed:false
224 silly fetch manifest eslint-import-resolver-node@^0.3.6
225 silly packumentCache full:https://registry.npmjs.org/eslint-import-resolver-node cache-miss
226 http fetch GET 200 https://registry.npmjs.org/@eslint-community%2feslint-utils 38ms (cache miss)
227 silly packumentCache full:https://registry.npmjs.org/@eslint-community%2feslint-utils set size:undefined disposed:false
228 silly fetch manifest @typescript-eslint/eslint-plugin@^5.4.2 || ^6.0.0 || ^7.0.0 || ^8.0.0
229 silly packumentCache full:https://registry.npmjs.org/@typescript-eslint%2feslint-plugin cache-miss
230 http fetch GET 200 https://registry.npmjs.org/@eslint%2fconfig-array 58ms (cache miss)
231 silly packumentCache full:https://registry.npmjs.org/@eslint%2fconfig-array set size:undefined disposed:false
232 silly fetch manifest eslint-import-resolver-typescript@^3.5.2
233 silly packumentCache full:https://registry.npmjs.org/eslint-import-resolver-typescript cache-miss
234 http fetch GET 200 https://registry.npmjs.org/@humanwhocodes%2fmodule-importer 45ms (cache miss)
235 silly packumentCache full:https://registry.npmjs.org/@humanwhocodes%2fmodule-importer set size:undefined disposed:false
236 silly fetch manifest busboy@1.6.0
237 silly packumentCache full:https://registry.npmjs.org/busboy cache-miss
238 http fetch GET 200 https://registry.npmjs.org/ajv 269ms (cache miss)
239 silly packumentCache full:https://registry.npmjs.org/ajv set size:undefined disposed:false
240 silly fetch manifest postcss@8.4.31
241 silly packumentCache full:https://registry.npmjs.org/postcss cache-miss
242 http fetch GET 200 https://registry.npmjs.org/eslint-plugin-react 115ms (cache miss)
243 silly packumentCache full:https://registry.npmjs.org/eslint-plugin-react set size:undefined disposed:false
244 silly fetch manifest @next/env@15.1.6
245 silly packumentCache full:https://registry.npmjs.org/@next%2fenv cache-miss
246 http fetch GET 200 https://registry.npmjs.org/@next%2feslint-plugin-next 688ms (cache miss)
247 silly packumentCache full:https://registry.npmjs.org/@next%2feslint-plugin-next set size:undefined disposed:false
248 silly fetch manifest styled-jsx@5.1.6
249 silly packumentCache full:https://registry.npmjs.org/styled-jsx cache-miss
250 http fetch GET 200 https://registry.npmjs.org/eslint-import-resolver-typescript 708ms (cache miss)
251 silly packumentCache full:https://registry.npmjs.org/eslint-import-resolver-typescript set size:undefined disposed:false
252 silly fetch manifest @swc/counter@0.1.3
253 silly packumentCache full:https://registry.npmjs.org/@swc%2fcounter cache-miss
254 http fetch GET 200 https://registry.npmjs.org/busboy 728ms (cache miss)
255 silly packumentCache full:https://registry.npmjs.org/busboy set size:undefined disposed:false
256 silly fetch manifest @swc/helpers@0.5.15
257 silly packumentCache full:https://registry.npmjs.org/@swc%2fhelpers cache-miss
258 http fetch GET 200 https://registry.npmjs.org/@swc%2fcounter 28ms (cache miss)
259 silly packumentCache full:https://registry.npmjs.org/@swc%2fcounter set size:undefined disposed:false
260 silly fetch manifest caniuse-lite@^1.0.30001579
261 silly packumentCache full:https://registry.npmjs.org/caniuse-lite cache-miss
262 http fetch GET 200 https://registry.npmjs.org/eslint-scope 866ms (cache miss)
263 silly packumentCache full:https://registry.npmjs.org/eslint-scope set size:undefined disposed:false
264 silly fetch manifest sharp@^0.33.5
265 silly packumentCache full:https://registry.npmjs.org/sharp cache-miss
266 http fetch GET 200 https://registry.npmjs.org/styled-jsx 115ms (cache miss)
267 silly packumentCache full:https://registry.npmjs.org/styled-jsx set size:undefined disposed:false
268 silly fetch manifest @next/swc-darwin-x64@15.1.6
269 silly packumentCache full:https://registry.npmjs.org/@next%2fswc-darwin-x64 cache-miss
270 http fetch GET 200 https://registry.npmjs.org/@swc%2fhelpers 356ms (cache miss)
271 silly packumentCache full:https://registry.npmjs.org/@swc%2fhelpers set size:undefined disposed:false
272 silly fetch manifest @next/swc-darwin-arm64@15.1.6
273 silly packumentCache full:https://registry.npmjs.org/@next%2fswc-darwin-arm64 cache-miss
274 http fetch GET 200 https://registry.npmjs.org/postcss 1123ms (cache miss)
275 silly packumentCache full:https://registry.npmjs.org/postcss set size:undefined disposed:false
276 silly fetch manifest @next/swc-linux-x64-gnu@15.1.6
277 silly packumentCache full:https://registry.npmjs.org/@next%2fswc-linux-x64-gnu cache-miss
278 http fetch GET 200 https://registry.npmjs.org/caniuse-lite 495ms (cache miss)
279 silly packumentCache full:https://registry.npmjs.org/caniuse-lite set size:undefined disposed:false
280 silly fetch manifest @next/swc-linux-x64-musl@15.1.6
281 silly packumentCache full:https://registry.npmjs.org/@next%2fswc-linux-x64-musl cache-miss
282 http fetch GET 200 https://registry.npmjs.org/eslint-plugin-import 1307ms (cache miss)
283 silly packumentCache full:https://registry.npmjs.org/eslint-plugin-import set size:undefined disposed:false
284 silly fetch manifest @next/swc-win32-x64-msvc@15.1.6
285 silly packumentCache full:https://registry.npmjs.org/@next%2fswc-win32-x64-msvc cache-miss
286 http fetch GET 200 https://registry.npmjs.org/@eslint-community%2fregexpp 1545ms (cache miss)
287 silly packumentCache full:https://registry.npmjs.org/@eslint-community%2fregexpp set size:undefined disposed:false
288 silly fetch manifest @next/swc-linux-arm64-gnu@15.1.6
289 silly packumentCache full:https://registry.npmjs.org/@next%2fswc-linux-arm64-gnu cache-miss
290 http fetch GET 200 https://registry.npmjs.org/@eslint%2fcore 1638ms (cache miss)
291 silly packumentCache full:https://registry.npmjs.org/@eslint%2fcore set size:undefined disposed:false
292 silly fetch manifest @next/swc-linux-arm64-musl@15.1.6
293 silly packumentCache full:https://registry.npmjs.org/@next%2fswc-linux-arm64-musl cache-miss
294 http fetch GET 200 https://registry.npmjs.org/@next%2fswc-darwin-x64 937ms (cache miss)
295 silly packumentCache full:https://registry.npmjs.org/@next%2fswc-darwin-x64 set size:undefined disposed:false
296 silly fetch manifest @next/swc-win32-arm64-msvc@15.1.6
297 silly packumentCache full:https://registry.npmjs.org/@next%2fswc-win32-arm64-msvc cache-miss
298 http fetch GET 200 https://registry.npmjs.org/eslint-plugin-react-hooks 2144ms (cache miss)
299 silly packumentCache full:https://registry.npmjs.org/eslint-plugin-react-hooks set size:undefined disposed:false
300 silly fetch manifest scheduler@^0.25.0
301 silly packumentCache full:https://registry.npmjs.org/scheduler cache-miss
302 http fetch GET 200 https://registry.npmjs.org/@next%2fswc-linux-x64-musl 1488ms (cache miss)
303 silly packumentCache full:https://registry.npmjs.org/@next%2fswc-linux-x64-musl set size:undefined disposed:false
304 http fetch GET 200 https://registry.npmjs.org/sharp 2357ms (cache miss)
305 silly packumentCache full:https://registry.npmjs.org/sharp set size:undefined disposed:false
306 http fetch GET 200 https://registry.npmjs.org/@next%2fswc-win32-x64-msvc 2077ms (cache miss)
307 silly packumentCache full:https://registry.npmjs.org/@next%2fswc-win32-x64-msvc set size:undefined disposed:false
308 http fetch GET 200 https://registry.npmjs.org/@next%2fswc-linux-arm64-musl 1875ms (cache miss)
309 silly packumentCache full:https://registry.npmjs.org/@next%2fswc-linux-arm64-musl set size:undefined disposed:false
310 http fetch GET 200 https://registry.npmjs.org/@next%2fswc-linux-x64-gnu 2296ms (cache miss)
311 silly packumentCache full:https://registry.npmjs.org/@next%2fswc-linux-x64-gnu set size:undefined disposed:false
312 http fetch GET 200 https://registry.npmjs.org/@rushstack%2feslint-patch 3753ms (cache miss)
313 silly packumentCache full:https://registry.npmjs.org/@rushstack%2feslint-patch set size:undefined disposed:false
314 http fetch GET 200 https://registry.npmjs.org/@next%2fswc-win32-arm64-msvc 2037ms (cache miss)
315 silly packumentCache full:https://registry.npmjs.org/@next%2fswc-win32-arm64-msvc set size:undefined disposed:false
316 http fetch GET 200 https://registry.npmjs.org/scheduler 1683ms (cache miss)
317 silly packumentCache full:https://registry.npmjs.org/scheduler set size:undefined disposed:false
318 http fetch GET 200 https://registry.npmjs.org/@next%2fswc-darwin-arm64 2840ms (cache miss)
319 silly packumentCache full:https://registry.npmjs.org/@next%2fswc-darwin-arm64 set size:undefined disposed:false
320 http fetch GET 200 https://registry.npmjs.org/@next%2fenv 4569ms (cache miss)
321 silly packumentCache full:https://registry.npmjs.org/@next%2fenv set size:undefined disposed:false
322 http fetch GET 200 https://registry.npmjs.org/@typescript-eslint%2feslint-plugin 5361ms (cache miss)
323 silly packumentCache full:https://registry.npmjs.org/@typescript-eslint%2feslint-plugin set size:undefined disposed:false
324 http fetch GET 200 https://registry.npmjs.org/@next%2fswc-linux-arm64-gnu 4218ms (cache miss)
325 silly packumentCache full:https://registry.npmjs.org/@next%2fswc-linux-arm64-gnu set size:undefined disposed:false
326 http fetch GET 200 https://registry.npmjs.org/@typescript-eslint%2fparser 5934ms (cache miss)
327 silly packumentCache full:https://registry.npmjs.org/@typescript-eslint%2fparser set size:undefined disposed:false
328 http fetch GET 200 https://registry.npmjs.org/eslint-import-resolver-node 6949ms (cache miss)
329 silly packumentCache full:https://registry.npmjs.org/eslint-import-resolver-node set size:undefined disposed:false
330 http fetch GET 200 https://registry.npmjs.org/eslint-plugin-jsx-a11y 7275ms (cache miss)
331 silly packumentCache full:https://registry.npmjs.org/eslint-plugin-jsx-a11y set size:undefined disposed:false
332 silly placeDep ROOT undici-types@6.20.0 OK for: @types/node@22.13.4 want: ~6.20.0
333 silly placeDep ROOT csstype@3.2.3 OK for: @types/react@19.0.8 want: ^3.0.2
334 silly fetch manifest eslint@^6.0.0 || ^7.0.0 || >=8.0.0
335 silly packumentCache full:https://registry.npmjs.org/eslint cache-miss
336 http cache https://registry.npmjs.org/eslint 11ms (cache hit)
337 silly packumentCache full:https://registry.npmjs.org/eslint set size:2085131 disposed:false
338 silly placeDep ROOT @eslint-community/eslint-utils@4.10.1 OK for: eslint@9.19.0 want: ^4.2.0
339 silly placeDep ROOT @eslint-community/regexpp@4.12.2 OK for: eslint@9.19.0 want: ^4.12.1
340 silly placeDep ROOT @eslint/config-array@0.19.2 OK for: eslint@9.19.0 want: ^0.19.0
341 silly placeDep ROOT @eslint/core@0.10.0 OK for: eslint@9.19.0 want: ^0.10.0
342 silly placeDep ROOT @eslint/eslintrc@3.3.7 OK for: eslint@9.19.0 want: ^3.2.0
343 silly placeDep ROOT @eslint/js@9.19.0 OK for: eslint@9.19.0 want: 9.19.0
344 silly placeDep ROOT @eslint/plugin-kit@0.2.8 OK for: eslint@9.19.0 want: ^0.2.5
345 silly placeDep ROOT @humanfs/node@0.16.8 OK for: eslint@9.19.0 want: ^0.16.6
346 silly placeDep ROOT @humanwhocodes/module-importer@1.0.1 OK for: eslint@9.19.0 want: ^1.0.1
347 silly placeDep ROOT @humanwhocodes/retry@0.4.3 OK for: eslint@9.19.0 want: ^0.4.1
348 silly placeDep ROOT @types/estree@1.0.9 OK for: eslint@9.19.0 want: ^1.0.6
349 silly placeDep ROOT @types/json-schema@7.0.15 OK for: eslint@9.19.0 want: ^7.0.15
350 silly placeDep ROOT ajv@6.15.0 OK for: eslint@9.19.0 want: ^6.12.4
351 silly placeDep ROOT chalk@4.1.2 OK for: eslint@9.19.0 want: ^4.0.0
352 silly placeDep ROOT cross-spawn@7.0.6 OK for: eslint@9.19.0 want: ^7.0.6
353 silly placeDep ROOT debug@4.4.3 OK for: eslint@9.19.0 want: ^4.3.2
354 silly placeDep ROOT escape-string-regexp@4.0.0 OK for: eslint@9.19.0 want: ^4.0.0
355 silly placeDep ROOT eslint-scope@8.4.0 OK for: eslint@9.19.0 want: ^8.2.0
356 silly placeDep ROOT eslint-visitor-keys@4.2.1 OK for: eslint@9.19.0 want: ^4.2.0
357 silly placeDep ROOT espree@10.4.0 OK for: eslint@9.19.0 want: ^10.3.0
358 silly placeDep ROOT esquery@1.7.0 OK for: eslint@9.19.0 want: ^1.5.0
359 silly placeDep ROOT esutils@2.0.3 OK for: eslint@9.19.0 want: ^2.0.2
360 silly placeDep ROOT fast-deep-equal@3.1.3 OK for: eslint@9.19.0 want: ^3.1.3
361 silly placeDep ROOT file-entry-cache@8.0.0 OK for: eslint@9.19.0 want: ^8.0.0
362 silly placeDep ROOT find-up@5.0.0 OK for: eslint@9.19.0 want: ^5.0.0
363 silly placeDep ROOT glob-parent@6.0.2 OK for: eslint@9.19.0 want: ^6.0.2
364 silly placeDep ROOT ignore@5.3.2 OK for: eslint@9.19.0 want: ^5.2.0
365 silly placeDep ROOT imurmurhash@0.1.4 OK for: eslint@9.19.0 want: ^0.1.4
366 silly placeDep ROOT is-glob@4.0.3 OK for: eslint@9.19.0 want: ^4.0.0
367 silly placeDep ROOT json-stable-stringify-without-jsonify@1.0.1 OK for: eslint@9.19.0 want: ^1.0.1
368 silly placeDep ROOT lodash.merge@4.6.2 OK for: eslint@9.19.0 want: ^4.6.2
369 silly placeDep ROOT minimatch@3.1.5 OK for: eslint@9.19.0 want: ^3.1.2
370 silly placeDep ROOT natural-compare@1.4.0 OK for: eslint@9.19.0 want: ^1.4.0
371 silly placeDep ROOT optionator@0.9.4 OK for: eslint@9.19.0 want: ^0.9.3
372 silly fetch manifest eslint-visitor-keys@^3.4.3
373 silly packumentCache full:https://registry.npmjs.org/eslint-visitor-keys cache-miss
374 silly fetch manifest debug@^4.3.1
375 silly packumentCache full:https://registry.npmjs.org/debug cache-miss
376 silly fetch manifest @eslint/object-schema@^2.1.6
377 silly packumentCache full:https://registry.npmjs.org/@eslint%2fobject-schema cache-miss
378 silly fetch manifest ajv@^6.14.0
379 silly packumentCache full:https://registry.npmjs.org/ajv cache-miss
380 silly fetch manifest espree@^10.0.1
381 silly packumentCache full:https://registry.npmjs.org/espree cache-miss
382 silly fetch manifest globals@^14.0.0
383 silly packumentCache full:https://registry.npmjs.org/globals cache-miss
384 silly fetch manifest js-yaml@^4.3.2
385 silly packumentCache full:https://registry.npmjs.org/js-yaml cache-miss
386 silly fetch manifest minimatch@^3.1.5
387 silly packumentCache full:https://registry.npmjs.org/minimatch cache-miss
388 silly fetch manifest import-fresh@^3.2.1
389 silly packumentCache full:https://registry.npmjs.org/import-fresh cache-miss
390 silly fetch manifest strip-json-comments@^3.1.1
391 silly packumentCache full:https://registry.npmjs.org/strip-json-comments cache-miss
392 silly fetch manifest levn@^0.4.1
393 silly packumentCache full:https://registry.npmjs.org/levn cache-miss
394 silly fetch manifest @eslint/core@^0.13.0
395 silly packumentCache full:https://registry.npmjs.org/@eslint%2fcore cache-miss
396 silly fetch manifest @humanfs/core@^0.19.2
397 silly packumentCache full:https://registry.npmjs.org/@humanfs%2fcore cache-miss
398 silly fetch manifest @humanfs/types@^0.15.0
399 silly packumentCache full:https://registry.npmjs.org/@humanfs%2ftypes cache-miss
400 silly fetch manifest @humanwhocodes/retry@^0.4.0
401 silly packumentCache full:https://registry.npmjs.org/@humanwhocodes%2fretry cache-miss
402 http cache https://registry.npmjs.org/@eslint%2fcore 18ms (cache hit)
403 silly packumentCache full:https://registry.npmjs.org/@eslint%2fcore set size:58023 disposed:false
404 silly fetch manifest uri-js@^4.2.2
405 silly packumentCache full:https://registry.npmjs.org/uri-js cache-miss
406 http cache https://registry.npmjs.org/espree 21ms (cache hit)
407 silly packumentCache full:https://registry.npmjs.org/espree set size:326080 disposed:false
408 silly fetch manifest fast-deep-equal@^3.1.1
409 silly packumentCache full:https://registry.npmjs.org/fast-deep-equal cache-miss
410 http cache https://registry.npmjs.org/eslint-visitor-keys 25ms (cache hit)
411 silly packumentCache full:https://registry.npmjs.org/eslint-visitor-keys set size:69949 disposed:false
412 silly fetch manifest json-schema-traverse@^0.4.1
413 silly packumentCache full:https://registry.npmjs.org/json-schema-traverse cache-miss
414 http cache https://registry.npmjs.org/debug 26ms (cache hit)
415 silly packumentCache full:https://registry.npmjs.org/debug set size:195840 disposed:false
416 silly fetch manifest fast-json-stable-stringify@^2.0.0
417 silly packumentCache full:https://registry.npmjs.org/fast-json-stable-stringify cache-miss
418 http cache https://registry.npmjs.org/ajv 29ms (cache hit)
419 silly packumentCache full:https://registry.npmjs.org/ajv set size:1142658 disposed:false
420 silly fetch manifest ansi-styles@^4.1.0
421 silly packumentCache full:https://registry.npmjs.org/ansi-styles cache-miss
422 http cache https://registry.npmjs.org/minimatch 38ms (cache hit)
423 silly packumentCache full:https://registry.npmjs.org/minimatch set size:377924 disposed:false
424 silly fetch manifest supports-color@^7.1.0
425 silly packumentCache full:https://registry.npmjs.org/supports-color cache-miss
426 http cache https://registry.npmjs.org/@humanwhocodes%2fretry 39ms (cache hit)
427 silly packumentCache full:https://registry.npmjs.org/@humanwhocodes%2fretry set size:42348 disposed:false
428 silly fetch manifest which@^2.0.1
429 silly packumentCache full:https://registry.npmjs.org/which cache-miss
430 http cache https://registry.npmjs.org/fast-deep-equal 28ms (cache hit)
431 silly packumentCache full:https://registry.npmjs.org/fast-deep-equal set size:48634 disposed:false
432 silly fetch manifest path-key@^3.1.0
433 silly packumentCache full:https://registry.npmjs.org/path-key cache-miss
434 http fetch GET 200 https://registry.npmjs.org/import-fresh 57ms (cache miss)
435 silly packumentCache full:https://registry.npmjs.org/import-fresh set size:undefined disposed:false
436 silly fetch manifest shebang-command@^2.0.0
437 silly packumentCache full:https://registry.npmjs.org/shebang-command cache-miss
438 http fetch GET 200 https://registry.npmjs.org/@humanfs%2ftypes 58ms (cache miss)
439 silly packumentCache full:https://registry.npmjs.org/@humanfs%2ftypes set size:undefined disposed:false
440 silly fetch manifest ms@^2.1.3
441 silly packumentCache full:https://registry.npmjs.org/ms cache-miss
442 http fetch GET 200 https://registry.npmjs.org/@eslint%2fobject-schema 62ms (cache miss)
443 silly packumentCache full:https://registry.npmjs.org/@eslint%2fobject-schema set size:undefined disposed:false
444 silly fetch manifest esrecurse@^4.3.0
445 silly packumentCache full:https://registry.npmjs.org/esrecurse cache-miss
446 http fetch GET 200 https://registry.npmjs.org/levn 63ms (cache miss)
447 silly packumentCache full:https://registry.npmjs.org/levn set size:undefined disposed:false
448 silly fetch manifest estraverse@^5.2.0
449 silly packumentCache full:https://registry.npmjs.org/estraverse cache-miss
450 http fetch GET 200 https://registry.npmjs.org/strip-json-comments 74ms (cache miss)
451 silly packumentCache full:https://registry.npmjs.org/strip-json-comments set size:undefined disposed:false
452 silly fetch manifest acorn@^8.15.0
453 silly packumentCache full:https://registry.npmjs.org/acorn cache-miss
454 http fetch GET 200 https://registry.npmjs.org/@humanfs%2fcore 77ms (cache miss)
455 silly packumentCache full:https://registry.npmjs.org/@humanfs%2fcore set size:undefined disposed:false
456 silly fetch manifest acorn-jsx@^5.3.2
457 silly packumentCache full:https://registry.npmjs.org/acorn-jsx cache-miss
458 http fetch GET 200 https://registry.npmjs.org/fast-json-stable-stringify 55ms (cache miss)
459 silly packumentCache full:https://registry.npmjs.org/fast-json-stable-stringify set size:undefined disposed:false
460 silly fetch manifest estraverse@^5.1.0
461 silly packumentCache full:https://registry.npmjs.org/estraverse cache-miss
462 http fetch GET 200 https://registry.npmjs.org/json-schema-traverse 58ms (cache miss)
463 silly packumentCache full:https://registry.npmjs.org/json-schema-traverse set size:undefined disposed:false
464 silly fetch manifest flat-cache@^4.0.0
465 silly packumentCache full:https://registry.npmjs.org/flat-cache cache-miss
466 http fetch GET 200 https://registry.npmjs.org/uri-js 64ms (cache miss)
467 silly packumentCache full:https://registry.npmjs.org/uri-js set size:undefined disposed:false
468 silly fetch manifest locate-path@^6.0.0
469 silly packumentCache full:https://registry.npmjs.org/locate-path cache-miss
470 http fetch GET 200 https://registry.npmjs.org/supports-color 45ms (cache miss)
471 silly packumentCache full:https://registry.npmjs.org/supports-color set size:undefined disposed:false
472 silly fetch manifest path-exists@^4.0.0
473 silly packumentCache full:https://registry.npmjs.org/path-exists cache-miss
474 http fetch GET 200 https://registry.npmjs.org/ansi-styles 55ms (cache miss)
475 silly packumentCache full:https://registry.npmjs.org/ansi-styles set size:undefined disposed:false
476 silly fetch manifest is-glob@^4.0.3
477 silly packumentCache full:https://registry.npmjs.org/is-glob cache-miss
478 http fetch GET 200 https://registry.npmjs.org/which 49ms (cache miss)
479 silly packumentCache full:https://registry.npmjs.org/which set size:undefined disposed:false
480 silly fetch manifest is-extglob@^2.1.1
481 silly packumentCache full:https://registry.npmjs.org/is-extglob cache-miss
482 http fetch GET 200 https://registry.npmjs.org/js-yaml 93ms (cache miss)
483 silly packumentCache full:https://registry.npmjs.org/js-yaml set size:undefined disposed:false
484 silly fetch manifest brace-expansion@^1.1.7
485 silly packumentCache full:https://registry.npmjs.org/brace-expansion cache-miss
486 http fetch GET 200 https://registry.npmjs.org/shebang-command 37ms (cache miss)
487 silly packumentCache full:https://registry.npmjs.org/shebang-command set size:undefined disposed:false
488 silly fetch manifest prelude-ls@^1.2.1
489 silly packumentCache full:https://registry.npmjs.org/prelude-ls cache-miss
490 http fetch GET 200 https://registry.npmjs.org/path-key 47ms (cache miss)
491 silly packumentCache full:https://registry.npmjs.org/path-key set size:undefined disposed:false
492 silly fetch manifest deep-is@^0.1.3
493 silly packumentCache full:https://registry.npmjs.org/deep-is cache-miss
494 http cache https://registry.npmjs.org/is-glob 15ms (cache hit)
495 silly packumentCache full:https://registry.npmjs.org/is-glob set size:40530 disposed:false
496 silly fetch manifest word-wrap@^1.2.5
497 silly packumentCache full:https://registry.npmjs.org/word-wrap cache-miss
498 http fetch GET 200 https://registry.npmjs.org/esrecurse 45ms (cache miss)
499 silly packumentCache full:https://registry.npmjs.org/esrecurse set size:undefined disposed:false
500 silly fetch manifest type-check@^0.4.0
501 silly packumentCache full:https://registry.npmjs.org/type-check cache-miss
502 http fetch GET 200 https://registry.npmjs.org/ms 50ms (cache miss)
503 silly packumentCache full:https://registry.npmjs.org/ms set size:undefined disposed:false
504 silly fetch manifest fast-levenshtein@^2.0.6
505 silly packumentCache full:https://registry.npmjs.org/fast-levenshtein cache-miss
506 http fetch GET 200 https://registry.npmjs.org/estraverse 47ms (cache miss)
507 silly packumentCache full:https://registry.npmjs.org/estraverse set size:undefined disposed:false
508 http fetch GET 200 https://registry.npmjs.org/estraverse 29ms (cache miss)
509 silly packumentCache full:https://registry.npmjs.org/estraverse set size:undefined disposed:false
510 http fetch GET 200 https://registry.npmjs.org/locate-path 31ms (cache miss)
511 silly packumentCache full:https://registry.npmjs.org/locate-path set size:undefined disposed:false
512 http fetch GET 200 https://registry.npmjs.org/path-exists 29ms (cache miss)
513 silly packumentCache full:https://registry.npmjs.org/path-exists set size:undefined disposed:false
514 http fetch GET 200 https://registry.npmjs.org/is-extglob 27ms (cache miss)
515 silly packumentCache full:https://registry.npmjs.org/is-extglob set size:undefined disposed:false
516 http fetch GET 200 https://registry.npmjs.org/prelude-ls 29ms (cache miss)
517 silly packumentCache full:https://registry.npmjs.org/prelude-ls set size:undefined disposed:false
518 http fetch GET 200 https://registry.npmjs.org/acorn-jsx 49ms (cache miss)
519 silly packumentCache full:https://registry.npmjs.org/acorn-jsx set size:undefined disposed:false
520 http fetch GET 200 https://registry.npmjs.org/flat-cache 46ms (cache miss)
521 silly packumentCache full:https://registry.npmjs.org/flat-cache set size:undefined disposed:false
522 http fetch GET 200 https://registry.npmjs.org/deep-is 28ms (cache miss)
523 silly packumentCache full:https://registry.npmjs.org/deep-is set size:undefined disposed:false
524 http fetch GET 200 https://registry.npmjs.org/type-check 30ms (cache miss)
525 silly packumentCache full:https://registry.npmjs.org/type-check set size:undefined disposed:false
526 http fetch GET 200 https://registry.npmjs.org/fast-levenshtein 28ms (cache miss)
527 silly packumentCache full:https://registry.npmjs.org/fast-levenshtein set size:undefined disposed:false
528 http fetch GET 200 https://registry.npmjs.org/globals 142ms (cache miss)
529 silly packumentCache full:https://registry.npmjs.org/globals set size:undefined disposed:false
530 http fetch GET 200 https://registry.npmjs.org/brace-expansion 51ms (cache miss)
531 silly packumentCache full:https://registry.npmjs.org/brace-expansion set size:undefined disposed:false
532 http fetch GET 200 https://registry.npmjs.org/word-wrap 40ms (cache miss)
533 silly packumentCache full:https://registry.npmjs.org/word-wrap set size:undefined disposed:false
534 http fetch GET 200 https://registry.npmjs.org/acorn 140ms (cache miss)
535 silly packumentCache full:https://registry.npmjs.org/acorn set size:undefined disposed:false
536 silly placeDep node_modules/@eslint-community/eslint-utils eslint-visitor-keys@3.4.3 OK for: @eslint-community/eslint-utils@4.10.1 want: ^3.4.3
537 silly placeDep ROOT @eslint/object-schema@2.1.7 OK for: @eslint/config-array@0.19.2 want: ^2.1.6
538 silly placeDep ROOT globals@14.0.0 OK for: @eslint/eslintrc@3.3.7 want: ^14.0.0
539 silly placeDep ROOT import-fresh@3.3.1 OK for: @eslint/eslintrc@3.3.7 want: ^3.2.1
540 silly placeDep ROOT js-yaml@4.3.2 OK for: @eslint/eslintrc@3.3.7 want: ^4.3.2
541 silly placeDep ROOT strip-json-comments@3.1.1 OK for: @eslint/eslintrc@3.3.7 want: ^3.1.1
542 silly fetch manifest resolve-from@^4.0.0
543 silly packumentCache full:https://registry.npmjs.org/resolve-from cache-miss
544 silly fetch manifest parent-module@^1.0.0
545 silly packumentCache full:https://registry.npmjs.org/parent-module cache-miss
546 silly fetch manifest argparse@^2.0.1
547 silly packumentCache full:https://registry.npmjs.org/argparse cache-miss
548 http fetch GET 200 https://registry.npmjs.org/parent-module 24ms (cache miss)
549 silly packumentCache full:https://registry.npmjs.org/parent-module set size:undefined disposed:false
550 http fetch GET 200 https://registry.npmjs.org/argparse 27ms (cache miss)
551 silly packumentCache full:https://registry.npmjs.org/argparse set size:undefined disposed:false
552 http fetch GET 200 https://registry.npmjs.org/resolve-from 34ms (cache miss)
553 silly packumentCache full:https://registry.npmjs.org/resolve-from set size:undefined disposed:false
554 silly placeDep node_modules/@eslint/plugin-kit @eslint/core@0.13.0 OK for: @eslint/plugin-kit@0.2.8 want: ^0.13.0
555 silly placeDep ROOT levn@0.4.1 OK for: @eslint/plugin-kit@0.2.8 want: ^0.4.1
556 silly fetch manifest type-check@~0.4.0
557 silly packumentCache full:https://registry.npmjs.org/type-check cache-miss
558 http cache https://registry.npmjs.org/type-check 2ms (cache hit)
559 silly packumentCache full:https://registry.npmjs.org/type-check set size:21221 disposed:false
560 silly placeDep ROOT @humanfs/core@0.19.2 OK for: @humanfs/node@0.16.8 want: ^0.19.2
561 silly placeDep ROOT @humanfs/types@0.15.0 OK for: @humanfs/node@0.16.8 want: ^0.15.0
562 silly placeDep ROOT fast-json-stable-stringify@2.1.0 OK for: ajv@6.15.0 want: ^2.0.0
563 silly placeDep ROOT json-schema-traverse@0.4.1 OK for: ajv@6.15.0 want: ^0.4.1
564 silly placeDep ROOT uri-js@4.4.1 OK for: ajv@6.15.0 want: ^4.2.2
565 silly fetch manifest punycode@^2.1.0
566 silly packumentCache full:https://registry.npmjs.org/punycode cache-miss
567 http fetch GET 200 https://registry.npmjs.org/punycode 29ms (cache miss)
568 silly packumentCache full:https://registry.npmjs.org/punycode set size:undefined disposed:false
569 silly placeDep ROOT ansi-styles@4.3.0 OK for: chalk@4.1.2 want: ^4.1.0
570 silly placeDep ROOT supports-color@7.2.0 OK for: chalk@4.1.2 want: ^7.1.0
571 silly fetch manifest color-convert@^2.0.1
572 silly packumentCache full:https://registry.npmjs.org/color-convert cache-miss
573 silly fetch manifest has-flag@^4.0.0
574 silly packumentCache full:https://registry.npmjs.org/has-flag cache-miss
575 http fetch GET 200 https://registry.npmjs.org/has-flag 27ms (cache miss)
576 silly packumentCache full:https://registry.npmjs.org/has-flag set size:undefined disposed:false
577 http fetch GET 200 https://registry.npmjs.org/color-convert 47ms (cache miss)
578 silly packumentCache full:https://registry.npmjs.org/color-convert set size:undefined disposed:false
579 silly placeDep ROOT color-convert@2.0.1 OK for: ansi-styles@4.3.0 want: ^2.0.1
580 silly fetch manifest color-name@~1.1.4
581 silly packumentCache full:https://registry.npmjs.org/color-name cache-miss
582 http fetch GET 200 https://registry.npmjs.org/color-name 32ms (cache miss)
583 silly packumentCache full:https://registry.npmjs.org/color-name set size:undefined disposed:false
584 silly placeDep ROOT color-name@1.1.4 OK for: color-convert@2.0.1 want: ~1.1.4
585 silly placeDep ROOT path-key@3.1.1 OK for: cross-spawn@7.0.6 want: ^3.1.0
586 silly placeDep ROOT shebang-command@2.0.0 OK for: cross-spawn@7.0.6 want: ^2.0.0
587 silly placeDep ROOT which@2.0.2 OK for: cross-spawn@7.0.6 want: ^2.0.1
588 silly fetch manifest shebang-regex@^3.0.0
589 silly packumentCache full:https://registry.npmjs.org/shebang-regex cache-miss
590 silly fetch manifest isexe@^2.0.0
591 silly packumentCache full:https://registry.npmjs.org/isexe cache-miss
592 http fetch GET 200 https://registry.npmjs.org/shebang-regex 31ms (cache miss)
593 silly packumentCache full:https://registry.npmjs.org/shebang-regex set size:undefined disposed:false
594 http fetch GET 200 https://registry.npmjs.org/isexe 35ms (cache miss)
595 silly packumentCache full:https://registry.npmjs.org/isexe set size:undefined disposed:false
596 silly placeDep ROOT ms@2.1.3 OK for: debug@4.4.3 want: ^2.1.3
597 silly fetch manifest eslint@^7.23.0 || ^8.0.0 || ^9.0.0
598 silly packumentCache full:https://registry.npmjs.org/eslint cache-miss
599 http cache https://registry.npmjs.org/eslint 6ms (cache hit)
600 silly packumentCache full:https://registry.npmjs.org/eslint set size:2085131 disposed:false
601 silly fetch manifest typescript@>=3.3.1
602 silly packumentCache full:https://registry.npmjs.org/typescript cache-miss
603 http cache https://registry.npmjs.org/typescript 30ms (cache hit)
604 silly packumentCache full:https://registry.npmjs.org/typescript set size:15693959 disposed:false
605 silly fetch manifest typescript@>=4.8.4 <6.1.0
606 silly packumentCache full:https://registry.npmjs.org/typescript cache-miss
607 http cache https://registry.npmjs.org/typescript 31ms (cache hit)
608 silly packumentCache full:https://registry.npmjs.org/typescript set size:15693959 disposed:false
609 silly fetch manifest eslint-plugin-import-x@*
610 silly packumentCache full:https://registry.npmjs.org/eslint-plugin-import-x cache-miss
611 http fetch GET 200 https://registry.npmjs.org/eslint-plugin-import-x 53ms (cache miss)
612 silly packumentCache full:https://registry.npmjs.org/eslint-plugin-import-x set size:undefined disposed:false
613 silly fetch manifest @typescript-eslint/utils@^8.56.0
614 silly packumentCache full:https://registry.npmjs.org/@typescript-eslint%2futils cache-miss
615 http fetch GET 200 https://registry.npmjs.org/@typescript-eslint%2futils 424ms (cache miss)
616 silly packumentCache full:https://registry.npmjs.org/@typescript-eslint%2futils set size:undefined disposed:false
617 silly placeDep ROOT @next/eslint-plugin-next@15.1.6 OK for: eslint-config-next@15.1.6 want: 15.1.6
618 silly placeDep ROOT @rushstack/eslint-patch@1.16.1 OK for: eslint-config-next@15.1.6 want: ^1.10.3
619 silly placeDep ROOT @typescript-eslint/eslint-plugin@8.70.0 OK for: eslint-config-next@15.1.6 want: ^5.4.2 || ^6.0.0 || ^7.0.0 || ^8.0.0
620 silly placeDep ROOT @typescript-eslint/parser@8.70.0 OK for: @typescript-eslint/eslint-plugin@8.70.0 want: ^8.70.0
621 silly placeDep ROOT eslint-import-resolver-node@0.3.10 OK for: eslint-config-next@15.1.6 want: ^0.3.6
622 silly placeDep ROOT eslint-import-resolver-typescript@3.10.1 OK for: eslint-config-next@15.1.6 want: ^3.5.2
623 silly placeDep ROOT eslint-plugin-import@2.32.0 OK for: eslint-config-next@15.1.6 want: ^2.31.0
624 silly placeDep ROOT eslint-plugin-jsx-a11y@6.10.2 OK for: eslint-config-next@15.1.6 want: ^6.10.0
625 silly placeDep ROOT eslint-plugin-react@7.37.5 OK for: eslint-config-next@15.1.6 want: ^7.37.0
626 silly placeDep ROOT eslint-plugin-react-hooks@5.2.0 OK for: eslint-config-next@15.1.6 want: ^5.0.0
627 silly fetch manifest fast-glob@3.3.1
628 silly packumentCache full:https://registry.npmjs.org/fast-glob cache-miss
629 silly fetch manifest ignore@^7.0.5
630 silly packumentCache full:https://registry.npmjs.org/ignore cache-miss
631 silly fetch manifest ts-api-utils@^2.5.0
632 silly packumentCache full:https://registry.npmjs.org/ts-api-utils cache-miss
633 silly fetch manifest @typescript-eslint/utils@8.70.0
634 silly packumentCache full:https://registry.npmjs.org/@typescript-eslint%2futils cache-miss
635 silly fetch manifest @typescript-eslint/type-utils@8.70.0
636 silly packumentCache full:https://registry.npmjs.org/@typescript-eslint%2ftype-utils cache-miss
637 silly fetch manifest @typescript-eslint/visitor-keys@8.70.0
638 silly packumentCache full:https://registry.npmjs.org/@typescript-eslint%2fvisitor-keys cache-miss
639 silly fetch manifest @typescript-eslint/scope-manager@8.70.0
640 silly packumentCache full:https://registry.npmjs.org/@typescript-eslint%2fscope-manager cache-miss
641 silly fetch manifest @typescript-eslint/types@8.70.0
642 silly packumentCache full:https://registry.npmjs.org/@typescript-eslint%2ftypes cache-miss
643 silly fetch manifest @typescript-eslint/visitor-keys@8.70.0
644 silly packumentCache full:https://registry.npmjs.org/@typescript-eslint%2fvisitor-keys cache-miss
645 silly fetch manifest @typescript-eslint/scope-manager@8.70.0
646 silly packumentCache full:https://registry.npmjs.org/@typescript-eslint%2fscope-manager cache-miss
647 silly fetch manifest @typescript-eslint/typescript-estree@8.70.0
648 silly packumentCache full:https://registry.npmjs.org/@typescript-eslint%2ftypescript-estree cache-miss
649 silly fetch manifest debug@^3.2.7
650 silly packumentCache full:https://registry.npmjs.org/debug cache-hit
651 silly fetch manifest resolve@^2.0.0-next.6
652 silly packumentCache full:https://registry.npmjs.org/resolve cache-miss
653 silly fetch manifest is-core-module@^2.16.1
654 silly packumentCache full:https://registry.npmjs.org/is-core-module cache-miss
655 silly fetch manifest tinyglobby@^0.2.13
656 silly packumentCache full:https://registry.npmjs.org/tinyglobby cache-miss
657 silly fetch manifest stable-hash@^0.0.5
658 silly packumentCache full:https://registry.npmjs.org/stable-hash cache-miss
659 http cache https://registry.npmjs.org/ignore 20ms (cache hit)
660 silly packumentCache full:https://registry.npmjs.org/ignore set size:255101 disposed:false
661 silly fetch manifest get-tsconfig@^4.10.0
662 silly packumentCache full:https://registry.npmjs.org/get-tsconfig cache-miss
663 http cache https://registry.npmjs.org/@typescript-eslint%2futils 35ms (cache hit)
664 silly packumentCache full:https://registry.npmjs.org/@typescript-eslint%2futils set size:10927622 disposed:false
665 silly fetch manifest is-bun-module@^2.0.0
666 silly packumentCache full:https://registry.npmjs.org/is-bun-module cache-miss
667 http fetch GET 200 https://registry.npmjs.org/stable-hash 86ms (cache miss)
668 silly packumentCache full:https://registry.npmjs.org/stable-hash set size:undefined disposed:false
669 silly fetch manifest unrs-resolver@^1.6.2
670 silly packumentCache full:https://registry.npmjs.org/unrs-resolver cache-miss
671 http fetch GET 200 https://registry.npmjs.org/is-core-module 92ms (cache miss)
672 silly packumentCache full:https://registry.npmjs.org/is-core-module set size:undefined disposed:false
673 silly fetch manifest @nolyfill/is-core-module@1.0.39
674 silly packumentCache full:https://registry.npmjs.org/@nolyfill%2fis-core-module cache-miss
675 http fetch GET 200 https://registry.npmjs.org/tinyglobby 93ms (cache miss)
676 silly packumentCache full:https://registry.npmjs.org/tinyglobby set size:undefined disposed:false
677 silly fetch manifest @rtsao/scc@^1.1.0
678 silly packumentCache full:https://registry.npmjs.org/@rtsao%2fscc cache-miss
679 http fetch GET 200 https://registry.npmjs.org/get-tsconfig 75ms (cache miss)
680 silly packumentCache full:https://registry.npmjs.org/get-tsconfig set size:undefined disposed:false
681 silly fetch manifest array-includes@^3.1.9
682 silly packumentCache full:https://registry.npmjs.org/array-includes cache-miss
683 http fetch GET 200 https://registry.npmjs.org/ts-api-utils 99ms (cache miss)
684 silly packumentCache full:https://registry.npmjs.org/ts-api-utils set size:undefined disposed:false
685 silly fetch manifest array.prototype.findlastindex@^1.2.6
686 silly packumentCache full:https://registry.npmjs.org/array.prototype.findlastindex cache-miss
687 http fetch GET 200 https://registry.npmjs.org/fast-glob 121ms (cache miss)
688 silly packumentCache full:https://registry.npmjs.org/fast-glob set size:undefined disposed:false
689 silly fetch manifest array.prototype.flat@^1.3.3
690 silly packumentCache full:https://registry.npmjs.org/array.prototype.flat cache-miss
691 http fetch GET 200 https://registry.npmjs.org/array.prototype.flat 68ms (cache miss)
692 silly packumentCache full:https://registry.npmjs.org/array.prototype.flat set size:undefined disposed:false
693 silly fetch manifest array.prototype.flatmap@^1.3.3
694 silly packumentCache full:https://registry.npmjs.org/array.prototype.flatmap cache-miss
695 http fetch GET 200 https://registry.npmjs.org/resolve 330ms (cache miss)
696 silly packumentCache full:https://registry.npmjs.org/resolve set size:undefined disposed:false
697 silly fetch manifest doctrine@^2.1.0
698 silly packumentCache full:https://registry.npmjs.org/doctrine cache-miss
699 http fetch GET 200 https://registry.npmjs.org/array.prototype.findlastindex 250ms (cache miss)
700 silly packumentCache full:https://registry.npmjs.org/array.prototype.findlastindex set size:undefined disposed:false
701 silly fetch manifest eslint-module-utils@^2.12.1
702 silly packumentCache full:https://registry.npmjs.org/eslint-module-utils cache-miss
703 http fetch GET 200 https://registry.npmjs.org/doctrine 38ms (cache miss)
704 silly packumentCache full:https://registry.npmjs.org/doctrine set size:undefined disposed:false
705 silly fetch manifest hasown@^2.0.2
706 silly packumentCache full:https://registry.npmjs.org/hasown cache-miss
707 http fetch GET 200 https://registry.npmjs.org/unrs-resolver 305ms (cache miss)
708 silly packumentCache full:https://registry.npmjs.org/unrs-resolver set size:undefined disposed:false
709 silly fetch manifest object.fromentries@^2.0.8
710 silly packumentCache full:https://registry.npmjs.org/object.fromentries cache-miss
711 http fetch GET 200 https://registry.npmjs.org/@rtsao%2fscc 320ms (cache miss)
712 silly packumentCache full:https://registry.npmjs.org/@rtsao%2fscc set size:undefined disposed:false
713 silly fetch manifest object.groupby@^1.0.3
714 silly packumentCache full:https://registry.npmjs.org/object.groupby cache-miss
715 http fetch GET 200 https://registry.npmjs.org/object.fromentries 51ms (cache miss)
716 silly packumentCache full:https://registry.npmjs.org/object.fromentries set size:undefined disposed:false
717 silly fetch manifest object.values@^1.2.1
718 silly packumentCache full:https://registry.npmjs.org/object.values cache-miss
719 http fetch GET 200 https://registry.npmjs.org/array.prototype.flatmap 266ms (cache miss)
720 silly packumentCache full:https://registry.npmjs.org/array.prototype.flatmap set size:undefined disposed:false
721 silly fetch manifest semver@^6.3.1
722 silly packumentCache full:https://registry.npmjs.org/semver cache-miss
723 http fetch GET 200 https://registry.npmjs.org/object.groupby 56ms (cache miss)
724 silly packumentCache full:https://registry.npmjs.org/object.groupby set size:undefined disposed:false
725 silly fetch manifest string.prototype.trimend@^1.0.9
726 silly packumentCache full:https://registry.npmjs.org/string.prototype.trimend cache-miss
727 http fetch GET 200 https://registry.npmjs.org/object.values 43ms (cache miss)
728 silly packumentCache full:https://registry.npmjs.org/object.values set size:undefined disposed:false
729 silly fetch manifest tsconfig-paths@^3.15.0
730 silly packumentCache full:https://registry.npmjs.org/tsconfig-paths cache-miss
731 http fetch GET 200 https://registry.npmjs.org/tsconfig-paths 96ms (cache miss)
732 silly packumentCache full:https://registry.npmjs.org/tsconfig-paths set size:undefined disposed:false
733 silly fetch manifest aria-query@^5.3.2
734 silly packumentCache full:https://registry.npmjs.org/aria-query cache-miss
735 http fetch GET 200 https://registry.npmjs.org/semver 150ms (cache miss)
736 silly packumentCache full:https://registry.npmjs.org/semver set size:undefined disposed:false
737 silly fetch manifest array-includes@^3.1.8
738 silly packumentCache full:https://registry.npmjs.org/array-includes cache-miss
739 http fetch GET 200 https://registry.npmjs.org/aria-query 66ms (cache miss)
740 silly packumentCache full:https://registry.npmjs.org/aria-query set size:undefined disposed:false
741 silly fetch manifest array.prototype.flatmap@^1.3.2
742 silly packumentCache full:https://registry.npmjs.org/array.prototype.flatmap cache-miss
743 http cache https://registry.npmjs.org/array.prototype.flatmap 3ms (cache hit)
744 silly packumentCache full:https://registry.npmjs.org/array.prototype.flatmap set size:51458 disposed:false
745 silly fetch manifest ast-types-flow@^0.0.8
746 silly packumentCache full:https://registry.npmjs.org/ast-types-flow cache-miss
747 http fetch GET 200 https://registry.npmjs.org/array-includes 55ms (cache miss)
748 silly packumentCache full:https://registry.npmjs.org/array-includes set size:undefined disposed:false
749 silly fetch manifest axe-core@^4.10.0
750 silly packumentCache full:https://registry.npmjs.org/axe-core cache-miss
751 http fetch GET 200 https://registry.npmjs.org/hasown 302ms (cache miss)
752 silly packumentCache full:https://registry.npmjs.org/hasown set size:undefined disposed:false
753 silly fetch manifest axobject-query@^4.1.0
754 silly packumentCache full:https://registry.npmjs.org/axobject-query cache-miss
755 http fetch GET 200 https://registry.npmjs.org/ast-types-flow 237ms (cache miss)
756 silly packumentCache full:https://registry.npmjs.org/ast-types-flow set size:undefined disposed:false
757 silly fetch manifest damerau-levenshtein@^1.0.8
758 silly packumentCache full:https://registry.npmjs.org/damerau-levenshtein cache-miss
759 http fetch GET 200 https://registry.npmjs.org/damerau-levenshtein 37ms (cache miss)
760 silly packumentCache full:https://registry.npmjs.org/damerau-levenshtein set size:undefined disposed:false
761 silly fetch manifest emoji-regex@^9.2.2
762 silly packumentCache full:https://registry.npmjs.org/emoji-regex cache-miss
763 http fetch GET 200 https://registry.npmjs.org/emoji-regex 82ms (cache miss)
764 silly packumentCache full:https://registry.npmjs.org/emoji-regex set size:undefined disposed:false
765 silly fetch manifest jsx-ast-utils@^3.3.5
766 silly packumentCache full:https://registry.npmjs.org/jsx-ast-utils cache-miss
767 http fetch GET 200 https://registry.npmjs.org/eslint-module-utils 674ms (cache miss)
768 silly packumentCache full:https://registry.npmjs.org/eslint-module-utils set size:undefined disposed:false
769 silly fetch manifest language-tags@^1.0.9
770 silly packumentCache full:https://registry.npmjs.org/language-tags cache-miss
771 http fetch GET 200 https://registry.npmjs.org/string.prototype.trimend 678ms (cache miss)
772 silly packumentCache full:https://registry.npmjs.org/string.prototype.trimend set size:undefined disposed:false
773 silly fetch manifest safe-regex-test@^1.0.3
774 silly packumentCache full:https://registry.npmjs.org/safe-regex-test cache-miss
775 http fetch GET 200 https://registry.npmjs.org/safe-regex-test 39ms (cache miss)
776 silly packumentCache full:https://registry.npmjs.org/safe-regex-test set size:undefined disposed:false
777 silly fetch manifest string.prototype.includes@^2.0.1
778 silly packumentCache full:https://registry.npmjs.org/string.prototype.includes cache-miss
779 http fetch GET 200 https://registry.npmjs.org/string.prototype.includes 33ms (cache miss)
780 silly packumentCache full:https://registry.npmjs.org/string.prototype.includes set size:undefined disposed:false
781 silly fetch manifest array.prototype.findlast@^1.2.5
782 silly packumentCache full:https://registry.npmjs.org/array.prototype.findlast cache-miss
783 http fetch GET 200 https://registry.npmjs.org/jsx-ast-utils 284ms (cache miss)
784 silly packumentCache full:https://registry.npmjs.org/jsx-ast-utils set size:undefined disposed:false
785 silly fetch manifest array.prototype.tosorted@^1.1.4
786 silly packumentCache full:https://registry.npmjs.org/array.prototype.tosorted cache-miss
787 http fetch GET 200 https://registry.npmjs.org/array.prototype.tosorted 39ms (cache miss)
788 silly packumentCache full:https://registry.npmjs.org/array.prototype.tosorted set size:undefined disposed:false
789 silly fetch manifest es-iterator-helpers@^1.2.1
790 silly packumentCache full:https://registry.npmjs.org/es-iterator-helpers cache-miss
791 http fetch GET 200 https://registry.npmjs.org/axobject-query 739ms (cache miss)
792 silly packumentCache full:https://registry.npmjs.org/axobject-query set size:undefined disposed:false
793 silly fetch manifest estraverse@^5.3.0
794 silly packumentCache full:https://registry.npmjs.org/estraverse cache-miss
795 http cache https://registry.npmjs.org/estraverse 4ms (cache hit)
796 silly packumentCache full:https://registry.npmjs.org/estraverse set size:62412 disposed:false
797 silly fetch manifest jsx-ast-utils@^2.4.1 || ^3.0.0
798 silly packumentCache full:https://registry.npmjs.org/jsx-ast-utils cache-miss
799 http cache https://registry.npmjs.org/jsx-ast-utils 3ms (cache hit)
800 silly packumentCache full:https://registry.npmjs.org/jsx-ast-utils set size:115998 disposed:false
801 silly fetch manifest object.entries@^1.1.9
802 silly packumentCache full:https://registry.npmjs.org/object.entries cache-miss
803 http fetch GET 200 https://registry.npmjs.org/array-includes 1532ms (cache miss)
804 silly packumentCache full:https://registry.npmjs.org/array-includes set size:undefined disposed:false
805 silly fetch manifest prop-types@^15.8.1
806 silly packumentCache full:https://registry.npmjs.org/prop-types cache-miss
807 http fetch GET 200 https://registry.npmjs.org/object.entries 252ms (cache miss)
808 silly packumentCache full:https://registry.npmjs.org/object.entries set size:undefined disposed:false
809 silly fetch manifest resolve@^2.0.0-next.5
810 silly packumentCache full:https://registry.npmjs.org/resolve cache-miss
811 http fetch GET 200 https://registry.npmjs.org/prop-types 48ms (cache miss)
812 silly packumentCache full:https://registry.npmjs.org/prop-types set size:undefined disposed:false
813 silly fetch manifest string.prototype.matchall@^4.0.12
814 silly packumentCache full:https://registry.npmjs.org/string.prototype.matchall cache-miss
815 http cache https://registry.npmjs.org/resolve 6ms (cache hit)
816 silly packumentCache full:https://registry.npmjs.org/resolve set size:244568 disposed:false
817 silly fetch manifest string.prototype.repeat@^1.0.0
818 silly packumentCache full:https://registry.npmjs.org/string.prototype.repeat cache-miss
819 http fetch GET 200 https://registry.npmjs.org/is-bun-module 1638ms (cache miss)
820 silly packumentCache full:https://registry.npmjs.org/is-bun-module set size:undefined disposed:false
821 http fetch GET 200 https://registry.npmjs.org/string.prototype.matchall 46ms (cache miss)
822 silly packumentCache full:https://registry.npmjs.org/string.prototype.matchall set size:undefined disposed:false
823 http fetch GET 200 https://registry.npmjs.org/array.prototype.findlast 660ms (cache miss)
824 silly packumentCache full:https://registry.npmjs.org/array.prototype.findlast set size:undefined disposed:false
825 http fetch GET 200 https://registry.npmjs.org/language-tags 884ms (cache miss)
826 silly packumentCache full:https://registry.npmjs.org/language-tags set size:undefined disposed:false
827 http fetch GET 200 https://registry.npmjs.org/string.prototype.repeat 669ms (cache miss)
828 silly packumentCache full:https://registry.npmjs.org/string.prototype.repeat set size:undefined disposed:false
829 http fetch GET 200 https://registry.npmjs.org/@typescript-eslint%2fvisitor-keys 2559ms (cache miss)
830 silly packumentCache full:https://registry.npmjs.org/@typescript-eslint%2fvisitor-keys set size:undefined disposed:false
831 http fetch GET 200 https://registry.npmjs.org/@typescript-eslint%2ftype-utils 3089ms (cache miss)
832 silly packumentCache full:https://registry.npmjs.org/@typescript-eslint%2ftype-utils set size:undefined disposed:false
833 http fetch GET 200 https://registry.npmjs.org/es-iterator-helpers 1777ms (cache miss)
834 silly packumentCache full:https://registry.npmjs.org/es-iterator-helpers set size:undefined disposed:false
835 http fetch GET 200 https://registry.npmjs.org/axe-core 2555ms (cache miss)
836 silly packumentCache full:https://registry.npmjs.org/axe-core set size:undefined disposed:false
837 http fetch GET 200 https://registry.npmjs.org/@typescript-eslint%2fvisitor-keys 3762ms (cache miss)
838 silly packumentCache full:https://registry.npmjs.org/@typescript-eslint%2fvisitor-keys set size:undefined disposed:false
839 http fetch GET 200 https://registry.npmjs.org/@typescript-eslint%2fscope-manager 3816ms (cache miss)
840 silly packumentCache full:https://registry.npmjs.org/@typescript-eslint%2fscope-manager set size:undefined disposed:false
841 http fetch GET 200 https://registry.npmjs.org/@typescript-eslint%2ftypes 4030ms (cache miss)
842 silly packumentCache full:https://registry.npmjs.org/@typescript-eslint%2ftypes set size:undefined disposed:false
843 http fetch GET 200 https://registry.npmjs.org/@nolyfill%2fis-core-module 4126ms (cache miss)
844 silly packumentCache full:https://registry.npmjs.org/@nolyfill%2fis-core-module set size:undefined disposed:false
845 http fetch GET 200 https://registry.npmjs.org/@typescript-eslint%2ftypescript-estree 4707ms (cache miss)
846 silly packumentCache full:https://registry.npmjs.org/@typescript-eslint%2ftypescript-estree set size:undefined disposed:false
847 http fetch GET 200 https://registry.npmjs.org/@typescript-eslint%2fscope-manager 7197ms (cache miss)
848 silly packumentCache full:https://registry.npmjs.org/@typescript-eslint%2fscope-manager set size:undefined disposed:false
849 silly placeDep ROOT fast-glob@3.3.1 OK for: @next/eslint-plugin-next@15.1.6 want: 3.3.1
850 silly fetch manifest merge2@^1.3.0
851 silly packumentCache full:https://registry.npmjs.org/merge2 cache-miss
852 silly fetch manifest micromatch@^4.0.4
853 silly packumentCache full:https://registry.npmjs.org/micromatch cache-miss
854 silly fetch manifest glob-parent@^5.1.2
855 silly packumentCache full:https://registry.npmjs.org/glob-parent cache-miss
856 silly fetch manifest @nodelib/fs.stat@^2.0.2
857 silly packumentCache full:https://registry.npmjs.org/@nodelib%2ffs.stat cache-miss
858 silly fetch manifest @nodelib/fs.walk@^1.2.3
859 silly packumentCache full:https://registry.npmjs.org/@nodelib%2ffs.walk cache-miss
860 http cache https://registry.npmjs.org/glob-parent 5ms (cache hit)
861 silly packumentCache full:https://registry.npmjs.org/glob-parent set size:42445 disposed:false
862 http fetch GET 200 https://registry.npmjs.org/merge2 28ms (cache miss)
863 silly packumentCache full:https://registry.npmjs.org/merge2 set size:undefined disposed:false
864 http fetch GET 200 https://registry.npmjs.org/@nodelib%2ffs.walk 44ms (cache miss)
865 silly packumentCache full:https://registry.npmjs.org/@nodelib%2ffs.walk set size:undefined disposed:false
866 http fetch GET 200 https://registry.npmjs.org/micromatch 54ms (cache miss)
867 silly packumentCache full:https://registry.npmjs.org/micromatch set size:undefined disposed:false
868 http fetch GET 200 https://registry.npmjs.org/@nodelib%2ffs.stat 285ms (cache miss)
869 silly packumentCache full:https://registry.npmjs.org/@nodelib%2ffs.stat set size:undefined disposed:false
870 silly fetch manifest eslint@^8.57.0 || ^9.0.0 || ^10.0.0
871 silly packumentCache full:https://registry.npmjs.org/eslint cache-miss
872 http cache https://registry.npmjs.org/eslint 9ms (cache hit)
873 silly packumentCache full:https://registry.npmjs.org/eslint set size:2085131 disposed:false
874 silly placeDep ROOT @typescript-eslint/scope-manager@8.70.0 OK for: @typescript-eslint/eslint-plugin@8.70.0 want: 8.70.0
875 silly placeDep ROOT @typescript-eslint/type-utils@8.70.0 OK for: @typescript-eslint/eslint-plugin@8.70.0 want: 8.70.0
876 silly placeDep ROOT @typescript-eslint/utils@8.70.0 OK for: @typescript-eslint/eslint-plugin@8.70.0 want: 8.70.0
877 silly placeDep ROOT @typescript-eslint/visitor-keys@8.70.0 OK for: @typescript-eslint/eslint-plugin@8.70.0 want: 8.70.0
878 silly placeDep node_modules/@typescript-eslint/eslint-plugin ignore@7.0.9 OK for: @typescript-eslint/eslint-plugin@8.70.0 want: ^7.0.5
879 silly placeDep ROOT ts-api-utils@2.5.0 OK for: @typescript-eslint/eslint-plugin@8.70.0 want: ^2.5.0
880 silly fetch manifest eslint-visitor-keys@^5.0.0
881 silly packumentCache full:https://registry.npmjs.org/eslint-visitor-keys cache-hit
882 silly placeDep ROOT @typescript-eslint/types@8.70.0 OK for: @typescript-eslint/parser@8.70.0 want: 8.70.0
883 silly placeDep ROOT @typescript-eslint/typescript-estree@8.70.0 OK for: @typescript-eslint/parser@8.70.0 want: 8.70.0
884 silly fetch manifest semver@^7.7.3
885 silly packumentCache full:https://registry.npmjs.org/semver cache-miss
886 silly fetch manifest minimatch@^10.2.2
887 silly packumentCache full:https://registry.npmjs.org/minimatch cache-hit
888 silly fetch manifest tinyglobby@^0.2.15
889 silly packumentCache full:https://registry.npmjs.org/tinyglobby cache-miss
890 silly fetch manifest @typescript-eslint/tsconfig-utils@8.70.0
891 silly packumentCache full:https://registry.npmjs.org/@typescript-eslint%2ftsconfig-utils cache-miss
892 silly fetch manifest @typescript-eslint/project-service@8.70.0
893 silly packumentCache full:https://registry.npmjs.org/@typescript-eslint%2fproject-service cache-miss
894 http cache https://registry.npmjs.org/tinyglobby 14ms (cache hit)
895 silly packumentCache full:https://registry.npmjs.org/tinyglobby set size:54291 disposed:false
896 http cache https://registry.npmjs.org/semver 15ms (cache hit)
897 silly packumentCache full:https://registry.npmjs.org/semver set size:246128 disposed:false
898 http fetch GET 200 https://registry.npmjs.org/@typescript-eslint%2ftsconfig-utils 152ms (cache miss)
899 silly packumentCache full:https://registry.npmjs.org/@typescript-eslint%2ftsconfig-utils set size:undefined disposed:false
900 http fetch GET 200 https://registry.npmjs.org/@typescript-eslint%2fproject-service 441ms (cache miss)
901 silly packumentCache full:https://registry.npmjs.org/@typescript-eslint%2fproject-service set size:undefined disposed:false
902 silly placeDep ROOT @typescript-eslint/project-service@8.70.0 OK for: @typescript-eslint/typescript-estree@8.70.0 want: 8.70.0
903 silly placeDep ROOT @typescript-eslint/tsconfig-utils@8.70.0 OK for: @typescript-eslint/typescript-estree@8.70.0 want: 8.70.0
904 silly placeDep node_modules/@typescript-eslint/typescript-estree minimatch@10.2.6 OK for: @typescript-eslint/typescript-estree@8.70.0 want: ^10.2.2
905 silly placeDep ROOT semver@7.8.5 OK for: @typescript-eslint/typescript-estree@8.70.0 want: ^7.7.3
906 silly placeDep ROOT tinyglobby@0.2.17 OK for: @typescript-eslint/typescript-estree@8.70.0 want: ^0.2.15
907 silly fetch manifest @typescript-eslint/tsconfig-utils@^8.70.0
908 silly packumentCache full:https://registry.npmjs.org/@typescript-eslint%2ftsconfig-utils cache-miss
909 silly fetch manifest brace-expansion@^5.0.8
910 silly packumentCache full:https://registry.npmjs.org/brace-expansion cache-miss
911 silly fetch manifest fdir@^6.5.0
912 silly packumentCache full:https://registry.npmjs.org/fdir cache-miss
913 silly fetch manifest picomatch@^4.0.4
914 silly packumentCache full:https://registry.npmjs.org/picomatch cache-miss
915 http cache https://registry.npmjs.org/brace-expansion 8ms (cache hit)
916 silly packumentCache full:https://registry.npmjs.org/brace-expansion set size:128514 disposed:false
917 http cache https://registry.npmjs.org/@typescript-eslint%2ftsconfig-utils 11ms (cache hit)
918 silly packumentCache full:https://registry.npmjs.org/@typescript-eslint%2ftsconfig-utils set size:1895011 disposed:false
919 http fetch GET 200 https://registry.npmjs.org/picomatch 118ms (cache miss)
920 silly packumentCache full:https://registry.npmjs.org/picomatch set size:undefined disposed:false
921 http fetch GET 200 https://registry.npmjs.org/fdir 306ms (cache miss)
922 silly packumentCache full:https://registry.npmjs.org/fdir set size:undefined disposed:false
923 silly placeDep node_modules/@typescript-eslint/visitor-keys eslint-visitor-keys@5.0.1 OK for: @typescript-eslint/visitor-keys@8.70.0 want: ^5.0.0
924 silly placeDep node_modules/eslint-import-resolver-node debug@3.2.7 OK for: eslint-import-resolver-node@0.3.10 want: ^3.2.7
925 silly placeDep ROOT is-core-module@2.17.0 OK for: eslint-import-resolver-node@0.3.10 want: ^2.16.1
926 silly placeDep ROOT resolve@2.0.0-next.7 OK for: eslint-import-resolver-node@0.3.10 want: ^2.0.0-next.6
927 silly fetch manifest hasown@^2.0.4
928 silly packumentCache full:https://registry.npmjs.org/hasown cache-miss
929 silly fetch manifest es-errors@^1.3.0
930 silly packumentCache full:https://registry.npmjs.org/es-errors cache-miss
931 silly fetch manifest node-exports-info@^1.6.0
932 silly packumentCache full:https://registry.npmjs.org/node-exports-info cache-miss
933 silly fetch manifest object-keys@^1.1.1
934 silly packumentCache full:https://registry.npmjs.org/object-keys cache-miss
935 silly fetch manifest path-parse@^1.0.7
936 silly packumentCache full:https://registry.npmjs.org/path-parse cache-miss
937 silly fetch manifest supports-preserve-symlinks-flag@^1.0.0
938 silly packumentCache full:https://registry.npmjs.org/supports-preserve-symlinks-flag cache-miss
939 http cache https://registry.npmjs.org/hasown 4ms (cache hit)
940 silly packumentCache full:https://registry.npmjs.org/hasown set size:18361 disposed:false
941 http fetch GET 200 https://registry.npmjs.org/path-parse 21ms (cache miss)
942 silly packumentCache full:https://registry.npmjs.org/path-parse set size:undefined disposed:false
943 http fetch GET 200 https://registry.npmjs.org/object-keys 26ms (cache miss)
944 silly packumentCache full:https://registry.npmjs.org/object-keys set size:undefined disposed:false
945 http fetch GET 200 https://registry.npmjs.org/supports-preserve-symlinks-flag 35ms (cache miss)
946 silly packumentCache full:https://registry.npmjs.org/supports-preserve-symlinks-flag set size:undefined disposed:false
947 http fetch GET 200 https://registry.npmjs.org/es-errors 247ms (cache miss)
948 silly packumentCache full:https://registry.npmjs.org/es-errors set size:undefined disposed:false
949 http fetch GET 200 https://registry.npmjs.org/node-exports-info 745ms (cache miss)
950 silly packumentCache full:https://registry.npmjs.org/node-exports-info set size:undefined disposed:false
951 silly placeDep ROOT @nolyfill/is-core-module@1.0.39 OK for: eslint-import-resolver-typescript@3.10.1 want: 1.0.39
952 silly placeDep ROOT get-tsconfig@4.14.3 OK for: eslint-import-resolver-typescript@3.10.1 want: ^4.10.0
953 silly placeDep ROOT is-bun-module@2.0.0 OK for: eslint-import-resolver-typescript@3.10.1 want: ^2.0.0
954 silly placeDep ROOT stable-hash@0.0.5 OK for: eslint-import-resolver-typescript@3.10.1 want: ^0.0.5
955 silly placeDep ROOT unrs-resolver@1.12.2 OK for: eslint-import-resolver-typescript@3.10.1 want: ^1.6.2
956 silly fetch manifest resolve-pkg-maps@^1.0.0
957 silly packumentCache full:https://registry.npmjs.org/resolve-pkg-maps cache-miss
958 silly fetch manifest napi-postinstall@^0.3.4
959 silly packumentCache full:https://registry.npmjs.org/napi-postinstall cache-miss
960 silly fetch manifest @unrs/resolver-binding-darwin-arm64@1.12.2
961 silly packumentCache full:https://registry.npmjs.org/@unrs%2fresolver-binding-darwin-arm64 cache-miss
962 silly fetch manifest @unrs/resolver-binding-android-arm64@1.12.2
963 silly packumentCache full:https://registry.npmjs.org/@unrs%2fresolver-binding-android-arm64 cache-miss
964 silly fetch manifest @unrs/resolver-binding-win32-arm64-msvc@1.12.2
965 silly packumentCache full:https://registry.npmjs.org/@unrs%2fresolver-binding-win32-arm64-msvc cache-miss
966 silly fetch manifest @unrs/resolver-binding-linux-arm64-gnu@1.12.2
967 silly packumentCache full:https://registry.npmjs.org/@unrs%2fresolver-binding-linux-arm64-gnu cache-miss
968 silly fetch manifest @unrs/resolver-binding-linux-arm64-musl@1.12.2
969 silly packumentCache full:https://registry.npmjs.org/@unrs%2fresolver-binding-linux-arm64-musl cache-miss
970 silly fetch manifest @unrs/resolver-binding-openharmony-arm64@1.12.2
971 silly packumentCache full:https://registry.npmjs.org/@unrs%2fresolver-binding-openharmony-arm64 cache-miss
972 silly fetch manifest @unrs/resolver-binding-android-arm-eabi@1.12.2
973 silly packumentCache full:https://registry.npmjs.org/@unrs%2fresolver-binding-android-arm-eabi cache-miss
974 silly fetch manifest @unrs/resolver-binding-linux-arm-gnueabihf@1.12.2
975 silly packumentCache full:https://registry.npmjs.org/@unrs%2fresolver-binding-linux-arm-gnueabihf cache-miss
976 silly fetch manifest @unrs/resolver-binding-linux-arm-musleabihf@1.12.2
977 silly packumentCache full:https://registry.npmjs.org/@unrs%2fresolver-binding-linux-arm-musleabihf cache-miss
978 silly fetch manifest @unrs/resolver-binding-win32-ia32-msvc@1.12.2
979 silly packumentCache full:https://registry.npmjs.org/@unrs%2fresolver-binding-win32-ia32-msvc cache-miss
980 silly fetch manifest @unrs/resolver-binding-linux-loong64-gnu@1.12.2
981 silly packumentCache full:https://registry.npmjs.org/@unrs%2fresolver-binding-linux-loong64-gnu cache-miss
982 silly fetch manifest @unrs/resolver-binding-linux-loong64-musl@1.12.2
983 silly packumentCache full:https://registry.npmjs.org/@unrs%2fresolver-binding-linux-loong64-musl cache-miss
984 silly fetch manifest @unrs/resolver-binding-linux-ppc64-gnu@1.12.2
985 silly packumentCache full:https://registry.npmjs.org/@unrs%2fresolver-binding-linux-ppc64-gnu cache-miss
986 http fetch GET 200 https://registry.npmjs.org/resolve-pkg-maps 24ms (cache miss)
987 silly packumentCache full:https://registry.npmjs.org/resolve-pkg-maps set size:undefined disposed:false
988 silly fetch manifest @unrs/resolver-binding-linux-riscv64-gnu@1.12.2
989 silly packumentCache full:https://registry.npmjs.org/@unrs%2fresolver-binding-linux-riscv64-gnu cache-miss
990 http fetch GET 200 https://registry.npmjs.org/napi-postinstall 31ms (cache miss)
991 silly packumentCache full:https://registry.npmjs.org/napi-postinstall set size:undefined disposed:false
992 silly fetch manifest @unrs/resolver-binding-linux-riscv64-musl@1.12.2
993 silly packumentCache full:https://registry.npmjs.org/@unrs%2fresolver-binding-linux-riscv64-musl cache-miss
994 http fetch GET 200 https://registry.npmjs.org/@unrs%2fresolver-binding-linux-loong64-musl 34ms (cache miss)
995 silly packumentCache full:https://registry.npmjs.org/@unrs%2fresolver-binding-linux-loong64-musl set size:undefined disposed:false
996 silly fetch manifest @unrs/resolver-binding-linux-s390x-gnu@1.12.2
997 silly packumentCache full:https://registry.npmjs.org/@unrs%2fresolver-binding-linux-s390x-gnu cache-miss
998 http fetch GET 200 https://registry.npmjs.org/@unrs%2fresolver-binding-linux-arm64-musl 35ms (cache miss)
999 silly packumentCache full:https://registry.npmjs.org/@unrs%2fresolver-binding-linux-arm64-musl set size:undefined disposed:false
1000 silly fetch manifest @unrs/resolver-binding-wasm32-wasi@1.12.2
1001 silly packumentCache full:https://registry.npmjs.org/@unrs%2fresolver-binding-wasm32-wasi cache-miss
1002 http fetch GET 200 https://registry.npmjs.org/@unrs%2fresolver-binding-linux-arm-musleabihf 46ms (cache miss)
1003 silly packumentCache full:https://registry.npmjs.org/@unrs%2fresolver-binding-linux-arm-musleabihf set size:undefined disposed:false
1004 silly fetch manifest @unrs/resolver-binding-darwin-x64@1.12.2
1005 silly packumentCache full:https://registry.npmjs.org/@unrs%2fresolver-binding-darwin-x64 cache-miss
1006 http fetch GET 200 https://registry.npmjs.org/@unrs%2fresolver-binding-linux-loong64-gnu 54ms (cache miss)
1007 silly packumentCache full:https://registry.npmjs.org/@unrs%2fresolver-binding-linux-loong64-gnu set size:undefined disposed:false
1008 silly fetch manifest @unrs/resolver-binding-win32-x64-msvc@1.12.2
1009 silly packumentCache full:https://registry.npmjs.org/@unrs%2fresolver-binding-win32-x64-msvc cache-miss
1010 http fetch GET 200 https://registry.npmjs.org/@unrs%2fresolver-binding-win32-ia32-msvc 55ms (cache miss)
1011 silly packumentCache full:https://registry.npmjs.org/@unrs%2fresolver-binding-win32-ia32-msvc set size:undefined disposed:false
1012 silly fetch manifest @unrs/resolver-binding-freebsd-x64@1.12.2
1013 silly packumentCache full:https://registry.npmjs.org/@unrs%2fresolver-binding-freebsd-x64 cache-miss
1014 http fetch GET 200 https://registry.npmjs.org/@unrs%2fresolver-binding-linux-arm64-gnu 57ms (cache miss)
1015 silly packumentCache full:https://registry.npmjs.org/@unrs%2fresolver-binding-linux-arm64-gnu set size:undefined disposed:false
1016 silly fetch manifest @unrs/resolver-binding-linux-x64-gnu@1.12.2
1017 silly packumentCache full:https://registry.npmjs.org/@unrs%2fresolver-binding-linux-x64-gnu cache-miss
1018 http fetch GET 200 https://registry.npmjs.org/@unrs%2fresolver-binding-linux-arm-gnueabihf 59ms (cache miss)
1019 silly packumentCache full:https://registry.npmjs.org/@unrs%2fresolver-binding-linux-arm-gnueabihf set size:undefined disposed:false
1020 silly fetch manifest @unrs/resolver-binding-linux-x64-musl@1.12.2
1021 silly packumentCache full:https://registry.npmjs.org/@unrs%2fresolver-binding-linux-x64-musl cache-miss
1022 http fetch GET 200 https://registry.npmjs.org/@unrs%2fresolver-binding-linux-ppc64-gnu 64ms (cache miss)
1023 silly packumentCache full:https://registry.npmjs.org/@unrs%2fresolver-binding-linux-ppc64-gnu set size:undefined disposed:false
1024 http fetch GET 200 https://registry.npmjs.org/@unrs%2fresolver-binding-linux-riscv64-musl 41ms (cache miss)
1025 silly packumentCache full:https://registry.npmjs.org/@unrs%2fresolver-binding-linux-riscv64-musl set size:undefined disposed:false
1026 http fetch GET 200 https://registry.npmjs.org/@unrs%2fresolver-binding-wasm32-wasi 45ms (cache miss)
1027 silly packumentCache full:https://registry.npmjs.org/@unrs%2fresolver-binding-wasm32-wasi set size:undefined disposed:false
1028 http fetch GET 200 https://registry.npmjs.org/@unrs%2fresolver-binding-darwin-x64 33ms (cache miss)
1029 silly packumentCache full:https://registry.npmjs.org/@unrs%2fresolver-binding-darwin-x64 set size:undefined disposed:false
1030 http fetch GET 200 https://registry.npmjs.org/@unrs%2fresolver-binding-win32-x64-msvc 38ms (cache miss)
1031 silly packumentCache full:https://registry.npmjs.org/@unrs%2fresolver-binding-win32-x64-msvc set size:undefined disposed:false
1032 http fetch GET 200 https://registry.npmjs.org/@unrs%2fresolver-binding-linux-x64-musl 42ms (cache miss)
1033 silly packumentCache full:https://registry.npmjs.org/@unrs%2fresolver-binding-linux-x64-musl set size:undefined disposed:false
1034 http fetch GET 200 https://registry.npmjs.org/@unrs%2fresolver-binding-freebsd-x64 59ms (cache miss)
1035 silly packumentCache full:https://registry.npmjs.org/@unrs%2fresolver-binding-freebsd-x64 set size:undefined disposed:false
1036 http fetch GET 200 https://registry.npmjs.org/@unrs%2fresolver-binding-darwin-arm64 117ms (cache miss)
1037 silly packumentCache full:https://registry.npmjs.org/@unrs%2fresolver-binding-darwin-arm64 set size:undefined disposed:false
1038 http fetch GET 200 https://registry.npmjs.org/@unrs%2fresolver-binding-openharmony-arm64 268ms (cache miss)
1039 silly packumentCache full:https://registry.npmjs.org/@unrs%2fresolver-binding-openharmony-arm64 set size:undefined disposed:false
1040 http fetch GET 200 https://registry.npmjs.org/@unrs%2fresolver-binding-android-arm-eabi 272ms (cache miss)
1041 silly packumentCache full:https://registry.npmjs.org/@unrs%2fresolver-binding-android-arm-eabi set size:undefined disposed:false
1042 http fetch GET 200 https://registry.npmjs.org/@unrs%2fresolver-binding-android-arm64 273ms (cache miss)
1043 silly packumentCache full:https://registry.npmjs.org/@unrs%2fresolver-binding-android-arm64 set size:undefined disposed:false
1044 http fetch GET 200 https://registry.npmjs.org/@unrs%2fresolver-binding-linux-riscv64-gnu 260ms (cache miss)
1045 silly packumentCache full:https://registry.npmjs.org/@unrs%2fresolver-binding-linux-riscv64-gnu set size:undefined disposed:false
1046 http fetch GET 200 https://registry.npmjs.org/@unrs%2fresolver-binding-linux-x64-gnu 247ms (cache miss)
1047 silly packumentCache full:https://registry.npmjs.org/@unrs%2fresolver-binding-linux-x64-gnu set size:undefined disposed:false
1048 http fetch GET 200 https://registry.npmjs.org/@unrs%2fresolver-binding-linux-s390x-gnu 271ms (cache miss)
1049 silly packumentCache full:https://registry.npmjs.org/@unrs%2fresolver-binding-linux-s390x-gnu set size:undefined disposed:false
1050 http fetch GET 200 https://registry.npmjs.org/@unrs%2fresolver-binding-win32-arm64-msvc 349ms (cache miss)
1051 silly packumentCache full:https://registry.npmjs.org/@unrs%2fresolver-binding-win32-arm64-msvc set size:undefined disposed:false
1052 silly placeDep ROOT @rtsao/scc@1.1.0 OK for: eslint-plugin-import@2.32.0 want: ^1.1.0
1053 silly placeDep ROOT array-includes@3.2.0 OK for: eslint-plugin-import@2.32.0 want: ^3.1.9
1054 silly placeDep ROOT array.prototype.findlastindex@1.2.6 OK for: eslint-plugin-import@2.32.0 want: ^1.2.6
1055 silly placeDep ROOT array.prototype.flat@1.3.3 OK for: eslint-plugin-import@2.32.0 want: ^1.3.3
1056 silly placeDep ROOT array.prototype.flatmap@1.3.3 OK for: eslint-plugin-import@2.32.0 want: ^1.3.3
1057 silly placeDep node_modules/eslint-plugin-import debug@3.2.7 OK for: eslint-plugin-import@2.32.0 want: ^3.2.7
1058 silly placeDep ROOT doctrine@2.1.0 OK for: eslint-plugin-import@2.32.0 want: ^2.1.0
1059 silly placeDep ROOT eslint-module-utils@2.14.0 OK for: eslint-plugin-import@2.32.0 want: ^2.12.1
1060 silly placeDep ROOT hasown@2.0.4 OK for: eslint-plugin-import@2.32.0 want: ^2.0.2
1061 silly placeDep ROOT object.fromentries@2.0.8 OK for: eslint-plugin-import@2.32.0 want: ^2.0.8
1062 silly placeDep ROOT object.groupby@1.0.3 OK for: eslint-plugin-import@2.32.0 want: ^1.0.3
1063 silly placeDep ROOT object.values@1.2.1 OK for: eslint-plugin-import@2.32.0 want: ^1.2.1
1064 silly placeDep node_modules/eslint-plugin-import semver@6.3.1 OK for: eslint-plugin-import@2.32.0 want: ^6.3.1
1065 silly placeDep ROOT string.prototype.trimend@1.0.10 OK for: eslint-plugin-import@2.32.0 want: ^1.0.9
1066 silly placeDep ROOT tsconfig-paths@3.15.0 OK for: eslint-plugin-import@2.32.0 want: ^3.15.0
1067 silly fetch manifest call-bind@^1.0.9
1068 silly packumentCache full:https://registry.npmjs.org/call-bind cache-miss
1069 silly fetch manifest is-string@^1.1.1
1070 silly packumentCache full:https://registry.npmjs.org/is-string cache-miss
1071 silly fetch manifest call-bound@^1.0.4
1072 silly packumentCache full:https://registry.npmjs.org/call-bound cache-miss
1073 silly fetch manifest es-abstract@^1.24.2
1074 silly packumentCache full:https://registry.npmjs.org/es-abstract cache-miss
1075 silly fetch manifest es-object-atoms@^1.1.2
1076 silly packumentCache full:https://registry.npmjs.org/es-object-atoms cache-miss
1077 silly fetch manifest math-intrinsics@^1.1.0
1078 silly packumentCache full:https://registry.npmjs.org/math-intrinsics cache-miss
1079 silly fetch manifest define-properties@^1.2.1
1080 silly packumentCache full:https://registry.npmjs.org/define-properties cache-miss
1081 silly fetch manifest es-shim-unscopables@^1.1.0
1082 silly packumentCache full:https://registry.npmjs.org/es-shim-unscopables cache-miss
1083 silly fetch manifest call-bind@^1.0.8
1084 silly packumentCache full:https://registry.npmjs.org/call-bind cache-miss
1085 silly fetch manifest call-bound@^1.0.4
1086 silly packumentCache full:https://registry.npmjs.org/call-bound cache-miss
1087 silly fetch manifest define-properties@^1.2.1
1088 silly packumentCache full:https://registry.npmjs.org/define-properties cache-miss
1089 silly fetch manifest es-abstract@^1.23.9
1090 silly packumentCache full:https://registry.npmjs.org/es-abstract cache-miss
1091 silly fetch manifest es-object-atoms@^1.1.1
1092 silly packumentCache full:https://registry.npmjs.org/es-object-atoms cache-miss
1093 silly fetch manifest es-shim-unscopables@^1.1.0
1094 silly packumentCache full:https://registry.npmjs.org/es-shim-unscopables cache-miss
1095 silly fetch manifest call-bind@^1.0.8
1096 silly packumentCache full:https://registry.npmjs.org/call-bind cache-miss
1097 http fetch GET 200 https://registry.npmjs.org/es-abstract 86ms (cache miss)
1098 silly packumentCache full:https://registry.npmjs.org/es-abstract set size:undefined disposed:false
1099 silly fetch manifest define-properties@^1.2.1
1100 silly packumentCache full:https://registry.npmjs.org/define-properties cache-miss
1101 http fetch GET 200 https://registry.npmjs.org/es-abstract 92ms (cache miss)
1102 silly packumentCache full:https://registry.npmjs.org/es-abstract set size:undefined disposed:false
1103 silly fetch manifest es-abstract@^1.23.5
1104 silly packumentCache full:https://registry.npmjs.org/es-abstract cache-miss
1105 http cache https://registry.npmjs.org/es-abstract 3ms (cache hit)
1106 silly packumentCache full:https://registry.npmjs.org/es-abstract set size:384124 disposed:false
1107 silly fetch manifest es-shim-unscopables@^1.0.2
1108 silly packumentCache full:https://registry.npmjs.org/es-shim-unscopables cache-miss
1109 http fetch GET 200 https://registry.npmjs.org/define-properties 27ms (cache miss)
1110 silly packumentCache full:https://registry.npmjs.org/define-properties set size:undefined disposed:false
1111 silly fetch manifest call-bind@^1.0.8
1112 silly packumentCache full:https://registry.npmjs.org/call-bind cache-miss
1113 http fetch GET 200 https://registry.npmjs.org/es-shim-unscopables 21ms (cache miss)
1114 silly packumentCache full:https://registry.npmjs.org/es-shim-unscopables set size:undefined disposed:false
1115 silly fetch manifest function-bind@^1.1.2
1116 silly packumentCache full:https://registry.npmjs.org/function-bind cache-miss
1117 http fetch GET 200 https://registry.npmjs.org/call-bind 20ms (cache miss)
1118 silly packumentCache full:https://registry.npmjs.org/call-bind set size:undefined disposed:false
1119 silly fetch manifest call-bind@^1.0.7
1120 silly packumentCache full:https://registry.npmjs.org/call-bind cache-miss
1121 http fetch GET 200 https://registry.npmjs.org/function-bind 22ms (cache miss)
1122 silly packumentCache full:https://registry.npmjs.org/function-bind set size:undefined disposed:false
1123 silly fetch manifest es-abstract@^1.23.2
1124 silly packumentCache full:https://registry.npmjs.org/es-abstract cache-hit
1125 silly fetch manifest es-object-atoms@^1.0.0
1126 silly packumentCache full:https://registry.npmjs.org/es-object-atoms cache-miss
1127 http cache https://registry.npmjs.org/call-bind 4ms (cache hit)
1128 silly packumentCache full:https://registry.npmjs.org/call-bind set size:32985 disposed:false
1129 silly fetch manifest call-bound@^1.0.3
1130 silly packumentCache full:https://registry.npmjs.org/call-bound cache-miss
1131 http fetch GET 200 https://registry.npmjs.org/call-bound 20ms (cache miss)
1132 silly packumentCache full:https://registry.npmjs.org/call-bound set size:undefined disposed:false
1133 silly fetch manifest es-object-atoms@^1.0.0
1134 silly packumentCache full:https://registry.npmjs.org/es-object-atoms cache-miss
1135 http fetch GET 200 https://registry.npmjs.org/es-object-atoms 22ms (cache miss)
1136 silly packumentCache full:https://registry.npmjs.org/es-object-atoms set size:undefined disposed:false
1137 silly fetch manifest call-bind@^1.0.9
1138 silly packumentCache full:https://registry.npmjs.org/call-bind cache-hit
1139 silly fetch manifest call-bound@^1.0.4
1140 silly packumentCache full:https://registry.npmjs.org/call-bound cache-miss
1141 http cache https://registry.npmjs.org/call-bound 2ms (cache hit)
1142 silly packumentCache full:https://registry.npmjs.org/call-bound set size:15317 disposed:false
1143 silly fetch manifest es-object-atoms@^1.1.2
1144 silly packumentCache full:https://registry.npmjs.org/es-object-atoms cache-miss
1145 http cache https://registry.npmjs.org/es-object-atoms 4ms (cache hit)
1146 silly packumentCache full:https://registry.npmjs.org/es-object-atoms set size:18278 disposed:false
1147 silly fetch manifest json5@^1.0.2
1148 silly packumentCache full:https://registry.npmjs.org/json5 cache-miss
1149 http cache https://registry.npmjs.org/es-object-atoms 4ms (cache hit)
1150 silly packumentCache full:https://registry.npmjs.org/es-object-atoms set size:18278 disposed:false
1151 silly packumentCache full:https://registry.npmjs.org/es-object-atoms dispose
1152 silly fetch manifest minimist@^1.2.6
1153 silly packumentCache full:https://registry.npmjs.org/minimist cache-miss
1154 http fetch GET 200 https://registry.npmjs.org/minimist 25ms (cache miss)
1155 silly packumentCache full:https://registry.npmjs.org/minimist set size:undefined disposed:false
1156 silly fetch manifest strip-bom@^3.0.0
1157 silly packumentCache full:https://registry.npmjs.org/strip-bom cache-miss
1158 http fetch GET 200 https://registry.npmjs.org/json5 37ms (cache miss)
1159 silly packumentCache full:https://registry.npmjs.org/json5 set size:undefined disposed:false
1160 silly fetch manifest @types/json5@^0.0.29
1161 silly packumentCache full:https://registry.npmjs.org/@types%2fjson5 cache-miss
1162 http fetch GET 200 https://registry.npmjs.org/strip-bom 23ms (cache miss)
1163 silly packumentCache full:https://registry.npmjs.org/strip-bom set size:undefined disposed:false
1164 http fetch GET 200 https://registry.npmjs.org/@types%2fjson5 28ms (cache miss)
1165 silly packumentCache full:https://registry.npmjs.org/@types%2fjson5 set size:undefined disposed:false
1166 http fetch GET 200 https://registry.npmjs.org/math-intrinsics 238ms (cache miss)
1167 silly packumentCache full:https://registry.npmjs.org/math-intrinsics set size:undefined disposed:false
1168 http fetch GET 200 https://registry.npmjs.org/es-object-atoms 239ms (cache miss)
1169 silly packumentCache full:https://registry.npmjs.org/es-object-atoms set size:undefined disposed:true
1170 silly packumentCache full:https://registry.npmjs.org/es-object-atoms dispose
1171 http fetch GET 200 https://registry.npmjs.org/call-bind 251ms (cache miss)
1172 silly packumentCache full:https://registry.npmjs.org/call-bind set size:undefined disposed:false
1173 silly packumentCache full:https://registry.npmjs.org/call-bind dispose
1174 http fetch GET 200 https://registry.npmjs.org/es-shim-unscopables 251ms (cache miss)
1175 silly packumentCache full:https://registry.npmjs.org/es-shim-unscopables set size:undefined disposed:false
1176 http fetch GET 200 https://registry.npmjs.org/call-bound 252ms (cache miss)
1177 silly packumentCache full:https://registry.npmjs.org/call-bound set size:undefined disposed:false
1178 silly packumentCache full:https://registry.npmjs.org/call-bound dispose
1179 http fetch GET 200 https://registry.npmjs.org/es-shim-unscopables 254ms (cache miss)
1180 silly packumentCache full:https://registry.npmjs.org/es-shim-unscopables set size:undefined disposed:false
1181 http fetch GET 200 https://registry.npmjs.org/es-object-atoms 259ms (cache miss)
1182 silly packumentCache full:https://registry.npmjs.org/es-object-atoms set size:undefined disposed:true
1183 http fetch GET 200 https://registry.npmjs.org/define-properties 261ms (cache miss)
1184 silly packumentCache full:https://registry.npmjs.org/define-properties set size:undefined disposed:false
1185 http fetch GET 200 https://registry.npmjs.org/call-bind 265ms (cache miss)
1186 silly packumentCache full:https://registry.npmjs.org/call-bind set size:undefined disposed:true
1187 http fetch GET 200 https://registry.npmjs.org/is-string 297ms (cache miss)
1188 silly packumentCache full:https://registry.npmjs.org/is-string set size:undefined disposed:false
1189 http fetch GET 200 https://registry.npmjs.org/call-bound 305ms (cache miss)
1190 silly packumentCache full:https://registry.npmjs.org/call-bound set size:undefined disposed:true
1191 http fetch GET 200 https://registry.npmjs.org/call-bind 492ms (cache miss)
1192 silly packumentCache full:https://registry.npmjs.org/call-bind set size:undefined disposed:false
1193 http fetch GET 200 https://registry.npmjs.org/define-properties 679ms (cache miss)
1194 silly packumentCache full:https://registry.npmjs.org/define-properties set size:undefined disposed:false
1195 silly placeDep ROOT call-bind@1.0.9 OK for: array-includes@3.2.0 want: ^1.0.9
1196 silly placeDep ROOT call-bound@1.0.4 OK for: array-includes@3.2.0 want: ^1.0.4
1197 silly placeDep ROOT define-properties@1.2.1 OK for: array-includes@3.2.0 want: ^1.2.1
1198 silly placeDep ROOT es-abstract@1.24.2 OK for: array-includes@3.2.0 want: ^1.24.2
1199 silly placeDep ROOT es-object-atoms@1.1.2 OK for: array-includes@3.2.0 want: ^1.1.2
1200 silly placeDep ROOT es-shim-unscopables@1.1.0 OK for: array-includes@3.2.0 want: ^1.1.0
1201 silly placeDep ROOT is-string@1.1.1 OK for: array-includes@3.2.0 want: ^1.1.1
1202 silly placeDep ROOT math-intrinsics@1.1.0 OK for: array-includes@3.2.0 want: ^1.1.0
1203 silly fetch manifest call-bind-apply-helpers@^1.0.2
1204 silly packumentCache full:https://registry.npmjs.org/call-bind-apply-helpers cache-miss
1205 silly fetch manifest es-define-property@^1.0.1
1206 silly packumentCache full:https://registry.npmjs.org/es-define-property cache-miss
1207 silly fetch manifest get-intrinsic@^1.3.0
1208 silly packumentCache full:https://registry.npmjs.org/get-intrinsic cache-miss
1209 silly fetch manifest set-function-length@^1.2.2
1210 silly packumentCache full:https://registry.npmjs.org/set-function-length cache-miss
1211 silly fetch manifest call-bind-apply-helpers@^1.0.2
1212 silly packumentCache full:https://registry.npmjs.org/call-bind-apply-helpers cache-miss
1213 silly fetch manifest get-intrinsic@^1.3.0
1214 silly packumentCache full:https://registry.npmjs.org/get-intrinsic cache-miss
1215 silly fetch manifest define-data-property@^1.0.1
1216 silly packumentCache full:https://registry.npmjs.org/define-data-property cache-miss
1217 silly fetch manifest has-property-descriptors@^1.0.0
1218 silly packumentCache full:https://registry.npmjs.org/has-property-descriptors cache-miss
1219 silly fetch manifest array-buffer-byte-length@^1.0.2
1220 silly packumentCache full:https://registry.npmjs.org/array-buffer-byte-length cache-miss
1221 silly fetch manifest arraybuffer.prototype.slice@^1.0.4
1222 silly packumentCache full:https://registry.npmjs.org/arraybuffer.prototype.slice cache-miss
1223 silly fetch manifest available-typed-arrays@^1.0.7
1224 silly packumentCache full:https://registry.npmjs.org/available-typed-arrays cache-miss
1225 silly fetch manifest data-view-buffer@^1.0.2
1226 silly packumentCache full:https://registry.npmjs.org/data-view-buffer cache-miss
1227 silly fetch manifest data-view-byte-length@^1.0.2
1228 silly packumentCache full:https://registry.npmjs.org/data-view-byte-length cache-miss
1229 silly fetch manifest data-view-byte-offset@^1.0.1
1230 silly packumentCache full:https://registry.npmjs.org/data-view-byte-offset cache-miss
1231 silly fetch manifest es-define-property@^1.0.1
1232 silly packumentCache full:https://registry.npmjs.org/es-define-property cache-miss
1233 http fetch GET 200 https://registry.npmjs.org/data-view-byte-length 39ms (cache miss)
1234 silly packumentCache full:https://registry.npmjs.org/data-view-byte-length set size:undefined disposed:false
1235 silly fetch manifest es-set-tostringtag@^2.1.0
1236 silly packumentCache full:https://registry.npmjs.org/es-set-tostringtag cache-miss
1237 http fetch GET 200 https://registry.npmjs.org/has-property-descriptors 40ms (cache miss)
1238 silly packumentCache full:https://registry.npmjs.org/has-property-descriptors set size:undefined disposed:false
1239 silly fetch manifest es-to-primitive@^1.3.0
1240 silly packumentCache full:https://registry.npmjs.org/es-to-primitive cache-miss
1241 http fetch GET 200 https://registry.npmjs.org/es-define-property 42ms (cache miss)
1242 silly packumentCache full:https://registry.npmjs.org/es-define-property set size:undefined disposed:false
1243 silly fetch manifest function.prototype.name@^1.1.8
1244 silly packumentCache full:https://registry.npmjs.org/function.prototype.name cache-miss
1245 http fetch GET 200 https://registry.npmjs.org/data-view-byte-offset 43ms (cache miss)
1246 silly packumentCache full:https://registry.npmjs.org/data-view-byte-offset set size:undefined disposed:false
1247 silly fetch manifest get-intrinsic@^1.3.0
1248 silly packumentCache full:https://registry.npmjs.org/get-intrinsic cache-miss
1249 http fetch GET 200 https://registry.npmjs.org/call-bind-apply-helpers 47ms (cache miss)
1250 silly packumentCache full:https://registry.npmjs.org/call-bind-apply-helpers set size:undefined disposed:false
1251 silly fetch manifest get-proto@^1.0.1
1252 silly packumentCache full:https://registry.npmjs.org/get-proto cache-miss
1253 http fetch GET 200 https://registry.npmjs.org/array-buffer-byte-length 48ms (cache miss)
1254 silly packumentCache full:https://registry.npmjs.org/array-buffer-byte-length set size:undefined disposed:false
1255 silly fetch manifest get-symbol-description@^1.1.0
1256 silly packumentCache full:https://registry.npmjs.org/get-symbol-description cache-miss
1257 http fetch GET 200 https://registry.npmjs.org/call-bind-apply-helpers 49ms (cache miss)
1258 silly packumentCache full:https://registry.npmjs.org/call-bind-apply-helpers set size:undefined disposed:false
1259 silly fetch manifest globalthis@^1.0.4
1260 silly packumentCache full:https://registry.npmjs.org/globalthis cache-miss
1261 http fetch GET 200 https://registry.npmjs.org/set-function-length 50ms (cache miss)
1262 silly packumentCache full:https://registry.npmjs.org/set-function-length set size:undefined disposed:false
1263 silly fetch manifest gopd@^1.2.0
1264 silly packumentCache full:https://registry.npmjs.org/gopd cache-miss
1265 http fetch GET 200 https://registry.npmjs.org/arraybuffer.prototype.slice 49ms (cache miss)
1266 silly packumentCache full:https://registry.npmjs.org/arraybuffer.prototype.slice set size:undefined disposed:false
1267 silly fetch manifest has-property-descriptors@^1.0.2
1268 silly packumentCache full:https://registry.npmjs.org/has-property-descriptors cache-miss
1269 http fetch GET 200 https://registry.npmjs.org/define-data-property 51ms (cache miss)
1270 silly packumentCache full:https://registry.npmjs.org/define-data-property set size:undefined disposed:false
1271 silly fetch manifest has-proto@^1.2.0
1272 silly packumentCache full:https://registry.npmjs.org/has-proto cache-miss
1273 http fetch GET 200 https://registry.npmjs.org/data-view-buffer 51ms (cache miss)
1274 silly packumentCache full:https://registry.npmjs.org/data-view-buffer set size:undefined disposed:false
1275 silly fetch manifest has-symbols@^1.1.0
1276 silly packumentCache full:https://registry.npmjs.org/has-symbols cache-miss
1277 http fetch GET 200 https://registry.npmjs.org/es-define-property 51ms (cache miss)
1278 silly packumentCache full:https://registry.npmjs.org/es-define-property set size:undefined disposed:false
1279 silly fetch manifest internal-slot@^1.1.0
1280 silly packumentCache full:https://registry.npmjs.org/internal-slot cache-miss
1281 http fetch GET 200 https://registry.npmjs.org/available-typed-arrays 53ms (cache miss)
1282 silly packumentCache full:https://registry.npmjs.org/available-typed-arrays set size:undefined disposed:false
1283 silly fetch manifest is-array-buffer@^3.0.5
1284 silly packumentCache full:https://registry.npmjs.org/is-array-buffer cache-miss
1285 http fetch GET 200 https://registry.npmjs.org/get-intrinsic 55ms (cache miss)
1286 silly packumentCache full:https://registry.npmjs.org/get-intrinsic set size:undefined disposed:false
1287 silly fetch manifest is-callable@^1.2.7
1288 silly packumentCache full:https://registry.npmjs.org/is-callable cache-miss
1289 http fetch GET 200 https://registry.npmjs.org/get-intrinsic 57ms (cache miss)
1290 silly packumentCache full:https://registry.npmjs.org/get-intrinsic set size:undefined disposed:false
1291 silly fetch manifest is-data-view@^1.0.2
1292 silly packumentCache full:https://registry.npmjs.org/is-data-view cache-miss
1293 http cache https://registry.npmjs.org/has-property-descriptors 9ms (cache hit)
1294 silly packumentCache full:https://registry.npmjs.org/has-property-descriptors set size:12452 disposed:false
1295 silly fetch manifest is-negative-zero@^2.0.3
1296 silly packumentCache full:https://registry.npmjs.org/is-negative-zero cache-miss
1297 http fetch GET 200 https://registry.npmjs.org/es-set-tostringtag 24ms (cache miss)
1298 silly packumentCache full:https://registry.npmjs.org/es-set-tostringtag set size:undefined disposed:false
1299 silly fetch manifest is-regex@^1.2.1
1300 silly packumentCache full:https://registry.npmjs.org/is-regex cache-miss
1301 http fetch GET 200 https://registry.npmjs.org/es-to-primitive 25ms (cache miss)
1302 silly packumentCache full:https://registry.npmjs.org/es-to-primitive set size:undefined disposed:false
1303 silly fetch manifest is-set@^2.0.3
1304 silly packumentCache full:https://registry.npmjs.org/is-set cache-miss
1305 http fetch GET 200 https://registry.npmjs.org/get-proto 22ms (cache miss)
1306 silly packumentCache full:https://registry.npmjs.org/get-proto set size:undefined disposed:false
1307 silly fetch manifest is-shared-array-buffer@^1.0.4
1308 silly packumentCache full:https://registry.npmjs.org/is-shared-array-buffer cache-miss
1309 http fetch GET 200 https://registry.npmjs.org/function.prototype.name 29ms (cache miss)
1310 silly packumentCache full:https://registry.npmjs.org/function.prototype.name set size:undefined disposed:false
1311 silly fetch manifest is-typed-array@^1.1.15
1312 silly packumentCache full:https://registry.npmjs.org/is-typed-array cache-miss
1313 http fetch GET 200 https://registry.npmjs.org/globalthis 29ms (cache miss)
1314 silly packumentCache full:https://registry.npmjs.org/globalthis set size:undefined disposed:false
1315 silly fetch manifest is-weakref@^1.1.1
1316 silly packumentCache full:https://registry.npmjs.org/is-weakref cache-miss
1317 http fetch GET 200 https://registry.npmjs.org/get-intrinsic 36ms (cache miss)
1318 silly packumentCache full:https://registry.npmjs.org/get-intrinsic set size:undefined disposed:false
1319 silly fetch manifest object-inspect@^1.13.4
1320 silly packumentCache full:https://registry.npmjs.org/object-inspect cache-miss
1321 http fetch GET 200 https://registry.npmjs.org/gopd 36ms (cache miss)
1322 silly packumentCache full:https://registry.npmjs.org/gopd set size:undefined disposed:false
1323 silly fetch manifest object.assign@^4.1.7
1324 silly packumentCache full:https://registry.npmjs.org/object.assign cache-miss
1325 http fetch GET 200 https://registry.npmjs.org/get-symbol-description 39ms (cache miss)
1326 silly packumentCache full:https://registry.npmjs.org/get-symbol-description set size:undefined disposed:false
1327 silly fetch manifest own-keys@^1.0.1
1328 silly packumentCache full:https://registry.npmjs.org/own-keys cache-miss
1329 http fetch GET 200 https://registry.npmjs.org/has-proto 37ms (cache miss)
1330 silly packumentCache full:https://registry.npmjs.org/has-proto set size:undefined disposed:false
1331 silly fetch manifest regexp.prototype.flags@^1.5.4
1332 silly packumentCache full:https://registry.npmjs.org/regexp.prototype.flags cache-miss
1333 http fetch GET 200 https://registry.npmjs.org/is-data-view 35ms (cache miss)
1334 silly packumentCache full:https://registry.npmjs.org/is-data-view set size:undefined disposed:false
1335 silly fetch manifest safe-array-concat@^1.1.3
1336 silly packumentCache full:https://registry.npmjs.org/safe-array-concat cache-miss
1337 http fetch GET 200 https://registry.npmjs.org/is-regex 29ms (cache miss)
1338 silly packumentCache full:https://registry.npmjs.org/is-regex set size:undefined disposed:false
1339 silly fetch manifest safe-push-apply@^1.0.0
1340 silly packumentCache full:https://registry.npmjs.org/safe-push-apply cache-miss
1341 http fetch GET 200 https://registry.npmjs.org/has-symbols 44ms (cache miss)
1342 silly packumentCache full:https://registry.npmjs.org/has-symbols set size:undefined disposed:false
1343 silly fetch manifest safe-regex-test@^1.1.0
1344 silly packumentCache full:https://registry.npmjs.org/safe-regex-test cache-miss
1345 http fetch GET 200 https://registry.npmjs.org/is-set 32ms (cache miss)
1346 silly packumentCache full:https://registry.npmjs.org/is-set set size:undefined disposed:false
1347 silly fetch manifest set-proto@^1.0.0
1348 silly packumentCache full:https://registry.npmjs.org/set-proto cache-miss
1349 http fetch GET 200 https://registry.npmjs.org/internal-slot 49ms (cache miss)
1350 silly packumentCache full:https://registry.npmjs.org/internal-slot set size:undefined disposed:false
1351 silly fetch manifest stop-iteration-iterator@^1.1.0
1352 silly packumentCache full:https://registry.npmjs.org/stop-iteration-iterator cache-miss
1353 http fetch GET 200 https://registry.npmjs.org/is-negative-zero 42ms (cache miss)
1354 silly packumentCache full:https://registry.npmjs.org/is-negative-zero set size:undefined disposed:false
1355 silly fetch manifest string.prototype.trim@^1.2.10
1356 silly packumentCache full:https://registry.npmjs.org/string.prototype.trim cache-miss
1357 http fetch GET 200 https://registry.npmjs.org/is-array-buffer 49ms (cache miss)
1358 silly packumentCache full:https://registry.npmjs.org/is-array-buffer set size:undefined disposed:false
1359 silly fetch manifest string.prototype.trimstart@^1.0.8
1360 silly packumentCache full:https://registry.npmjs.org/string.prototype.trimstart cache-miss
1361 http fetch GET 200 https://registry.npmjs.org/is-callable 52ms (cache miss)
1362 silly packumentCache full:https://registry.npmjs.org/is-callable set size:undefined disposed:false
1363 silly fetch manifest typed-array-buffer@^1.0.3
1364 silly packumentCache full:https://registry.npmjs.org/typed-array-buffer cache-miss
1365 http fetch GET 200 https://registry.npmjs.org/is-shared-array-buffer 40ms (cache miss)
1366 silly packumentCache full:https://registry.npmjs.org/is-shared-array-buffer set size:undefined disposed:false
1367 silly fetch manifest typed-array-byte-length@^1.0.3
1368 silly packumentCache full:https://registry.npmjs.org/typed-array-byte-length cache-miss
1369 http cache https://registry.npmjs.org/safe-regex-test 19ms (cache hit)
1370 silly packumentCache full:https://registry.npmjs.org/safe-regex-test set size:17412 disposed:false
1371 silly fetch manifest typed-array-byte-offset@^1.0.4
1372 silly packumentCache full:https://registry.npmjs.org/typed-array-byte-offset cache-miss
1373 http fetch GET 200 https://registry.npmjs.org/is-typed-array 44ms (cache miss)
1374 silly packumentCache full:https://registry.npmjs.org/is-typed-array set size:undefined disposed:false
1375 silly fetch manifest typed-array-length@^1.0.7
1376 silly packumentCache full:https://registry.npmjs.org/typed-array-length cache-miss
1377 http fetch GET 200 https://registry.npmjs.org/own-keys 30ms (cache miss)
1378 silly packumentCache full:https://registry.npmjs.org/own-keys set size:undefined disposed:false
1379 silly fetch manifest unbox-primitive@^1.1.0
1380 silly packumentCache full:https://registry.npmjs.org/unbox-primitive cache-miss
1381 http fetch GET 200 https://registry.npmjs.org/is-weakref 41ms (cache miss)
1382 silly packumentCache full:https://registry.npmjs.org/is-weakref set size:undefined disposed:false
1383 silly fetch manifest which-typed-array@^1.1.19
1384 silly packumentCache full:https://registry.npmjs.org/which-typed-array cache-miss
1385 http fetch GET 200 https://registry.npmjs.org/object.assign 36ms (cache miss)
1386 silly packumentCache full:https://registry.npmjs.org/object.assign set size:undefined disposed:false
1387 silly fetch manifest has-tostringtag@^1.0.2
1388 silly packumentCache full:https://registry.npmjs.org/has-tostringtag cache-miss
1389 http fetch GET 200 https://registry.npmjs.org/set-proto 26ms (cache miss)
1390 silly packumentCache full:https://registry.npmjs.org/set-proto set size:undefined disposed:false
1391 http fetch GET 200 https://registry.npmjs.org/regexp.prototype.flags 37ms (cache miss)
1392 silly packumentCache full:https://registry.npmjs.org/regexp.prototype.flags set size:undefined disposed:false
1393 http fetch GET 200 https://registry.npmjs.org/safe-push-apply 32ms (cache miss)
1394 silly packumentCache full:https://registry.npmjs.org/safe-push-apply set size:undefined disposed:false
1395 http fetch GET 200 https://registry.npmjs.org/stop-iteration-iterator 26ms (cache miss)
1396 silly packumentCache full:https://registry.npmjs.org/stop-iteration-iterator set size:undefined disposed:false
1397 http fetch GET 200 https://registry.npmjs.org/object-inspect 47ms (cache miss)
1398 silly packumentCache full:https://registry.npmjs.org/object-inspect set size:undefined disposed:false
1399 http fetch GET 200 https://registry.npmjs.org/safe-array-concat 37ms (cache miss)
1400 silly packumentCache full:https://registry.npmjs.org/safe-array-concat set size:undefined disposed:false
1401 http fetch GET 200 https://registry.npmjs.org/typed-array-byte-length 24ms (cache miss)
1402 silly packumentCache full:https://registry.npmjs.org/typed-array-byte-length set size:undefined disposed:false
1403 http fetch GET 200 https://registry.npmjs.org/typed-array-buffer 30ms (cache miss)
1404 silly packumentCache full:https://registry.npmjs.org/typed-array-buffer set size:undefined disposed:false
1405 http fetch GET 200 https://registry.npmjs.org/typed-array-byte-offset 24ms (cache miss)
1406 silly packumentCache full:https://registry.npmjs.org/typed-array-byte-offset set size:undefined disposed:false
1407 http fetch GET 200 https://registry.npmjs.org/unbox-primitive 25ms (cache miss)
1408 silly packumentCache full:https://registry.npmjs.org/unbox-primitive set size:undefined disposed:false
1409 http fetch GET 200 https://registry.npmjs.org/string.prototype.trim 42ms (cache miss)
1410 silly packumentCache full:https://registry.npmjs.org/string.prototype.trim set size:undefined disposed:false
1411 http fetch GET 200 https://registry.npmjs.org/typed-array-length 29ms (cache miss)
1412 silly packumentCache full:https://registry.npmjs.org/typed-array-length set size:undefined disposed:false
1413 http fetch GET 200 https://registry.npmjs.org/string.prototype.trimstart 43ms (cache miss)
1414 silly packumentCache full:https://registry.npmjs.org/string.prototype.trimstart set size:undefined disposed:false
1415 http fetch GET 200 https://registry.npmjs.org/has-tostringtag 26ms (cache miss)
1416 silly packumentCache full:https://registry.npmjs.org/has-tostringtag set size:undefined disposed:false
1417 http fetch GET 200 https://registry.npmjs.org/which-typed-array 32ms (cache miss)
1418 silly packumentCache full:https://registry.npmjs.org/which-typed-array set size:undefined disposed:false
1419 silly placeDep ROOT es-errors@1.3.0 OK for: array.prototype.findlastindex@1.2.6 want: ^1.3.0
1420 silly placeDep ROOT call-bind-apply-helpers@1.0.2 OK for: call-bind@1.0.9 want: ^1.0.2
1421 silly placeDep ROOT es-define-property@1.0.1 OK for: call-bind@1.0.9 want: ^1.0.1
1422 silly placeDep ROOT get-intrinsic@1.3.0 OK for: call-bind@1.0.9 want: ^1.3.0
1423 silly placeDep ROOT set-function-length@1.2.2 OK for: call-bind@1.0.9 want: ^1.2.2
1424 silly fetch manifest define-data-property@^1.1.4
1425 silly packumentCache full:https://registry.npmjs.org/define-data-property cache-miss
1426 silly fetch manifest gopd@^1.0.1
1427 silly packumentCache full:https://registry.npmjs.org/gopd cache-miss
1428 http cache https://registry.npmjs.org/define-data-property 4ms (cache hit)
1429 silly packumentCache full:https://registry.npmjs.org/define-data-property set size:28048 disposed:false
1430 http cache https://registry.npmjs.org/gopd 5ms (cache hit)
1431 silly packumentCache full:https://registry.npmjs.org/gopd set size:11483 disposed:false
1432 silly placeDep ROOT function-bind@1.1.2 OK for: call-bind-apply-helpers@1.0.2 want: ^1.1.2
1433 silly placeDep ROOT define-data-property@1.1.4 OK for: define-properties@1.2.1 want: ^1.0.1
1434 silly placeDep ROOT has-property-descriptors@1.0.2 OK for: define-properties@1.2.1 want: ^1.0.0
1435 silly placeDep ROOT object-keys@1.1.1 OK for: define-properties@1.2.1 want: ^1.1.1
1436 silly placeDep ROOT gopd@1.2.0 OK for: define-data-property@1.1.4 want: ^1.0.1
1437 silly placeDep ROOT array-buffer-byte-length@1.0.2 OK for: es-abstract@1.24.2 want: ^1.0.2
1438 silly placeDep ROOT arraybuffer.prototype.slice@1.0.4 OK for: es-abstract@1.24.2 want: ^1.0.4
1439 silly placeDep ROOT available-typed-arrays@1.0.7 OK for: es-abstract@1.24.2 want: ^1.0.7
1440 silly placeDep ROOT data-view-buffer@1.0.2 OK for: es-abstract@1.24.2 want: ^1.0.2
1441 silly placeDep ROOT data-view-byte-length@1.0.2 OK for: es-abstract@1.24.2 want: ^1.0.2
1442 silly placeDep ROOT data-view-byte-offset@1.0.1 OK for: es-abstract@1.24.2 want: ^1.0.1
1443 silly placeDep ROOT es-set-tostringtag@2.1.0 OK for: es-abstract@1.24.2 want: ^2.1.0
1444 silly placeDep ROOT es-to-primitive@1.3.4 OK for: es-abstract@1.24.2 want: ^1.3.0
1445 silly placeDep ROOT function.prototype.name@1.2.0 OK for: es-abstract@1.24.2 want: ^1.1.8
1446 silly placeDep ROOT get-proto@1.0.1 OK for: es-abstract@1.24.2 want: ^1.0.1
1447 silly placeDep ROOT get-symbol-description@1.1.0 OK for: es-abstract@1.24.2 want: ^1.1.0
1448 silly placeDep ROOT globalthis@1.0.4 OK for: es-abstract@1.24.2 want: ^1.0.4
1449 silly placeDep ROOT has-proto@1.2.0 OK for: es-abstract@1.24.2 want: ^1.2.0
1450 silly placeDep ROOT has-symbols@1.1.0 OK for: es-abstract@1.24.2 want: ^1.1.0
1451 silly placeDep ROOT internal-slot@1.1.0 OK for: es-abstract@1.24.2 want: ^1.1.0
1452 silly placeDep ROOT is-array-buffer@3.0.5 OK for: es-abstract@1.24.2 want: ^3.0.5
1453 silly placeDep ROOT is-callable@1.2.7 OK for: es-abstract@1.24.2 want: ^1.2.7
1454 silly placeDep ROOT is-data-view@1.0.2 OK for: es-abstract@1.24.2 want: ^1.0.2
1455 silly placeDep ROOT is-negative-zero@2.0.3 OK for: es-abstract@1.24.2 want: ^2.0.3
1456 silly placeDep ROOT is-regex@1.2.1 OK for: es-abstract@1.24.2 want: ^1.2.1
1457 silly placeDep ROOT is-set@2.0.3 OK for: es-abstract@1.24.2 want: ^2.0.3
1458 silly placeDep ROOT is-shared-array-buffer@1.0.4 OK for: es-abstract@1.24.2 want: ^1.0.4
1459 silly placeDep ROOT is-typed-array@1.1.15 OK for: es-abstract@1.24.2 want: ^1.1.15
1460 silly placeDep ROOT is-weakref@1.1.1 OK for: es-abstract@1.24.2 want: ^1.1.1
1461 silly placeDep ROOT object-inspect@1.13.4 OK for: es-abstract@1.24.2 want: ^1.13.4
1462 silly placeDep ROOT object.assign@4.1.7 OK for: es-abstract@1.24.2 want: ^4.1.7
1463 silly placeDep ROOT own-keys@1.0.2 OK for: es-abstract@1.24.2 want: ^1.0.1
1464 silly placeDep ROOT regexp.prototype.flags@1.5.4 OK for: es-abstract@1.24.2 want: ^1.5.4
1465 silly placeDep ROOT safe-array-concat@1.1.4 OK for: es-abstract@1.24.2 want: ^1.1.3
1466 silly placeDep ROOT safe-push-apply@1.0.0 OK for: es-abstract@1.24.2 want: ^1.0.0
1467 silly placeDep ROOT safe-regex-test@1.1.0 OK for: es-abstract@1.24.2 want: ^1.1.0
1468 silly placeDep ROOT set-proto@1.0.0 OK for: es-abstract@1.24.2 want: ^1.0.0
1469 silly placeDep ROOT stop-iteration-iterator@1.1.0 OK for: es-abstract@1.24.2 want: ^1.1.0
1470 silly placeDep ROOT string.prototype.trim@1.2.11 OK for: es-abstract@1.24.2 want: ^1.2.10
1471 silly placeDep ROOT string.prototype.trimstart@1.0.8 OK for: es-abstract@1.24.2 want: ^1.0.8
1472 silly placeDep ROOT typed-array-buffer@1.0.3 OK for: es-abstract@1.24.2 want: ^1.0.3
1473 silly placeDep ROOT typed-array-byte-length@1.0.3 OK for: es-abstract@1.24.2 want: ^1.0.3
1474 silly placeDep ROOT typed-array-byte-offset@1.0.5 OK for: es-abstract@1.24.2 want: ^1.0.4
1475 silly placeDep ROOT typed-array-length@1.0.8 OK for: es-abstract@1.24.2 want: ^1.0.7
1476 silly placeDep ROOT unbox-primitive@1.1.0 OK for: es-abstract@1.24.2 want: ^1.1.0
1477 silly placeDep ROOT which-typed-array@1.1.24 OK for: es-abstract@1.24.2 want: ^1.1.19
1478 silly fetch manifest is-array-buffer@^3.0.4
1479 silly packumentCache full:https://registry.npmjs.org/is-array-buffer cache-miss
1480 silly fetch manifest possible-typed-array-names@^1.0.0
1481 silly packumentCache full:https://registry.npmjs.org/possible-typed-array-names cache-miss
1482 silly fetch manifest is-data-view@^1.0.1
1483 silly packumentCache full:https://registry.npmjs.org/is-data-view cache-miss
1484 silly fetch manifest is-symbol@^1.1.1
1485 silly packumentCache full:https://registry.npmjs.org/is-symbol cache-miss
1486 silly fetch manifest is-date-object@^1.1.0
1487 silly packumentCache full:https://registry.npmjs.org/is-date-object cache-miss
1488 silly fetch manifest es-abstract-get@^1.0.0
1489 silly packumentCache full:https://registry.npmjs.org/es-abstract-get cache-miss
1490 silly fetch manifest is-document.all@^1.0.0
1491 silly packumentCache full:https://registry.npmjs.org/is-document.all cache-miss
1492 silly fetch manifest functions-have-names@^1.2.3
1493 silly packumentCache full:https://registry.npmjs.org/functions-have-names cache-miss
1494 silly fetch manifest dunder-proto@^1.0.1
1495 silly packumentCache full:https://registry.npmjs.org/dunder-proto cache-miss
1496 silly fetch manifest dunder-proto@^1.0.0
1497 silly packumentCache full:https://registry.npmjs.org/dunder-proto cache-miss
1498 silly fetch manifest side-channel@^1.1.0
1499 silly packumentCache full:https://registry.npmjs.org/side-channel cache-miss
1500 silly fetch manifest is-typed-array@^1.1.13
1501 silly packumentCache full:https://registry.npmjs.org/is-typed-array cache-miss
1502 silly fetch manifest which-typed-array@^1.1.16
1503 silly packumentCache full:https://registry.npmjs.org/which-typed-array cache-miss
1504 silly fetch manifest set-function-name@^2.0.2
1505 silly packumentCache full:https://registry.npmjs.org/set-function-name cache-miss
1506 silly fetch manifest isarray@^2.0.5
1507 silly packumentCache full:https://registry.npmjs.org/isarray cache-miss
1508 http cache https://registry.npmjs.org/is-data-view 10ms (cache hit)
1509 silly packumentCache full:https://registry.npmjs.org/is-data-view set size:13756 disposed:false
1510 silly fetch manifest isarray@^2.0.5
1511 silly packumentCache full:https://registry.npmjs.org/isarray cache-miss
1512 http cache https://registry.npmjs.org/which-typed-array 10ms (cache hit)
1513 silly packumentCache full:https://registry.npmjs.org/which-typed-array set size:109574 disposed:false
1514 silly fetch manifest dunder-proto@^1.0.1
1515 silly packumentCache full:https://registry.npmjs.org/dunder-proto cache-miss
1516 http cache https://registry.npmjs.org/is-array-buffer 14ms (cache hit)
1517 silly packumentCache full:https://registry.npmjs.org/is-array-buffer set size:33562 disposed:false
1518 silly fetch manifest for-each@^0.3.3
1519 silly packumentCache full:https://registry.npmjs.org/for-each cache-miss
1520 http cache https://registry.npmjs.org/is-typed-array 13ms (cache hit)
1521 silly packumentCache full:https://registry.npmjs.org/is-typed-array set size:79965 disposed:false
1522 silly fetch manifest for-each@^0.3.5
1523 silly packumentCache full:https://registry.npmjs.org/for-each cache-miss
1524 http fetch GET 200 https://registry.npmjs.org/es-abstract-get 23ms (cache miss)
1525 silly packumentCache full:https://registry.npmjs.org/es-abstract-get set size:undefined disposed:false
1526 silly fetch manifest reflect.getprototypeof@^1.0.10
1527 silly packumentCache full:https://registry.npmjs.org/reflect.getprototypeof cache-miss
1528 http fetch GET 200 https://registry.npmjs.org/functions-have-names 28ms (cache miss)
1529 silly packumentCache full:https://registry.npmjs.org/functions-have-names set size:undefined disposed:false
1530 silly fetch manifest for-each@^0.3.5
1531 silly packumentCache full:https://registry.npmjs.org/for-each cache-miss
1532 http fetch GET 200 https://registry.npmjs.org/isarray 28ms (cache miss)
1533 silly packumentCache full:https://registry.npmjs.org/isarray set size:undefined disposed:false
1534 silly fetch manifest possible-typed-array-names@^1.1.0
1535 silly packumentCache full:https://registry.npmjs.org/possible-typed-array-names cache-miss
1536 http fetch GET 200 https://registry.npmjs.org/is-document.all 33ms (cache miss)
1537 silly packumentCache full:https://registry.npmjs.org/is-document.all set size:undefined disposed:false
1538 silly fetch manifest reflect.getprototypeof@^1.0.10
1539 silly packumentCache full:https://registry.npmjs.org/reflect.getprototypeof cache-miss
1540 http fetch GET 200 https://registry.npmjs.org/is-symbol 35ms (cache miss)
1541 silly packumentCache full:https://registry.npmjs.org/is-symbol set size:undefined disposed:false
1542 silly fetch manifest has-bigints@^1.0.2
1543 silly packumentCache full:https://registry.npmjs.org/has-bigints cache-miss
1544 http fetch GET 200 https://registry.npmjs.org/possible-typed-array-names 37ms (cache miss)
1545 silly packumentCache full:https://registry.npmjs.org/possible-typed-array-names set size:undefined disposed:false
1546 silly fetch manifest which-boxed-primitive@^1.1.1
1547 silly packumentCache full:https://registry.npmjs.org/which-boxed-primitive cache-miss
1548 http fetch GET 200 https://registry.npmjs.org/set-function-name 37ms (cache miss)
1549 silly packumentCache full:https://registry.npmjs.org/set-function-name set size:undefined disposed:false
1550 silly fetch manifest for-each@^0.3.5
1551 silly packumentCache full:https://registry.npmjs.org/for-each cache-miss
1552 http fetch GET 200 https://registry.npmjs.org/dunder-proto 38ms (cache miss)
1553 silly packumentCache full:https://registry.npmjs.org/dunder-proto set size:undefined disposed:false
1554 http fetch GET 200 https://registry.npmjs.org/side-channel 38ms (cache miss)
1555 silly packumentCache full:https://registry.npmjs.org/side-channel set size:undefined disposed:false
1556 http fetch GET 200 https://registry.npmjs.org/isarray 29ms (cache miss)
1557 silly packumentCache full:https://registry.npmjs.org/isarray set size:undefined disposed:false
1558 http fetch GET 200 https://registry.npmjs.org/dunder-proto 41ms (cache miss)
1559 silly packumentCache full:https://registry.npmjs.org/dunder-proto set size:undefined disposed:false
1560 http fetch GET 200 https://registry.npmjs.org/dunder-proto 29ms (cache miss)
1561 silly packumentCache full:https://registry.npmjs.org/dunder-proto set size:undefined disposed:false
1562 http fetch GET 200 https://registry.npmjs.org/is-date-object 44ms (cache miss)
1563 silly packumentCache full:https://registry.npmjs.org/is-date-object set size:undefined disposed:false
1564 http fetch GET 200 https://registry.npmjs.org/for-each 30ms (cache miss)
1565 silly packumentCache full:https://registry.npmjs.org/for-each set size:undefined disposed:false
1566 http fetch GET 200 https://registry.npmjs.org/for-each 34ms (cache miss)
1567 silly packumentCache full:https://registry.npmjs.org/for-each set size:undefined disposed:false
1568 http fetch GET 200 https://registry.npmjs.org/reflect.getprototypeof 30ms (cache miss)
1569 silly packumentCache full:https://registry.npmjs.org/reflect.getprototypeof set size:undefined disposed:false
1570 http fetch GET 200 https://registry.npmjs.org/possible-typed-array-names 25ms (cache miss)
1571 silly packumentCache full:https://registry.npmjs.org/possible-typed-array-names set size:undefined disposed:false
1572 http fetch GET 200 https://registry.npmjs.org/for-each 28ms (cache miss)
1573 silly packumentCache full:https://registry.npmjs.org/for-each set size:undefined disposed:false
1574 http fetch GET 200 https://registry.npmjs.org/for-each 20ms (cache miss)
1575 silly packumentCache full:https://registry.npmjs.org/for-each set size:undefined disposed:false
1576 http fetch GET 200 https://registry.npmjs.org/reflect.getprototypeof 24ms (cache miss)
1577 silly packumentCache full:https://registry.npmjs.org/reflect.getprototypeof set size:undefined disposed:false
1578 http fetch GET 200 https://registry.npmjs.org/has-bigints 25ms (cache miss)
1579 silly packumentCache full:https://registry.npmjs.org/has-bigints set size:undefined disposed:false
1580 http fetch GET 200 https://registry.npmjs.org/which-boxed-primitive 27ms (cache miss)
1581 silly packumentCache full:https://registry.npmjs.org/which-boxed-primitive set size:undefined disposed:false
1582 silly placeDep ROOT possible-typed-array-names@1.1.0 OK for: available-typed-arrays@1.0.7 want: ^1.0.0
1583 silly placeDep ROOT has-tostringtag@1.0.2 OK for: es-set-tostringtag@2.1.0 want: ^1.0.2
1584 silly placeDep ROOT es-abstract-get@1.0.0 OK for: es-to-primitive@1.3.4 want: ^1.0.0
1585 silly placeDep ROOT is-date-object@1.1.0 OK for: es-to-primitive@1.3.4 want: ^1.1.0
1586 silly placeDep ROOT is-symbol@1.1.1 OK for: es-to-primitive@1.3.4 want: ^1.1.1
1587 silly placeDep node_modules/eslint-module-utils debug@3.2.7 OK for: eslint-module-utils@2.14.0 want: ^3.2.7
1588 silly placeDep ROOT aria-query@5.3.2 OK for: eslint-plugin-jsx-a11y@6.10.2 want: ^5.3.2
1589 silly placeDep ROOT ast-types-flow@0.0.8 OK for: eslint-plugin-jsx-a11y@6.10.2 want: ^0.0.8
1590 silly placeDep ROOT axe-core@4.13.0 OK for: eslint-plugin-jsx-a11y@6.10.2 want: ^4.10.0
1591 silly placeDep ROOT axobject-query@4.1.0 OK for: eslint-plugin-jsx-a11y@6.10.2 want: ^4.1.0
1592 silly placeDep ROOT damerau-levenshtein@1.0.8 OK for: eslint-plugin-jsx-a11y@6.10.2 want: ^1.0.8
1593 silly placeDep ROOT emoji-regex@9.2.2 OK for: eslint-plugin-jsx-a11y@6.10.2 want: ^9.2.2
1594 silly placeDep ROOT jsx-ast-utils@3.3.5 OK for: eslint-plugin-jsx-a11y@6.10.2 want: ^3.3.5
1595 silly placeDep ROOT language-tags@1.0.9 OK for: eslint-plugin-jsx-a11y@6.10.2 want: ^1.0.9
1596 silly placeDep ROOT string.prototype.includes@2.0.1 OK for: eslint-plugin-jsx-a11y@6.10.2 want: ^2.0.1
1597 silly fetch manifest language-subtag-registry@^0.3.20
1598 silly packumentCache full:https://registry.npmjs.org/language-subtag-registry cache-miss
1599 http fetch GET 200 https://registry.npmjs.org/language-subtag-registry 44ms (cache miss)
1600 silly packumentCache full:https://registry.npmjs.org/language-subtag-registry set size:undefined disposed:false
1601 silly placeDep ROOT array.prototype.findlast@1.2.5 OK for: eslint-plugin-react@7.37.5 want: ^1.2.5
1602 silly placeDep ROOT array.prototype.tosorted@1.1.4 OK for: eslint-plugin-react@7.37.5 want: ^1.1.4
1603 silly placeDep ROOT es-iterator-helpers@1.4.0 OK for: eslint-plugin-react@7.37.5 want: ^1.2.1
1604 silly placeDep ROOT estraverse@5.3.0 OK for: eslint-plugin-react@7.37.5 want: ^5.3.0
1605 silly placeDep ROOT object.entries@1.1.9 OK for: eslint-plugin-react@7.37.5 want: ^1.1.9
1606 silly placeDep ROOT prop-types@15.8.1 OK for: eslint-plugin-react@7.37.5 want: ^15.8.1
1607 silly placeDep node_modules/eslint-plugin-react semver@6.3.1 OK for: eslint-plugin-react@7.37.5 want: ^6.3.1
1608 silly placeDep ROOT string.prototype.matchall@4.1.0 OK for: eslint-plugin-react@7.37.5 want: ^4.0.12
1609 silly placeDep ROOT string.prototype.repeat@1.0.0 OK for: eslint-plugin-react@7.37.5 want: ^1.0.0
1610 silly fetch manifest iterator.prototype@^1.1.5
1611 silly packumentCache full:https://registry.npmjs.org/iterator.prototype cache-miss
1612 silly fetch manifest loose-envify@^1.4.0
1613 silly packumentCache full:https://registry.npmjs.org/loose-envify cache-miss
1614 silly fetch manifest object-assign@^4.1.1
1615 silly packumentCache full:https://registry.npmjs.org/object-assign cache-miss
1616 silly fetch manifest react-is@^16.13.1
1617 silly packumentCache full:https://registry.npmjs.org/react-is cache-miss
1618 silly fetch manifest side-channel@^1.1.1
1619 silly packumentCache full:https://registry.npmjs.org/side-channel cache-miss
1620 http cache https://registry.npmjs.org/side-channel 6ms (cache hit)
1621 silly packumentCache full:https://registry.npmjs.org/side-channel set size:27650 disposed:false
1622 http fetch GET 200 https://registry.npmjs.org/loose-envify 24ms (cache miss)
1623 silly packumentCache full:https://registry.npmjs.org/loose-envify set size:undefined disposed:false
1624 http fetch GET 200 https://registry.npmjs.org/iterator.prototype 27ms (cache miss)
1625 silly packumentCache full:https://registry.npmjs.org/iterator.prototype set size:undefined disposed:false
1626 http fetch GET 200 https://registry.npmjs.org/object-assign 31ms (cache miss)
1627 silly packumentCache full:https://registry.npmjs.org/object-assign set size:undefined disposed:false
1628 http fetch GET 200 https://registry.npmjs.org/react-is 319ms (cache miss)
1629 silly packumentCache full:https://registry.npmjs.org/react-is set size:undefined disposed:false
1630 silly placeDep ROOT iterator.prototype@1.1.5 OK for: es-iterator-helpers@1.4.0 want: ^1.1.5
1631 silly placeDep ROOT esrecurse@4.3.0 OK for: eslint-scope@8.4.0 want: ^4.3.0
1632 silly placeDep ROOT acorn@8.18.0 OK for: espree@10.4.0 want: ^8.15.0
1633 silly placeDep ROOT acorn-jsx@5.3.2 OK for: espree@10.4.0 want: ^5.3.2
1634 silly placeDep ROOT @nodelib/fs.stat@2.0.5 OK for: fast-glob@3.3.1 want: ^2.0.2
1635 silly placeDep ROOT @nodelib/fs.walk@1.2.8 OK for: fast-glob@3.3.1 want: ^1.2.3
1636 silly placeDep node_modules/fast-glob glob-parent@5.1.2 OK for: fast-glob@3.3.1 want: ^5.1.2
1637 silly placeDep ROOT merge2@1.4.1 OK for: fast-glob@3.3.1 want: ^1.3.0
1638 silly placeDep ROOT micromatch@4.0.8 OK for: fast-glob@3.3.1 want: ^4.0.4
1639 silly fetch manifest fastq@^1.6.0
1640 silly packumentCache full:https://registry.npmjs.org/fastq cache-miss
1641 silly fetch manifest @nodelib/fs.scandir@2.1.5
1642 silly packumentCache full:https://registry.npmjs.org/@nodelib%2ffs.scandir cache-miss
1643 silly fetch manifest braces@^3.0.3
1644 silly packumentCache full:https://registry.npmjs.org/braces cache-miss
1645 silly fetch manifest picomatch@^2.3.1
1646 silly packumentCache full:https://registry.npmjs.org/picomatch cache-miss
1647 http cache https://registry.npmjs.org/picomatch 7ms (cache hit)
1648 silly packumentCache full:https://registry.npmjs.org/picomatch set size:134451 disposed:false
1649 http fetch GET 200 https://registry.npmjs.org/braces 41ms (cache miss)
1650 silly packumentCache full:https://registry.npmjs.org/braces set size:undefined disposed:false
1651 http fetch GET 200 https://registry.npmjs.org/@nodelib%2ffs.scandir 43ms (cache miss)
1652 silly packumentCache full:https://registry.npmjs.org/@nodelib%2ffs.scandir set size:undefined disposed:false
1653 http fetch GET 200 https://registry.npmjs.org/fastq 60ms (cache miss)
1654 silly packumentCache full:https://registry.npmjs.org/fastq set size:undefined disposed:false
1655 silly placeDep ROOT @nodelib/fs.scandir@2.1.5 OK for: @nodelib/fs.walk@1.2.8 want: 2.1.5
1656 silly placeDep ROOT fastq@1.20.3 OK for: @nodelib/fs.walk@1.2.8 want: ^1.6.0
1657 silly fetch manifest run-parallel@^1.1.9
1658 silly packumentCache full:https://registry.npmjs.org/run-parallel cache-miss
1659 silly fetch manifest reusify@^1.0.4
1660 silly packumentCache full:https://registry.npmjs.org/reusify cache-miss
1661 http fetch GET 200 https://registry.npmjs.org/reusify 19ms (cache miss)
1662 silly packumentCache full:https://registry.npmjs.org/reusify set size:undefined disposed:false
1663 http fetch GET 200 https://registry.npmjs.org/run-parallel 20ms (cache miss)
1664 silly packumentCache full:https://registry.npmjs.org/run-parallel set size:undefined disposed:false
1665 silly placeDep ROOT run-parallel@1.2.0 OK for: @nodelib/fs.scandir@2.1.5 want: ^1.1.9
1666 silly fetch manifest queue-microtask@^1.2.2
1667 silly packumentCache full:https://registry.npmjs.org/queue-microtask cache-miss
1668 http fetch GET 200 https://registry.npmjs.org/queue-microtask 37ms (cache miss)
1669 silly packumentCache full:https://registry.npmjs.org/queue-microtask set size:undefined disposed:false
1670 silly placeDep ROOT reusify@1.1.0 OK for: fastq@1.20.3 want: ^1.0.4
1671 silly placeDep ROOT flat-cache@4.0.1 OK for: file-entry-cache@8.0.0 want: ^4.0.0
1672 silly fetch manifest keyv@^4.5.4
1673 silly packumentCache full:https://registry.npmjs.org/keyv cache-miss
1674 silly fetch manifest flatted@^3.2.9
1675 silly packumentCache full:https://registry.npmjs.org/flatted cache-miss
1676 http fetch GET 200 https://registry.npmjs.org/flatted 39ms (cache miss)
1677 silly packumentCache full:https://registry.npmjs.org/flatted set size:undefined disposed:false
1678 http fetch GET 200 https://registry.npmjs.org/keyv 62ms (cache miss)
1679 silly packumentCache full:https://registry.npmjs.org/keyv set size:undefined disposed:false
1680 silly placeDep ROOT locate-path@6.0.0 OK for: find-up@5.0.0 want: ^6.0.0
1681 silly placeDep ROOT path-exists@4.0.0 OK for: find-up@5.0.0 want: ^4.0.0
1682 silly fetch manifest p-locate@^5.0.0
1683 silly packumentCache full:https://registry.npmjs.org/p-locate cache-miss
1684 http fetch GET 200 https://registry.npmjs.org/p-locate 30ms (cache miss)
1685 silly packumentCache full:https://registry.npmjs.org/p-locate set size:undefined disposed:false
1686 silly placeDep ROOT flatted@3.4.4 OK for: flat-cache@4.0.1 want: ^3.2.9
1687 silly placeDep ROOT keyv@4.5.4 OK for: flat-cache@4.0.1 want: ^4.5.4
1688 silly fetch manifest json-buffer@3.0.1
1689 silly packumentCache full:https://registry.npmjs.org/json-buffer cache-miss
1690 http fetch GET 200 https://registry.npmjs.org/json-buffer 27ms (cache miss)
1691 silly packumentCache full:https://registry.npmjs.org/json-buffer set size:undefined disposed:false
1692 silly placeDep ROOT functions-have-names@1.2.3 OK for: function.prototype.name@1.2.0 want: ^1.2.3
1693 silly placeDep ROOT is-document.all@1.0.0 OK for: function.prototype.name@1.2.0 want: ^1.0.0
1694 silly placeDep ROOT dunder-proto@1.0.1 OK for: get-proto@1.0.1 want: ^1.0.1
1695 silly placeDep ROOT resolve-pkg-maps@1.0.0 OK for: get-tsconfig@4.14.3 want: ^1.0.0
1696 silly placeDep ROOT parent-module@1.0.1 OK for: import-fresh@3.3.1 want: ^1.0.0
1697 silly placeDep ROOT resolve-from@4.0.0 OK for: import-fresh@3.3.1 want: ^4.0.0
1698 silly fetch manifest callsites@^3.0.0
1699 silly packumentCache full:https://registry.npmjs.org/callsites cache-miss
1700 http fetch GET 200 https://registry.npmjs.org/callsites 31ms (cache miss)
1701 silly packumentCache full:https://registry.npmjs.org/callsites set size:undefined disposed:false
1702 silly placeDep ROOT side-channel@1.1.1 OK for: internal-slot@1.1.0 want: ^1.1.0
1703 silly fetch manifest side-channel-list@^1.0.1
1704 silly packumentCache full:https://registry.npmjs.org/side-channel-list cache-miss
1705 silly fetch manifest side-channel-map@^1.0.1
1706 silly packumentCache full:https://registry.npmjs.org/side-channel-map cache-miss
1707 silly fetch manifest side-channel-weakmap@^1.0.2
1708 silly packumentCache full:https://registry.npmjs.org/side-channel-weakmap cache-miss
1709 http fetch GET 200 https://registry.npmjs.org/side-channel-list 19ms (cache miss)
1710 silly packumentCache full:https://registry.npmjs.org/side-channel-list set size:undefined disposed:false
1711 http fetch GET 200 https://registry.npmjs.org/side-channel-weakmap 29ms (cache miss)
1712 silly packumentCache full:https://registry.npmjs.org/side-channel-weakmap set size:undefined disposed:false
1713 http fetch GET 200 https://registry.npmjs.org/side-channel-map 31ms (cache miss)
1714 silly packumentCache full:https://registry.npmjs.org/side-channel-map set size:undefined disposed:false
1715 silly placeDep ROOT is-extglob@2.1.1 OK for: is-glob@4.0.3 want: ^2.1.1
1716 silly placeDep ROOT set-function-name@2.0.2 OK for: iterator.prototype@1.1.5 want: ^2.0.2
1717 silly placeDep ROOT argparse@2.0.1 OK for: js-yaml@4.3.2 want: ^2.0.1
1718 silly placeDep ROOT json-buffer@3.0.1 OK for: keyv@4.5.4 want: 3.0.1
1719 silly placeDep ROOT language-subtag-registry@0.3.23 OK for: language-tags@1.0.9 want: ^0.3.20
1720 silly placeDep ROOT prelude-ls@1.2.1 OK for: levn@0.4.1 want: ^1.2.1
1721 silly placeDep ROOT type-check@0.4.0 OK for: levn@0.4.1 want: ~0.4.0
1722 silly placeDep ROOT p-locate@5.0.0 OK for: locate-path@6.0.0 want: ^5.0.0
1723 silly fetch manifest p-limit@^3.0.2
1724 silly packumentCache full:https://registry.npmjs.org/p-limit cache-miss
1725 http fetch GET 200 https://registry.npmjs.org/p-limit 32ms (cache miss)
1726 silly packumentCache full:https://registry.npmjs.org/p-limit set size:undefined disposed:false
1727 silly placeDep ROOT braces@3.0.3 OK for: micromatch@4.0.8 want: ^3.0.3
1728 silly placeDep ROOT picomatch@2.3.2 OK for: micromatch@4.0.8 want: ^2.3.1
1729 silly fetch manifest fill-range@^7.1.1
1730 silly packumentCache full:https://registry.npmjs.org/fill-range cache-miss
1731 http fetch GET 200 https://registry.npmjs.org/fill-range 37ms (cache miss)
1732 silly packumentCache full:https://registry.npmjs.org/fill-range set size:undefined disposed:false
1733 silly placeDep ROOT fill-range@7.1.1 OK for: braces@3.0.3 want: ^7.1.1
1734 silly fetch manifest to-regex-range@^5.0.1
1735 silly packumentCache full:https://registry.npmjs.org/to-regex-range cache-miss
1736 http fetch GET 200 https://registry.npmjs.org/to-regex-range 36ms (cache miss)
1737 silly packumentCache full:https://registry.npmjs.org/to-regex-range set size:undefined disposed:false
1738 silly placeDep ROOT to-regex-range@5.0.1 OK for: fill-range@7.1.1 want: ^5.0.1
1739 silly fetch manifest is-number@^7.0.0
1740 silly packumentCache full:https://registry.npmjs.org/is-number cache-miss
1741 http fetch GET 200 https://registry.npmjs.org/is-number 42ms (cache miss)
1742 silly packumentCache full:https://registry.npmjs.org/is-number set size:undefined disposed:false
1743 silly placeDep ROOT brace-expansion@1.1.21 OK for: minimatch@3.1.5 want: ^1.1.7
1744 silly fetch manifest concat-map@0.0.1
1745 silly packumentCache full:https://registry.npmjs.org/concat-map cache-miss
1746 silly fetch manifest balanced-match@^1.0.0
1747 silly packumentCache full:https://registry.npmjs.org/balanced-match cache-miss
1748 http fetch GET 200 https://registry.npmjs.org/balanced-match 20ms (cache miss)
1749 silly packumentCache full:https://registry.npmjs.org/balanced-match set size:undefined disposed:false
1750 http fetch GET 200 https://registry.npmjs.org/concat-map 21ms (cache miss)
1751 silly packumentCache full:https://registry.npmjs.org/concat-map set size:undefined disposed:false
1752 silly placeDep ROOT balanced-match@1.0.2 OK for: brace-expansion@1.1.21 want: ^1.0.0
1753 silly placeDep ROOT concat-map@0.0.1 OK for: brace-expansion@1.1.21 want: 0.0.1
1754 silly fetch manifest react@^18.2.0 || 19.0.0-rc-de68d2f4-20241204 || ^19.0.0
1755 silly packumentCache full:https://registry.npmjs.org/react cache-miss
1756 http cache https://registry.npmjs.org/react 13ms (cache hit)
1757 silly packumentCache full:https://registry.npmjs.org/react set size:6997055 disposed:false
1758 silly placeDep ROOT @next/env@15.1.6 OK for: next@15.1.6 want: 15.1.6
1759 silly placeDep ROOT @next/swc-darwin-arm64@15.1.6 OK for: next@15.1.6 want: 15.1.6
1760 silly placeDep ROOT @next/swc-darwin-x64@15.1.6 OK for: next@15.1.6 want: 15.1.6
1761 silly placeDep ROOT @next/swc-linux-arm64-gnu@15.1.6 OK for: next@15.1.6 want: 15.1.6
1762 silly placeDep ROOT @next/swc-linux-arm64-musl@15.1.6 OK for: next@15.1.6 want: 15.1.6
1763 silly placeDep ROOT @next/swc-linux-x64-gnu@15.1.6 OK for: next@15.1.6 want: 15.1.6
1764 silly placeDep ROOT @next/swc-linux-x64-musl@15.1.6 OK for: next@15.1.6 want: 15.1.6
1765 silly placeDep ROOT @next/swc-win32-arm64-msvc@15.1.6 OK for: next@15.1.6 want: 15.1.6
1766 silly placeDep ROOT @next/swc-win32-x64-msvc@15.1.6 OK for: next@15.1.6 want: 15.1.6
1767 silly placeDep ROOT @swc/counter@0.1.3 OK for: next@15.1.6 want: 0.1.3
1768 silly placeDep ROOT @swc/helpers@0.5.15 OK for: next@15.1.6 want: 0.5.15
1769 silly placeDep ROOT busboy@1.6.0 OK for: next@15.1.6 want: 1.6.0
1770 silly placeDep ROOT caniuse-lite@1.0.30001810 OK for: next@15.1.6 want: ^1.0.30001579
1771 silly placeDep ROOT postcss@8.4.31 OK for: next@15.1.6 want: 8.4.31
1772 silly placeDep ROOT sharp@0.33.5 OK for: next@15.1.6 want: ^0.33.5
1773 silly placeDep ROOT styled-jsx@5.1.6 OK for: next@15.1.6 want: 5.1.6
1774 silly fetch manifest tslib@^2.8.0
1775 silly packumentCache full:https://registry.npmjs.org/tslib cache-miss
1776 silly fetch manifest streamsearch@^1.1.0
1777 silly packumentCache full:https://registry.npmjs.org/streamsearch cache-miss
1778 silly fetch manifest nanoid@^3.3.6
1779 silly packumentCache full:https://registry.npmjs.org/nanoid cache-miss
1780 silly fetch manifest picocolors@^1.0.0
1781 silly packumentCache full:https://registry.npmjs.org/picocolors cache-miss
1782 silly fetch manifest source-map-js@^1.0.2
1783 silly packumentCache full:https://registry.npmjs.org/source-map-js cache-miss
1784 silly fetch manifest color@^4.2.3
1785 silly packumentCache full:https://registry.npmjs.org/color cache-miss
1786 silly fetch manifest detect-libc@^2.0.3
1787 silly packumentCache full:https://registry.npmjs.org/detect-libc cache-miss
1788 silly fetch manifest @img/sharp-wasm32@0.33.5
1789 silly packumentCache full:https://registry.npmjs.org/@img%2fsharp-wasm32 cache-miss
1790 silly fetch manifest @img/sharp-linux-arm@0.33.5
1791 silly packumentCache full:https://registry.npmjs.org/@img%2fsharp-linux-arm cache-miss
1792 silly fetch manifest @img/sharp-linux-x64@0.33.5
1793 silly packumentCache full:https://registry.npmjs.org/@img%2fsharp-linux-x64 cache-miss
1794 silly fetch manifest @img/sharp-win32-x64@0.33.5
1795 silly packumentCache full:https://registry.npmjs.org/@img%2fsharp-win32-x64 cache-miss
1796 silly fetch manifest @img/sharp-darwin-x64@0.33.5
1797 silly packumentCache full:https://registry.npmjs.org/@img%2fsharp-darwin-x64 cache-miss
1798 silly fetch manifest @img/sharp-win32-ia32@0.33.5
1799 silly packumentCache full:https://registry.npmjs.org/@img%2fsharp-win32-ia32 cache-miss
1800 silly fetch manifest @img/sharp-linux-arm64@0.33.5
1801 silly packumentCache full:https://registry.npmjs.org/@img%2fsharp-linux-arm64 cache-miss
1802 silly fetch manifest @img/sharp-linux-s390x@0.33.5
1803 silly packumentCache full:https://registry.npmjs.org/@img%2fsharp-linux-s390x cache-miss
1804 http fetch GET 200 https://registry.npmjs.org/streamsearch 25ms (cache miss)
1805 silly packumentCache full:https://registry.npmjs.org/streamsearch set size:undefined disposed:false
1806 silly fetch manifest @img/sharp-darwin-arm64@0.33.5
1807 silly packumentCache full:https://registry.npmjs.org/@img%2fsharp-darwin-arm64 cache-miss
1808 http fetch GET 200 https://registry.npmjs.org/picocolors 27ms (cache miss)
1809 silly packumentCache full:https://registry.npmjs.org/picocolors set size:undefined disposed:false
1810 silly fetch manifest @img/sharp-linuxmusl-x64@0.33.5
1811 silly packumentCache full:https://registry.npmjs.org/@img%2fsharp-linuxmusl-x64 cache-miss
1812 http fetch GET 200 https://registry.npmjs.org/detect-libc 44ms (cache miss)
1813 silly packumentCache full:https://registry.npmjs.org/detect-libc set size:undefined disposed:false
1814 silly fetch manifest @img/sharp-linuxmusl-arm64@0.33.5
1815 silly packumentCache full:https://registry.npmjs.org/@img%2fsharp-linuxmusl-arm64 cache-miss
1816 http fetch GET 200 https://registry.npmjs.org/@img%2fsharp-linux-arm64 45ms (cache miss)
1817 silly packumentCache full:https://registry.npmjs.org/@img%2fsharp-linux-arm64 set size:undefined disposed:false
1818 silly fetch manifest @img/sharp-libvips-linux-arm@1.0.5
1819 silly packumentCache full:https://registry.npmjs.org/@img%2fsharp-libvips-linux-arm cache-miss
1820 http fetch GET 200 https://registry.npmjs.org/@img%2fsharp-linux-s390x 47ms (cache miss)
1821 silly packumentCache full:https://registry.npmjs.org/@img%2fsharp-linux-s390x set size:undefined disposed:false
1822 silly fetch manifest @img/sharp-libvips-linux-x64@1.0.4
1823 silly packumentCache full:https://registry.npmjs.org/@img%2fsharp-libvips-linux-x64 cache-miss
1824 http fetch GET 200 https://registry.npmjs.org/@img%2fsharp-wasm32 48ms (cache miss)
1825 silly packumentCache full:https://registry.npmjs.org/@img%2fsharp-wasm32 set size:undefined disposed:false
1826 silly fetch manifest @img/sharp-libvips-darwin-x64@1.0.4
1827 silly packumentCache full:https://registry.npmjs.org/@img%2fsharp-libvips-darwin-x64 cache-miss
1828 http fetch GET 200 https://registry.npmjs.org/source-map-js 50ms (cache miss)
1829 silly packumentCache full:https://registry.npmjs.org/source-map-js set size:undefined disposed:false
1830 silly fetch manifest @img/sharp-libvips-linux-arm64@1.0.4
1831 silly packumentCache full:https://registry.npmjs.org/@img%2fsharp-libvips-linux-arm64 cache-miss
1832 http fetch GET 200 https://registry.npmjs.org/@img%2fsharp-darwin-x64 51ms (cache miss)
1833 silly packumentCache full:https://registry.npmjs.org/@img%2fsharp-darwin-x64 set size:undefined disposed:false
1834 silly fetch manifest @img/sharp-libvips-linux-s390x@1.0.4
1835 silly packumentCache full:https://registry.npmjs.org/@img%2fsharp-libvips-linux-s390x cache-miss
1836 http fetch GET 200 https://registry.npmjs.org/color 57ms (cache miss)
1837 silly packumentCache full:https://registry.npmjs.org/color set size:undefined disposed:false
1838 silly fetch manifest @img/sharp-libvips-darwin-arm64@1.0.4
1839 silly packumentCache full:https://registry.npmjs.org/@img%2fsharp-libvips-darwin-arm64 cache-miss
1840 http fetch GET 200 https://registry.npmjs.org/@img%2fsharp-win32-x64 59ms (cache miss)
1841 silly packumentCache full:https://registry.npmjs.org/@img%2fsharp-win32-x64 set size:undefined disposed:false
1842 silly fetch manifest @img/sharp-libvips-linuxmusl-x64@1.0.4
1843 silly packumentCache full:https://registry.npmjs.org/@img%2fsharp-libvips-linuxmusl-x64 cache-miss
1844 http fetch GET 200 https://registry.npmjs.org/@img%2fsharp-linux-arm 61ms (cache miss)
1845 silly packumentCache full:https://registry.npmjs.org/@img%2fsharp-linux-arm set size:undefined disposed:false
1846 silly fetch manifest @img/sharp-libvips-linuxmusl-arm64@1.0.4
1847 silly packumentCache full:https://registry.npmjs.org/@img%2fsharp-libvips-linuxmusl-arm64 cache-miss
1848 http fetch GET 200 https://registry.npmjs.org/tslib 67ms (cache miss)
1849 silly packumentCache full:https://registry.npmjs.org/tslib set size:undefined disposed:false
1850 silly fetch manifest client-only@0.0.1
1851 silly packumentCache full:https://registry.npmjs.org/client-only cache-miss
1852 http fetch GET 200 https://registry.npmjs.org/@img%2fsharp-linux-x64 68ms (cache miss)
1853 silly packumentCache full:https://registry.npmjs.org/@img%2fsharp-linux-x64 set size:undefined disposed:false
1854 http fetch GET 200 https://registry.npmjs.org/@img%2fsharp-darwin-arm64 45ms (cache miss)
1855 silly packumentCache full:https://registry.npmjs.org/@img%2fsharp-darwin-arm64 set size:undefined disposed:false
1856 http fetch GET 200 https://registry.npmjs.org/nanoid 72ms (cache miss)
1857 silly packumentCache full:https://registry.npmjs.org/nanoid set size:undefined disposed:false
1858 http fetch GET 200 https://registry.npmjs.org/@img%2fsharp-linuxmusl-x64 47ms (cache miss)
1859 silly packumentCache full:https://registry.npmjs.org/@img%2fsharp-linuxmusl-x64 set size:undefined disposed:false
1860 http fetch GET 200 https://registry.npmjs.org/@img%2fsharp-win32-ia32 110ms (cache miss)
1861 silly packumentCache full:https://registry.npmjs.org/@img%2fsharp-win32-ia32 set size:undefined disposed:false
1862 http fetch GET 200 https://registry.npmjs.org/@img%2fsharp-libvips-linux-arm 69ms (cache miss)
1863 silly packumentCache full:https://registry.npmjs.org/@img%2fsharp-libvips-linux-arm set size:undefined disposed:false
1864 http fetch GET 200 https://registry.npmjs.org/@img%2fsharp-libvips-linux-arm64 66ms (cache miss)
1865 silly packumentCache full:https://registry.npmjs.org/@img%2fsharp-libvips-linux-arm64 set size:undefined disposed:false
1866 http fetch GET 200 https://registry.npmjs.org/@img%2fsharp-libvips-linuxmusl-x64 57ms (cache miss)
1867 silly packumentCache full:https://registry.npmjs.org/@img%2fsharp-libvips-linuxmusl-x64 set size:undefined disposed:false
1868 http fetch GET 200 https://registry.npmjs.org/client-only 50ms (cache miss)
1869 silly packumentCache full:https://registry.npmjs.org/client-only set size:undefined disposed:false
1870 http fetch GET 200 https://registry.npmjs.org/@img%2fsharp-libvips-linux-s390x 66ms (cache miss)
1871 silly packumentCache full:https://registry.npmjs.org/@img%2fsharp-libvips-linux-s390x set size:undefined disposed:false
1872 http fetch GET 200 https://registry.npmjs.org/@img%2fsharp-libvips-linux-x64 72ms (cache miss)
1873 silly packumentCache full:https://registry.npmjs.org/@img%2fsharp-libvips-linux-x64 set size:undefined disposed:false
1874 http fetch GET 200 https://registry.npmjs.org/@img%2fsharp-libvips-darwin-x64 70ms (cache miss)
1875 silly packumentCache full:https://registry.npmjs.org/@img%2fsharp-libvips-darwin-x64 set size:undefined disposed:false
1876 http fetch GET 200 https://registry.npmjs.org/@img%2fsharp-libvips-linuxmusl-arm64 58ms (cache miss)
1877 silly packumentCache full:https://registry.npmjs.org/@img%2fsharp-libvips-linuxmusl-arm64 set size:undefined disposed:false
1878 http fetch GET 200 https://registry.npmjs.org/@img%2fsharp-linuxmusl-arm64 77ms (cache miss)
1879 silly packumentCache full:https://registry.npmjs.org/@img%2fsharp-linuxmusl-arm64 set size:undefined disposed:false
1880 http fetch GET 200 https://registry.npmjs.org/@img%2fsharp-libvips-darwin-arm64 263ms (cache miss)
1881 silly packumentCache full:https://registry.npmjs.org/@img%2fsharp-libvips-darwin-arm64 set size:undefined disposed:false
1882 silly placeDep ROOT tslib@2.8.1 OK for: @swc/helpers@0.5.15 want: ^2.8.0
1883 silly placeDep ROOT streamsearch@1.1.0 OK for: busboy@1.6.0 want: ^1.1.0
1884 silly placeDep ROOT deep-is@0.1.4 OK for: optionator@0.9.4 want: ^0.1.3
1885 silly placeDep ROOT fast-levenshtein@2.0.6 OK for: optionator@0.9.4 want: ^2.0.6
1886 silly placeDep ROOT word-wrap@1.2.5 OK for: optionator@0.9.4 want: ^1.2.5
1887 silly placeDep ROOT p-limit@3.1.0 OK for: p-locate@5.0.0 want: ^3.0.2
1888 silly fetch manifest yocto-queue@^0.1.0
1889 silly packumentCache full:https://registry.npmjs.org/yocto-queue cache-miss
1890 http fetch GET 200 https://registry.npmjs.org/yocto-queue 36ms (cache miss)
1891 silly packumentCache full:https://registry.npmjs.org/yocto-queue set size:undefined disposed:false
1892 silly placeDep ROOT yocto-queue@0.1.0 OK for: p-limit@3.1.0 want: ^0.1.0
1893 silly placeDep ROOT callsites@3.1.0 OK for: parent-module@1.0.1 want: ^3.0.0
1894 silly placeDep ROOT nanoid@3.3.19 OK for: postcss@8.4.31 want: ^3.3.6
1895 silly placeDep ROOT picocolors@1.1.1 OK for: postcss@8.4.31 want: ^1.0.0
1896 silly placeDep ROOT source-map-js@1.2.1 OK for: postcss@8.4.31 want: ^1.0.2
1897 silly placeDep ROOT loose-envify@1.4.0 OK for: prop-types@15.8.1 want: ^1.4.0
1898 silly placeDep ROOT object-assign@4.1.1 OK for: prop-types@15.8.1 want: ^4.1.1
1899 silly placeDep ROOT react-is@16.13.1 OK for: prop-types@15.8.1 want: ^16.13.1
1900 silly fetch manifest js-tokens@^3.0.0 || ^4.0.0
1901 silly packumentCache full:https://registry.npmjs.org/js-tokens cache-miss
1902 http fetch GET 200 https://registry.npmjs.org/js-tokens 29ms (cache miss)
1903 silly packumentCache full:https://registry.npmjs.org/js-tokens set size:undefined disposed:false
1904 silly placeDep ROOT js-tokens@4.0.0 OK for: loose-envify@1.4.0 want: ^3.0.0 || ^4.0.0
1905 silly placeDep ROOT scheduler@0.25.0 OK for: react-dom@19.0.0 want: ^0.25.0
1906 silly placeDep ROOT node-exports-info@1.6.2 OK for: resolve@2.0.0-next.7 want: ^1.6.0
1907 silly placeDep ROOT path-parse@1.0.7 OK for: resolve@2.0.0-next.7 want: ^1.0.7
1908 silly placeDep ROOT supports-preserve-symlinks-flag@1.0.0 OK for: resolve@2.0.0-next.7 want: ^1.0.0
1909 silly placeDep node_modules/node-exports-info semver@6.3.1 OK for: node-exports-info@1.6.2 want: ^6.3.1
1910 silly placeDep ROOT queue-microtask@1.2.3 OK for: run-parallel@1.2.0 want: ^1.2.2
1911 silly placeDep ROOT isarray@2.0.5 OK for: safe-array-concat@1.1.4 want: ^2.0.5
1912 silly placeDep ROOT @img/sharp-darwin-arm64@0.33.5 OK for: sharp@0.33.5 want: 0.33.5
1913 silly placeDep ROOT @img/sharp-darwin-x64@0.33.5 OK for: sharp@0.33.5 want: 0.33.5
1914 silly placeDep ROOT @img/sharp-libvips-darwin-arm64@1.0.4 OK for: sharp@0.33.5 want: 1.0.4
1915 silly placeDep ROOT @img/sharp-libvips-darwin-x64@1.0.4 OK for: sharp@0.33.5 want: 1.0.4
1916 silly placeDep ROOT @img/sharp-libvips-linux-arm@1.0.5 OK for: sharp@0.33.5 want: 1.0.5
1917 silly placeDep ROOT @img/sharp-libvips-linux-arm64@1.0.4 OK for: sharp@0.33.5 want: 1.0.4
1918 silly placeDep ROOT @img/sharp-libvips-linux-s390x@1.0.4 OK for: sharp@0.33.5 want: 1.0.4
1919 silly placeDep ROOT @img/sharp-libvips-linux-x64@1.0.4 OK for: sharp@0.33.5 want: 1.0.4
1920 silly placeDep ROOT @img/sharp-libvips-linuxmusl-arm64@1.0.4 OK for: sharp@0.33.5 want: 1.0.4
1921 silly placeDep ROOT @img/sharp-libvips-linuxmusl-x64@1.0.4 OK for: sharp@0.33.5 want: 1.0.4
1922 silly placeDep ROOT @img/sharp-linux-arm@0.33.5 OK for: sharp@0.33.5 want: 0.33.5
1923 silly placeDep ROOT @img/sharp-linux-arm64@0.33.5 OK for: sharp@0.33.5 want: 0.33.5
1924 silly placeDep ROOT @img/sharp-linux-s390x@0.33.5 OK for: sharp@0.33.5 want: 0.33.5
1925 silly placeDep ROOT @img/sharp-linux-x64@0.33.5 OK for: sharp@0.33.5 want: 0.33.5
1926 silly placeDep ROOT @img/sharp-linuxmusl-arm64@0.33.5 OK for: sharp@0.33.5 want: 0.33.5
1927 silly placeDep ROOT @img/sharp-linuxmusl-x64@0.33.5 OK for: sharp@0.33.5 want: 0.33.5
1928 silly placeDep ROOT @img/sharp-wasm32@0.33.5 OK for: sharp@0.33.5 want: 0.33.5
1929 silly placeDep ROOT @img/sharp-win32-ia32@0.33.5 OK for: sharp@0.33.5 want: 0.33.5
1930 silly placeDep ROOT @img/sharp-win32-x64@0.33.5 OK for: sharp@0.33.5 want: 0.33.5
1931 silly placeDep ROOT color@4.2.3 OK for: sharp@0.33.5 want: ^4.2.3
1932 silly placeDep ROOT detect-libc@2.1.2 OK for: sharp@0.33.5 want: ^2.0.3
1933 silly fetch manifest @emnapi/runtime@^1.2.0
1934 silly packumentCache full:https://registry.npmjs.org/@emnapi%2fruntime cache-miss
1935 silly fetch manifest color-string@^1.9.0
1936 silly packumentCache full:https://registry.npmjs.org/color-string cache-miss
1937 http fetch GET 200 https://registry.npmjs.org/@emnapi%2fruntime 42ms (cache miss)
1938 silly packumentCache full:https://registry.npmjs.org/@emnapi%2fruntime set size:undefined disposed:false
1939 http fetch GET 200 https://registry.npmjs.org/color-string 43ms (cache miss)
1940 silly packumentCache full:https://registry.npmjs.org/color-string set size:undefined disposed:false
1941 silly placeDep ROOT @emnapi/runtime@1.11.3 OK for: @img/sharp-wasm32@0.33.5 want: ^1.2.0
1942 silly placeDep ROOT color-string@1.9.1 OK for: color@4.2.3 want: ^1.9.0
1943 silly fetch manifest simple-swizzle@^0.2.2
1944 silly packumentCache full:https://registry.npmjs.org/simple-swizzle cache-miss
1945 http fetch GET 200 https://registry.npmjs.org/simple-swizzle 25ms (cache miss)
1946 silly packumentCache full:https://registry.npmjs.org/simple-swizzle set size:undefined disposed:false
1947 silly placeDep ROOT simple-swizzle@0.2.4 OK for: color-string@1.9.1 want: ^0.2.2
1948 silly fetch manifest is-arrayish@^0.3.1
1949 silly packumentCache full:https://registry.npmjs.org/is-arrayish cache-miss
1950 http fetch GET 200 https://registry.npmjs.org/is-arrayish 250ms (cache miss)
1951 silly packumentCache full:https://registry.npmjs.org/is-arrayish set size:undefined disposed:false
1952 silly placeDep ROOT shebang-regex@3.0.0 OK for: shebang-command@2.0.0 want: ^3.0.0
1953 silly placeDep ROOT side-channel-list@1.0.1 OK for: side-channel@1.1.1 want: ^1.0.1
1954 silly placeDep ROOT side-channel-map@1.0.1 OK for: side-channel@1.1.1 want: ^1.0.1
1955 silly placeDep ROOT side-channel-weakmap@1.0.2 OK for: side-channel@1.1.1 want: ^1.0.2
1956 silly placeDep ROOT is-arrayish@0.3.4 OK for: simple-swizzle@0.2.4 want: ^0.3.1
1957 silly placeDep ROOT client-only@0.0.1 OK for: styled-jsx@5.1.6 want: 0.0.1
1958 silly placeDep ROOT has-flag@4.0.0 OK for: supports-color@7.2.0 want: ^4.0.0
1959 silly placeDep node_modules/tinyglobby fdir@6.5.0 OK for: tinyglobby@0.2.17 want: ^6.5.0
1960 silly placeDep node_modules/tinyglobby picomatch@4.0.7 OK for: fdir@6.5.0 want: ^3 || ^4
1961 silly placeDep ROOT is-number@7.0.0 OK for: to-regex-range@5.0.1 want: ^7.0.0
1962 silly placeDep ROOT @types/json5@0.0.29 OK for: tsconfig-paths@3.15.0 want: ^0.0.29
1963 silly placeDep ROOT json5@1.0.2 OK for: tsconfig-paths@3.15.0 want: ^1.0.2
1964 silly placeDep ROOT minimist@1.2.8 OK for: tsconfig-paths@3.15.0 want: ^1.2.6
1965 silly placeDep ROOT strip-bom@3.0.0 OK for: tsconfig-paths@3.15.0 want: ^3.0.0
1966 silly fetch manifest minimist@^1.2.0
1967 silly packumentCache full:https://registry.npmjs.org/minimist cache-miss
1968 http cache https://registry.npmjs.org/minimist 3ms (cache hit)
1969 silly packumentCache full:https://registry.npmjs.org/minimist set size:77063 disposed:false
1970 silly placeDep ROOT for-each@0.3.5 OK for: typed-array-byte-length@1.0.3 want: ^0.3.3
1971 silly placeDep ROOT reflect.getprototypeof@1.0.10 OK for: typed-array-byte-offset@1.0.5 want: ^1.0.10
1972 silly fetch manifest which-builtin-type@^1.2.1
1973 silly packumentCache full:https://registry.npmjs.org/which-builtin-type cache-miss
1974 http fetch GET 200 https://registry.npmjs.org/which-builtin-type 23ms (cache miss)
1975 silly packumentCache full:https://registry.npmjs.org/which-builtin-type set size:undefined disposed:false
1976 silly placeDep ROOT which-builtin-type@1.2.1 OK for: reflect.getprototypeof@1.0.10 want: ^1.2.1
1977 silly fetch manifest is-async-function@^2.0.0
1978 silly packumentCache full:https://registry.npmjs.org/is-async-function cache-miss
1979 silly fetch manifest is-finalizationregistry@^1.1.0
1980 silly packumentCache full:https://registry.npmjs.org/is-finalizationregistry cache-miss
1981 silly fetch manifest is-generator-function@^1.0.10
1982 silly packumentCache full:https://registry.npmjs.org/is-generator-function cache-miss
1983 silly fetch manifest which-boxed-primitive@^1.1.0
1984 silly packumentCache full:https://registry.npmjs.org/which-boxed-primitive cache-miss
1985 silly fetch manifest which-collection@^1.0.2
1986 silly packumentCache full:https://registry.npmjs.org/which-collection cache-miss
1987 http cache https://registry.npmjs.org/which-boxed-primitive 3ms (cache hit)
1988 silly packumentCache full:https://registry.npmjs.org/which-boxed-primitive set size:19407 disposed:false
1989 http fetch GET 200 https://registry.npmjs.org/is-async-function 23ms (cache miss)
1990 silly packumentCache full:https://registry.npmjs.org/is-async-function set size:undefined disposed:false
1991 http fetch GET 200 https://registry.npmjs.org/is-generator-function 30ms (cache miss)
1992 silly packumentCache full:https://registry.npmjs.org/is-generator-function set size:undefined disposed:false
1993 http fetch GET 200 https://registry.npmjs.org/which-collection 31ms (cache miss)
1994 silly packumentCache full:https://registry.npmjs.org/which-collection set size:undefined disposed:false
1995 http fetch GET 200 https://registry.npmjs.org/is-finalizationregistry 32ms (cache miss)
1996 silly packumentCache full:https://registry.npmjs.org/is-finalizationregistry set size:undefined disposed:false
1997 silly placeDep ROOT has-bigints@1.1.0 OK for: unbox-primitive@1.1.0 want: ^1.0.2
1998 silly placeDep ROOT which-boxed-primitive@1.1.1 OK for: unbox-primitive@1.1.0 want: ^1.1.1
1999 silly fetch manifest is-bigint@^1.1.0
2000 silly packumentCache full:https://registry.npmjs.org/is-bigint cache-miss
2001 silly fetch manifest is-boolean-object@^1.2.1
2002 silly packumentCache full:https://registry.npmjs.org/is-boolean-object cache-miss
2003 silly fetch manifest is-number-object@^1.1.1
2004 silly packumentCache full:https://registry.npmjs.org/is-number-object cache-miss
2005 http fetch GET 200 https://registry.npmjs.org/is-bigint 31ms (cache miss)
2006 silly packumentCache full:https://registry.npmjs.org/is-bigint set size:undefined disposed:false
2007 http fetch GET 200 https://registry.npmjs.org/is-boolean-object 33ms (cache miss)
2008 silly packumentCache full:https://registry.npmjs.org/is-boolean-object set size:undefined disposed:false
2009 http fetch GET 200 https://registry.npmjs.org/is-number-object 36ms (cache miss)
2010 silly packumentCache full:https://registry.npmjs.org/is-number-object set size:undefined disposed:false
2011 silly placeDep ROOT @unrs/resolver-binding-android-arm-eabi@1.12.2 OK for: unrs-resolver@1.12.2 want: 1.12.2
2012 silly placeDep ROOT @unrs/resolver-binding-android-arm64@1.12.2 OK for: unrs-resolver@1.12.2 want: 1.12.2
2013 silly placeDep ROOT @unrs/resolver-binding-darwin-arm64@1.12.2 OK for: unrs-resolver@1.12.2 want: 1.12.2
2014 silly placeDep ROOT @unrs/resolver-binding-darwin-x64@1.12.2 OK for: unrs-resolver@1.12.2 want: 1.12.2
2015 silly placeDep ROOT @unrs/resolver-binding-freebsd-x64@1.12.2 OK for: unrs-resolver@1.12.2 want: 1.12.2
2016 silly placeDep ROOT @unrs/resolver-binding-linux-arm-gnueabihf@1.12.2 OK for: unrs-resolver@1.12.2 want: 1.12.2
2017 silly placeDep ROOT @unrs/resolver-binding-linux-arm-musleabihf@1.12.2 OK for: unrs-resolver@1.12.2 want: 1.12.2
2018 silly placeDep ROOT @unrs/resolver-binding-linux-arm64-gnu@1.12.2 OK for: unrs-resolver@1.12.2 want: 1.12.2
2019 silly placeDep ROOT @unrs/resolver-binding-linux-arm64-musl@1.12.2 OK for: unrs-resolver@1.12.2 want: 1.12.2
2020 silly placeDep ROOT @unrs/resolver-binding-linux-loong64-gnu@1.12.2 OK for: unrs-resolver@1.12.2 want: 1.12.2
2021 silly placeDep ROOT @unrs/resolver-binding-linux-loong64-musl@1.12.2 OK for: unrs-resolver@1.12.2 want: 1.12.2
2022 silly placeDep ROOT @unrs/resolver-binding-linux-ppc64-gnu@1.12.2 OK for: unrs-resolver@1.12.2 want: 1.12.2
2023 silly placeDep ROOT @unrs/resolver-binding-linux-riscv64-gnu@1.12.2 OK for: unrs-resolver@1.12.2 want: 1.12.2
2024 silly placeDep ROOT @unrs/resolver-binding-linux-riscv64-musl@1.12.2 OK for: unrs-resolver@1.12.2 want: 1.12.2
2025 silly placeDep ROOT @unrs/resolver-binding-linux-s390x-gnu@1.12.2 OK for: unrs-resolver@1.12.2 want: 1.12.2
2026 silly placeDep ROOT @unrs/resolver-binding-linux-x64-gnu@1.12.2 OK for: unrs-resolver@1.12.2 want: 1.12.2
2027 silly placeDep ROOT @unrs/resolver-binding-linux-x64-musl@1.12.2 OK for: unrs-resolver@1.12.2 want: 1.12.2
2028 silly placeDep ROOT @unrs/resolver-binding-openharmony-arm64@1.12.2 OK for: unrs-resolver@1.12.2 want: 1.12.2
2029 silly placeDep ROOT @unrs/resolver-binding-wasm32-wasi@1.12.2 OK for: unrs-resolver@1.12.2 want: 1.12.2
2030 silly placeDep ROOT @unrs/resolver-binding-win32-arm64-msvc@1.12.2 OK for: unrs-resolver@1.12.2 want: 1.12.2
2031 silly placeDep ROOT @unrs/resolver-binding-win32-ia32-msvc@1.12.2 OK for: unrs-resolver@1.12.2 want: 1.12.2
2032 silly placeDep ROOT @unrs/resolver-binding-win32-x64-msvc@1.12.2 OK for: unrs-resolver@1.12.2 want: 1.12.2
2033 silly placeDep ROOT napi-postinstall@0.3.4 OK for: unrs-resolver@1.12.2 want: ^0.3.4
2034 silly fetch manifest @napi-rs/wasm-runtime@^1.1.4
2035 silly packumentCache full:https://registry.npmjs.org/@napi-rs%2fwasm-runtime cache-miss
2036 silly fetch manifest @emnapi/core@1.10.0
2037 silly packumentCache full:https://registry.npmjs.org/@emnapi%2fcore cache-miss
2038 silly fetch manifest @emnapi/runtime@1.10.0
2039 silly packumentCache full:https://registry.npmjs.org/@emnapi%2fruntime cache-miss
2040 http cache https://registry.npmjs.org/@emnapi%2fruntime 7ms (cache hit)
2041 silly packumentCache full:https://registry.npmjs.org/@emnapi%2fruntime set size:127256 disposed:false
2042 http fetch GET 200 https://registry.npmjs.org/@napi-rs%2fwasm-runtime 272ms (cache miss)
2043 silly packumentCache full:https://registry.npmjs.org/@napi-rs%2fwasm-runtime set size:undefined disposed:false
2044 http fetch GET 200 https://registry.npmjs.org/@emnapi%2fcore 481ms (cache miss)
2045 silly packumentCache full:https://registry.npmjs.org/@emnapi%2fcore set size:undefined disposed:false
2046 silly placeDep ROOT @emnapi/core@1.10.0 OK for: @unrs/resolver-binding-wasm32-wasi@1.12.2 want: 1.10.0
2047 silly placeDep node_modules/@unrs/resolver-binding-wasm32-wasi @emnapi/runtime@1.10.0 OK for: @unrs/resolver-binding-wasm32-wasi@1.12.2 want: 1.10.0
2048 silly placeDep ROOT @napi-rs/wasm-runtime@1.2.4 OK for: @unrs/resolver-binding-wasm32-wasi@1.12.2 want: ^1.1.4
2049 silly fetch manifest @emnapi/wasi-threads@1.2.1
2050 silly packumentCache full:https://registry.npmjs.org/@emnapi%2fwasi-threads cache-miss
2051 silly fetch manifest @tybys/wasm-util@^0.10.3
2052 silly packumentCache full:https://registry.npmjs.org/@tybys%2fwasm-util cache-miss
2053 http fetch GET 200 https://registry.npmjs.org/@tybys%2fwasm-util 211ms (cache miss)
2054 silly packumentCache full:https://registry.npmjs.org/@tybys%2fwasm-util set size:undefined disposed:false
2055 http fetch GET 200 https://registry.npmjs.org/@emnapi%2fwasi-threads 268ms (cache miss)
2056 silly packumentCache full:https://registry.npmjs.org/@emnapi%2fwasi-threads set size:undefined disposed:false
2057 silly placeDep ROOT @emnapi/wasi-threads@1.2.1 OK for: @emnapi/core@1.10.0 want: 1.2.1
2058 silly placeDep ROOT @tybys/wasm-util@0.10.4 OK for: @napi-rs/wasm-runtime@1.2.4 want: ^0.10.3
2059 silly placeDep ROOT punycode@2.3.1 OK for: uri-js@4.4.1 want: ^2.1.0
2060 silly placeDep ROOT isexe@2.0.0 OK for: which@2.0.2 want: ^2.0.0
2061 silly placeDep ROOT is-bigint@1.1.0 OK for: which-boxed-primitive@1.1.1 want: ^1.1.0
2062 silly placeDep ROOT is-boolean-object@1.2.2 OK for: which-boxed-primitive@1.1.1 want: ^1.2.1
2063 silly placeDep ROOT is-number-object@1.1.1 OK for: which-boxed-primitive@1.1.1 want: ^1.1.1
2064 silly placeDep ROOT is-async-function@2.1.1 OK for: which-builtin-type@1.2.1 want: ^2.0.0
2065 silly placeDep ROOT is-finalizationregistry@1.1.1 OK for: which-builtin-type@1.2.1 want: ^1.1.0
2066 silly placeDep ROOT is-generator-function@1.1.2 OK for: which-builtin-type@1.2.1 want: ^1.0.10
2067 silly placeDep ROOT which-collection@1.0.2 OK for: which-builtin-type@1.2.1 want: ^1.0.2
2068 silly fetch manifest async-function@^1.0.0
2069 silly packumentCache full:https://registry.npmjs.org/async-function cache-miss
2070 silly fetch manifest generator-function@^2.0.0
2071 silly packumentCache full:https://registry.npmjs.org/generator-function cache-miss
2072 silly fetch manifest is-map@^2.0.3
2073 silly packumentCache full:https://registry.npmjs.org/is-map cache-miss
2074 silly fetch manifest is-weakmap@^2.0.2
2075 silly packumentCache full:https://registry.npmjs.org/is-weakmap cache-miss
2076 silly fetch manifest is-weakset@^2.0.3
2077 silly packumentCache full:https://registry.npmjs.org/is-weakset cache-miss
2078 http fetch GET 200 https://registry.npmjs.org/is-map 19ms (cache miss)
2079 silly packumentCache full:https://registry.npmjs.org/is-map set size:undefined disposed:false
2080 http fetch GET 200 https://registry.npmjs.org/async-function 20ms (cache miss)
2081 silly packumentCache full:https://registry.npmjs.org/async-function set size:undefined disposed:false
2082 http fetch GET 200 https://registry.npmjs.org/is-weakset 21ms (cache miss)
2083 silly packumentCache full:https://registry.npmjs.org/is-weakset set size:undefined disposed:false
2084 http fetch GET 200 https://registry.npmjs.org/is-weakmap 22ms (cache miss)
2085 silly packumentCache full:https://registry.npmjs.org/is-weakmap set size:undefined disposed:false
2086 http fetch GET 200 https://registry.npmjs.org/generator-function 24ms (cache miss)
2087 silly packumentCache full:https://registry.npmjs.org/generator-function set size:undefined disposed:false
2088 silly placeDep ROOT async-function@1.0.0 OK for: is-async-function@2.1.1 want: ^1.0.0
2089 silly placeDep ROOT generator-function@2.0.1 OK for: is-generator-function@1.1.2 want: ^2.0.0
2090 silly placeDep ROOT is-map@2.0.3 OK for: which-collection@1.0.2 want: ^2.0.3
2091 silly placeDep ROOT is-weakmap@2.0.2 OK for: which-collection@1.0.2 want: ^2.0.2
2092 silly placeDep ROOT is-weakset@2.0.4 OK for: which-collection@1.0.2 want: ^2.0.3
2093 silly placeDep node_modules/@typescript-eslint/typescript-estree brace-expansion@5.0.12 OK for: minimatch@10.2.6 want: ^5.0.8
2094 silly fetch manifest balanced-match@^4.0.2
2095 silly packumentCache full:https://registry.npmjs.org/balanced-match cache-miss
2096 http cache https://registry.npmjs.org/balanced-match 2ms (cache hit)
2097 silly packumentCache full:https://registry.npmjs.org/balanced-match set size:39082 disposed:false
2098 silly placeDep node_modules/@typescript-eslint/typescript-estree balanced-match@4.0.4 OK for: brace-expansion@5.0.12 want: ^4.0.2
2099 silly reify moves {}
2100 silly audit bulk request {
2100 silly audit   '@types/node': [ '22.13.4' ],
2100 silly audit   '@types/react': [ '19.0.8' ],
2100 silly audit   '@types/react-dom': [ '19.0.3' ],
2100 silly audit   eslint: [ '9.19.0' ],
2100 silly audit   'eslint-config-next': [ '15.1.6' ],
2100 silly audit   next: [ '15.1.6' ],
2100 silly audit   react: [ '19.0.0' ],
2100 silly audit   'react-dom': [ '19.0.0' ],
2100 silly audit   typescript: [ '5.7.3' ],
2100 silly audit   'undici-types': [ '6.20.0' ],
2100 silly audit   csstype: [ '3.2.3' ],
2100 silly audit   '@eslint-community/eslint-utils': [ '4.10.1' ],
2100 silly audit   '@eslint-community/regexpp': [ '4.12.2' ],
2100 silly audit   '@eslint/config-array': [ '0.19.2' ],
2100 silly audit   '@eslint/core': [ '0.10.0', '0.13.0' ],
2100 silly audit   '@eslint/eslintrc': [ '3.3.7' ],
2100 silly audit   '@eslint/js': [ '9.19.0' ],
2100 silly audit   '@eslint/plugin-kit': [ '0.2.8' ],
2100 silly audit   '@humanfs/node': [ '0.16.8' ],
2100 silly audit   '@humanwhocodes/module-importer': [ '1.0.1' ],
2100 silly audit   '@humanwhocodes/retry': [ '0.4.3' ],
2100 silly audit   '@types/estree': [ '1.0.9' ],
2100 silly audit   '@types/json-schema': [ '7.0.15' ],
2100 silly audit   ajv: [ '6.15.0' ],
2100 silly audit   chalk: [ '4.1.2' ],
2100 silly audit   'cross-spawn': [ '7.0.6' ],
2100 silly audit   debug: [ '4.4.3', '3.2.7' ],
2100 silly audit   'escape-string-regexp': [ '4.0.0' ],
2100 silly audit   'eslint-scope': [ '8.4.0' ],
2100 silly audit   'eslint-visitor-keys': [ '4.2.1', '3.4.3', '5.0.1' ],
2100 silly audit   espree: [ '10.4.0' ],
2100 silly audit   esquery: [ '1.7.0' ],
2100 silly audit   esutils: [ '2.0.3' ],
2100 silly audit   'fast-deep-equal': [ '3.1.3' ],
2100 silly audit   'file-entry-cache': [ '8.0.0' ],
2100 silly audit   'find-up': [ '5.0.0' ],
2100 silly audit   'glob-parent': [ '6.0.2', '5.1.2' ],
2100 silly audit   ignore: [ '5.3.2', '7.0.9' ],
2100 silly audit   imurmurhash: [ '0.1.4' ],
2100 silly audit   'is-glob': [ '4.0.3' ],
2100 silly audit   'json-stable-stringify-without-jsonify': [ '1.0.1' ],
2100 silly audit   'lodash.merge': [ '4.6.2' ],
2100 silly audit   minimatch: [ '3.1.5', '10.2.6' ],
2100 silly audit   'natural-compare': [ '1.4.0' ],
2100 silly audit   optionator: [ '0.9.4' ],
2100 silly audit   '@eslint/object-schema': [ '2.1.7' ],
2100 silly audit   globals: [ '14.0.0' ],
2100 silly audit   'import-fresh': [ '3.3.1' ],
2100 silly audit   'js-yaml': [ '4.3.2' ],
2100 silly audit   'strip-json-comments': [ '3.1.1' ],
2100 silly audit   levn: [ '0.4.1' ],
2100 silly audit   '@humanfs/core': [ '0.19.2' ],
2100 silly audit   '@humanfs/types': [ '0.15.0' ],
2100 silly audit   'fast-json-stable-stringify': [ '2.1.0' ],
2100 silly audit   'json-schema-traverse': [ '0.4.1' ],
2100 silly audit   'uri-js': [ '4.4.1' ],
2100 silly audit   'ansi-styles': [ '4.3.0' ],
2100 silly audit   'supports-color': [ '7.2.0' ],
2100 silly audit   'color-convert': [ '2.0.1' ],
2100 silly audit   'color-name': [ '1.1.4' ],
2100 silly audit   'path-key': [ '3.1.1' ],
2100 silly audit   'shebang-command': [ '2.0.0' ],
2100 silly audit   which: [ '2.0.2' ],
2100 silly audit   ms: [ '2.1.3' ],
2100 silly audit   '@next/eslint-plugin-next': [ '15.1.6' ],
2100 silly audit   '@rushstack/eslint-patch': [ '1.16.1' ],
2100 silly audit   '@typescript-eslint/eslint-plugin': [ '8.70.0' ],
2100 silly audit   '@typescript-eslint/parser': [ '8.70.0' ],
2100 silly audit   'eslint-import-resolver-node': [ '0.3.10' ],
2100 silly audit   'eslint-import-resolver-typescript': [ '3.10.1' ],
2100 silly audit   'eslint-plugin-import': [ '2.32.0' ],
2100 silly audit   'eslint-plugin-jsx-a11y': [ '6.10.2' ],
2100 silly audit   'eslint-plugin-react': [ '7.37.5' ],
2100 silly audit   'eslint-plugin-react-hooks': [ '5.2.0' ],
2100 silly audit   'fast-glob': [ '3.3.1' ],
2100 silly audit   '@typescript-eslint/scope-manager': [ '8.70.0' ],
2100 silly audit   '@typescript-eslint/type-utils': [ '8.70.0' ],
2100 silly audit   '@typescript-eslint/utils': [ '8.70.0' ],
2100 silly audit   '@typescript-eslint/visitor-keys': [ '8.70.0' ],
2100 silly audit   'ts-api-utils': [ '2.5.0' ],
2100 silly audit   '@typescript-eslint/types': [ '8.70.0' ],
2100 silly audit   '@typescript-eslint/typescript-estree': [ '8.70.0' ],
2100 silly audit   '@typescript-eslint/project-service': [ '8.70.0' ],
2100 silly audit   '@typescript-eslint/tsconfig-utils': [ '8.70.0' ],
2100 silly audit   semver: [ '7.8.5', '6.3.1' ],
2100 silly audit   tinyglobby: [ '0.2.17' ],
2100 silly audit   'is-core-module': [ '2.17.0' ],
2100 silly audit   resolve: [ '2.0.0-next.7' ],
2100 silly audit   '@nolyfill/is-core-module': [ '1.0.39' ],
2100 silly audit   'get-tsconfig': [ '4.14.3' ],
2100 silly audit   'is-bun-module': [ '2.0.0' ],
2100 silly audit   'stable-hash': [ '0.0.5' ],
2100 silly audit   'unrs-resolver': [ '1.12.2' ],
2100 silly audit   '@rtsao/scc': [ '1.1.0' ],
2100 silly audit   'array-includes': [ '3.2.0' ],
2100 silly audit   'array.prototype.findlastindex': [ '1.2.6' ],
2100 silly audit   'array.prototype.flat': [ '1.3.3' ],
2100 silly audit   'array.prototype.flatmap': [ '1.3.3' ],
2100 silly audit   doctrine: [ '2.1.0' ],
2100 silly audit   'eslint-module-utils': [ '2.14.0' ],
2100 silly audit   hasown: [ '2.0.4' ],
2100 silly audit   'object.fromentries': [ '2.0.8' ],
2100 silly audit   'object.groupby': [ '1.0.3' ],
2100 silly audit   'object.values': [ '1.2.1' ],
2100 silly audit   'string.prototype.trimend': [ '1.0.10' ],
2100 silly audit   'tsconfig-paths': [ '3.15.0' ],
2100 silly audit   'call-bind': [ '1.0.9' ],
2100 silly audit   'call-bound': [ '1.0.4' ],
2100 silly audit   'define-properties': [ '1.2.1' ],
2100 silly audit   'es-abstract': [ '1.24.2' ],
2100 silly audit   'es-object-atoms': [ '1.1.2' ],
2100 silly audit   'es-shim-unscopables': [ '1.1.0' ],
2100 silly audit   'is-string': [ '1.1.1' ],
2100 silly audit   'math-intrinsics': [ '1.1.0' ],
2100 silly audit   'es-errors': [ '1.3.0' ],
2100 silly audit   'call-bind-apply-helpers': [ '1.0.2' ],
2100 silly audit   'es-define-property': [ '1.0.1' ],
2100 silly audit   'get-intrinsic': [ '1.3.0' ],
2100 silly audit   'set-function-length': [ '1.2.2' ],
2100 silly audit   'function-bind': [ '1.1.2' ],
2100 silly audit   'define-data-property': [ '1.1.4' ],
2100 silly audit   'has-property-descriptors': [ '1.0.2' ],
2100 silly audit   'object-keys': [ '1.1.1' ],
2100 silly audit   gopd: [ '1.2.0' ],
2100 silly audit   'array-buffer-byte-length': [ '1.0.2' ],
2100 silly audit   'arraybuffer.prototype.slice': [ '1.0.4' ],
2100 silly audit   'available-typed-arrays': [ '1.0.7' ],
2100 silly audit   'data-view-buffer': [ '1.0.2' ],
2100 silly audit   'data-view-byte-length': [ '1.0.2' ],
2100 silly audit   'data-view-byte-offset': [ '1.0.1' ],
2100 silly audit   'es-set-tostringtag': [ '2.1.0' ],
2100 silly audit   'es-to-primitive': [ '1.3.4' ],
2100 silly audit   'function.prototype.name': [ '1.2.0' ],
2100 silly audit   'get-proto': [ '1.0.1' ],
2100 silly audit   'get-symbol-description': [ '1.1.0' ],
2100 silly audit   globalthis: [ '1.0.4' ],
2100 silly audit   'has-proto': [ '1.2.0' ],
2100 silly audit   'has-symbols': [ '1.1.0' ],
2100 silly audit   'internal-slot': [ '1.1.0' ],
2100 silly audit   'is-array-buffer': [ '3.0.5' ],
2100 silly audit   'is-callable': [ '1.2.7' ],
2100 silly audit   'is-data-view': [ '1.0.2' ],
2100 silly audit   'is-negative-zero': [ '2.0.3' ],
2100 silly audit   'is-regex': [ '1.2.1' ],
2100 silly audit   'is-set': [ '2.0.3' ],
2100 silly audit   'is-shared-array-buffer': [ '1.0.4' ],
2100 silly audit   'is-typed-array': [ '1.1.15' ],
2100 silly audit   'is-weakref': [ '1.1.1' ],
2100 silly audit   'object-inspect': [ '1.13.4' ],
2100 silly audit   'object.assign': [ '4.1.7' ],
2100 silly audit   'own-keys': [ '1.0.2' ],
2100 silly audit   'regexp.prototype.flags': [ '1.5.4' ],
2100 silly audit   'safe-array-concat': [ '1.1.4' ],
2100 silly audit   'safe-push-apply': [ '1.0.0' ],
2100 silly audit   'safe-regex-test': [ '1.1.0' ],
2100 silly audit   'set-proto': [ '1.0.0' ],
2100 silly audit   'stop-iteration-iterator': [ '1.1.0' ],
2100 silly audit   'string.prototype.trim': [ '1.2.11' ],
2100 silly audit   'string.prototype.trimstart': [ '1.0.8' ],
2100 silly audit   'typed-array-buffer': [ '1.0.3' ],
2100 silly audit   'typed-array-byte-length': [ '1.0.3' ],
2100 silly audit   'typed-array-byte-offset': [ '1.0.5' ],
2100 silly audit   'typed-array-length': [ '1.0.8' ],
2100 silly audit   'unbox-primitive': [ '1.1.0' ],
2100 silly audit   'which-typed-array': [ '1.1.24' ],
2100 silly audit   'possible-typed-array-names': [ '1.1.0' ],
2100 silly audit   'has-tostringtag': [ '1.0.2' ],
2100 silly audit   'es-abstract-get': [ '1.0.0' ],
2100 silly audit   'is-date-object': [ '1.1.0' ],
2100 silly audit   'is-symbol': [ '1.1.1' ],
2100 silly audit   'aria-query': [ '5.3.2' ],
2100 silly audit   'ast-types-flow': [ '0.0.8' ],
2100 silly audit   'axe-core': [ '4.13.0' ],
2100 silly audit   'axobject-query': [ '4.1.0' ],
2100 silly audit   'damerau-levenshtein': [ '1.0.8' ],
2100 silly audit   'emoji-regex': [ '9.2.2' ],
2100 silly audit   'jsx-ast-utils': [ '3.3.5' ],
2100 silly audit   'language-tags': [ '1.0.9' ],
2100 silly audit   'string.prototype.includes': [ '2.0.1' ],
2100 silly audit   'array.prototype.findlast': [ '1.2.5' ],
2100 silly audit   'array.prototype.tosorted': [ '1.1.4' ],
2100 silly audit   'es-iterator-helpers': [ '1.4.0' ],
2100 silly audit   estraverse: [ '5.3.0' ],
2100 silly audit   'object.entries': [ '1.1.9' ],
2100 silly audit   'prop-types': [ '15.8.1' ],
2100 silly audit   'string.prototype.matchall': [ '4.1.0' ],
2100 silly audit   'string.prototype.repeat': [ '1.0.0' ],
2100 silly audit   'iterator.prototype': [ '1.1.5' ],
2100 silly audit   esrecurse: [ '4.3.0' ],
2100 silly audit   acorn: [ '8.18.0' ],
2100 silly audit   'acorn-jsx': [ '5.3.2' ],
2100 silly audit   '@nodelib/fs.stat': [ '2.0.5' ],
2100 silly audit   '@nodelib/fs.walk': [ '1.2.8' ],
2100 silly audit   merge2: [ '1.4.1' ],
2100 silly audit   micromatch: [ '4.0.8' ],
2100 silly audit   '@nodelib/fs.scandir': [ '2.1.5' ],
2100 silly audit   fastq: [ '1.20.3' ],
2100 silly audit   'run-parallel': [ '1.2.0' ],
2100 silly audit   reusify: [ '1.1.0' ],
2100 silly audit   'flat-cache': [ '4.0.1' ],
2100 silly audit   'locate-path': [ '6.0.0' ],
2100 silly audit   'path-exists': [ '4.0.0' ],
2100 silly audit   flatted: [ '3.4.4' ],
2100 silly audit   keyv: [ '4.5.4' ],
2100 silly audit   'functions-have-names': [ '1.2.3' ],
2100 silly audit   'is-document.all': [ '1.0.0' ],
2100 silly audit   'dunder-proto': [ '1.0.1' ],
2100 silly audit   'resolve-pkg-maps': [ '1.0.0' ],
2100 silly audit   'parent-module': [ '1.0.1' ],
2100 silly audit   'resolve-from': [ '4.0.0' ],
2100 silly audit   'side-channel': [ '1.1.1' ],
2100 silly audit   'is-extglob': [ '2.1.1' ],
2100 silly audit   'set-function-name': [ '2.0.2' ],
2100 silly audit   argparse: [ '2.0.1' ],
2100 silly audit   'json-buffer': [ '3.0.1' ],
2100 silly audit   'language-subtag-registry': [ '0.3.23' ],
2100 silly audit   'prelude-ls': [ '1.2.1' ],
2100 silly audit   'type-check': [ '0.4.0' ],
2100 silly audit   'p-locate': [ '5.0.0' ],
2100 silly audit   braces: [ '3.0.3' ],
2100 silly audit   picomatch: [ '2.3.2', '4.0.7' ],
2100 silly audit   'fill-range': [ '7.1.1' ],
2100 silly audit   'to-regex-range': [ '5.0.1' ],
2100 silly audit   'brace-expansion': [ '1.1.21', '5.0.12' ],
2100 silly audit   'balanced-match': [ '1.0.2', '4.0.4' ],
2100 silly audit   'concat-map': [ '0.0.1' ],
2100 silly audit   '@next/env': [ '15.1.6' ],
2100 silly audit   '@next/swc-darwin-arm64': [ '15.1.6' ],
2100 silly audit   '@next/swc-darwin-x64': [ '15.1.6' ],
2100 silly audit   '@next/swc-linux-arm64-gnu': [ '15.1.6' ],
2100 silly audit   '@next/swc-linux-arm64-musl': [ '15.1.6' ],
2100 silly audit   '@next/swc-linux-x64-gnu': [ '15.1.6' ],
2100 silly audit   '@next/swc-linux-x64-musl': [ '15.1.6' ],
2100 silly audit   '@next/swc-win32-arm64-msvc': [ '15.1.6' ],
2100 silly audit   '@next/swc-win32-x64-msvc': [ '15.1.6' ],
2100 silly audit   '@swc/counter': [ '0.1.3' ],
2100 silly audit   '@swc/helpers': [ '0.5.15' ],
2100 silly audit   busboy: [ '1.6.0' ],
2100 silly audit   'caniuse-lite': [ '1.0.30001810' ],
2100 silly audit   postcss: [ '8.4.31' ],
2100 silly audit   sharp: [ '0.33.5' ],
2100 silly audit   'styled-jsx': [ '5.1.6' ],
2100 silly audit   tslib: [ '2.8.1' ],
2100 silly audit   streamsearch: [ '1.1.0' ],
2100 silly audit   'deep-is': [ '0.1.4' ],
2100 silly audit   'fast-levenshtein': [ '2.0.6' ],
2100 silly audit   'word-wrap': [ '1.2.5' ],
2100 silly audit   'p-limit': [ '3.1.0' ],
2100 silly audit   'yocto-queue': [ '0.1.0' ],
2100 silly audit   callsites: [ '3.1.0' ],
2100 silly audit   nanoid: [ '3.3.19' ],
2100 silly audit   picocolors: [ '1.1.1' ],
2100 silly audit   'source-map-js': [ '1.2.1' ],
2100 silly audit   'loose-envify': [ '1.4.0' ],
2100 silly audit   'object-assign': [ '4.1.1' ],
2100 silly audit   'react-is': [ '16.13.1' ],
2100 silly audit   'js-tokens': [ '4.0.0' ],
2100 silly audit   scheduler: [ '0.25.0' ],
2100 silly audit   'node-exports-info': [ '1.6.2' ],
2100 silly audit   'path-parse': [ '1.0.7' ],
2100 silly audit   'supports-preserve-symlinks-flag': [ '1.0.0' ],
2100 silly audit   'queue-microtask': [ '1.2.3' ],
2100 silly audit   isarray: [ '2.0.5' ],
2100 silly audit   '@img/sharp-darwin-arm64': [ '0.33.5' ],
2100 silly audit   '@img/sharp-darwin-x64': [ '0.33.5' ],
2100 silly audit   '@img/sharp-libvips-darwin-arm64': [ '1.0.4' ],
2100 silly audit   '@img/sharp-libvips-darwin-x64': [ '1.0.4' ],
2100 silly audit   '@img/sharp-libvips-linux-arm': [ '1.0.5' ],
2100 silly audit   '@img/sharp-libvips-linux-arm64': [ '1.0.4' ],
2100 silly audit   '@img/sharp-libvips-linux-s390x': [ '1.0.4' ],
2100 silly audit   '@img/sharp-libvips-linux-x64': [ '1.0.4' ],
2100 silly audit   '@img/sharp-libvips-linuxmusl-arm64': [ '1.0.4' ],
2100 silly audit   '@img/sharp-libvips-linuxmusl-x64': [ '1.0.4' ],
2100 silly audit   '@img/sharp-linux-arm': [ '0.33.5' ],
2100 silly audit   '@img/sharp-linux-arm64': [ '0.33.5' ],
2100 silly audit   '@img/sharp-linux-s390x': [ '0.33.5' ],
2100 silly audit   '@img/sharp-linux-x64': [ '0.33.5' ],
2100 silly audit   '@img/sharp-linuxmusl-arm64': [ '0.33.5' ],
2100 silly audit   '@img/sharp-linuxmusl-x64': [ '0.33.5' ],
2100 silly audit   '@img/sharp-wasm32': [ '0.33.5' ],
2100 silly audit   '@img/sharp-win32-ia32': [ '0.33.5' ],
2100 silly audit   '@img/sharp-win32-x64': [ '0.33.5' ],
2100 silly audit   color: [ '4.2.3' ],
2100 silly audit   'detect-libc': [ '2.1.2' ],
2100 silly audit   '@emnapi/runtime': [ '1.11.3', '1.10.0' ],
2100 silly audit   'color-string': [ '1.9.1' ],
2100 silly audit   'simple-swizzle': [ '0.2.4' ],
2100 silly audit   'shebang-regex': [ '3.0.0' ],
2100 silly audit   'side-channel-list': [ '1.0.1' ],
2100 silly audit   'side-channel-map': [ '1.0.1' ],
2100 silly audit   'side-channel-weakmap': [ '1.0.2' ],
2100 silly audit   'is-arrayish': [ '0.3.4' ],
2100 silly audit   'client-only': [ '0.0.1' ],
2100 silly audit   'has-flag': [ '4.0.0' ],
2100 silly audit   fdir: [ '6.5.0' ],
2100 silly audit   'is-number': [ '7.0.0' ],
2100 silly audit   '@types/json5': [ '0.0.29' ],
2100 silly audit   json5: [ '1.0.2' ],
2100 silly audit   minimist: [ '1.2.8' ],
2100 silly audit   'strip-bom': [ '3.0.0' ],
2100 silly audit   'for-each': [ '0.3.5' ],
2100 silly audit   'reflect.getprototypeof': [ '1.0.10' ],
2100 silly audit   'which-builtin-type': [ '1.2.1' ],
2100 silly audit   'has-bigints': [ '1.1.0' ],
2100 silly audit   'which-boxed-primitive': [ '1.1.1' ],
2100 silly audit   '@unrs/resolver-binding-android-arm-eabi': [ '1.12.2' ],
2100 silly audit   '@unrs/resolver-binding-android-arm64': [ '1.12.2' ],
2100 silly audit   '@unrs/resolver-binding-darwin-arm64': [ '1.12.2' ],
2100 silly audit   '@unrs/resolver-binding-darwin-x64': [ '1.12.2' ],
2100 silly audit   '@unrs/resolver-binding-freebsd-x64': [ '1.12.2' ],
2100 silly audit   '@unrs/resolver-binding-linux-arm-gnueabihf': [ '1.12.2' ],
2100 silly audit   '@unrs/resolver-binding-linux-arm-musleabihf': [ '1.12.2' ],
2100 silly audit   '@unrs/resolver-binding-linux-arm64-gnu': [ '1.12.2' ],
2100 silly audit   '@unrs/resolver-binding-linux-arm64-musl': [ '1.12.2' ],
2100 silly audit   '@unrs/resolver-binding-linux-loong64-gnu': [ '1.12.2' ],
2100 silly audit   '@unrs/resolver-binding-linux-loong64-musl': [ '1.12.2' ],
2100 silly audit   '@unrs/resolver-binding-linux-ppc64-gnu': [ '1.12.2' ],
2100 silly audit   '@unrs/resolver-binding-linux-riscv64-gnu': [ '1.12.2' ],
2100 silly audit   '@unrs/resolver-binding-linux-riscv64-musl': [ '1.12.2' ],
2100 silly audit   '@unrs/resolver-binding-linux-s390x-gnu': [ '1.12.2' ],
2100 silly audit   '@unrs/resolver-binding-linux-x64-gnu': [ '1.12.2' ],
2100 silly audit   '@unrs/resolver-binding-linux-x64-musl': [ '1.12.2' ],
2100 silly audit   '@unrs/resolver-binding-openharmony-arm64': [ '1.12.2' ],
2100 silly audit   '@unrs/resolver-binding-wasm32-wasi': [ '1.12.2' ],
2100 silly audit   '@unrs/resolver-binding-win32-arm64-msvc': [ '1.12.2' ],
2100 silly audit   '@unrs/resolver-binding-win32-ia32-msvc': [ '1.12.2' ],
2100 silly audit   '@unrs/resolver-binding-win32-x64-msvc': [ '1.12.2' ],
2100 silly audit   'napi-postinstall': [ '0.3.4' ],
2100 silly audit   '@emnapi/core': [ '1.10.0' ],
2100 silly audit   '@napi-rs/wasm-runtime': [ '1.2.4' ],
2100 silly audit   '@emnapi/wasi-threads': [ '1.2.1' ],
2100 silly audit   '@tybys/wasm-util': [ '0.10.4' ],
2100 silly audit   punycode: [ '2.3.1' ],
2100 silly audit   isexe: [ '2.0.0' ],
2100 silly audit   'is-bigint': [ '1.1.0' ],
2100 silly audit   'is-boolean-object': [ '1.2.2' ],
2100 silly audit   'is-number-object': [ '1.1.1' ],
2100 silly audit   'is-async-function': [ '2.1.1' ],
2100 silly audit   'is-finalizationregistry': [ '1.1.1' ],
2100 silly audit   'is-generator-function': [ '1.1.2' ],
2100 silly audit   'which-collection': [ '1.0.2' ],
2100 silly audit   'async-function': [ '1.0.0' ],
2100 silly audit   'generator-function': [ '2.0.1' ],
2100 silly audit   'is-map': [ '2.0.3' ],
2100 silly audit   'is-weakmap': [ '2.0.2' ],
2100 silly audit   'is-weakset': [ '2.0.4' ]
2100 silly audit }
2101 http cache is-weakset@https://registry.npmjs.org/is-weakset/-/is-weakset-2.0.4.tgz 0ms (cache hit)
2102 http cache which-collection@https://registry.npmjs.org/which-collection/-/which-collection-1.0.2.tgz 0ms (cache hit)
2103 http cache async-function@https://registry.npmjs.org/async-function/-/async-function-1.0.0.tgz 0ms (cache hit)
2104 http cache is-finalizationregistry@https://registry.npmjs.org/is-finalizationregistry/-/is-finalizationregistry-1.1.1.tgz 0ms (cache hit)
2105 http cache is-async-function@https://registry.npmjs.org/is-async-function/-/is-async-function-2.1.1.tgz 0ms (cache hit)
2106 http cache is-generator-function@https://registry.npmjs.org/is-generator-function/-/is-generator-function-1.1.2.tgz 0ms (cache hit)
2107 http cache is-number-object@https://registry.npmjs.org/is-number-object/-/is-number-object-1.1.1.tgz 0ms (cache hit)
2108 http cache is-boolean-object@https://registry.npmjs.org/is-boolean-object/-/is-boolean-object-1.2.2.tgz 0ms (cache hit)
2109 http cache is-map@https://registry.npmjs.org/is-map/-/is-map-2.0.3.tgz 0ms (cache hit)
2110 http cache generator-function@https://registry.npmjs.org/generator-function/-/generator-function-2.0.1.tgz 0ms (cache hit)
2111 http cache is-bigint@https://registry.npmjs.org/is-bigint/-/is-bigint-1.1.0.tgz 0ms (cache hit)
2112 http cache is-weakmap@https://registry.npmjs.org/is-weakmap/-/is-weakmap-2.0.2.tgz 0ms (cache hit)
2113 http cache isexe@https://registry.npmjs.org/isexe/-/isexe-2.0.0.tgz 0ms (cache hit)
2114 http cache napi-postinstall@https://registry.npmjs.org/napi-postinstall/-/napi-postinstall-0.3.4.tgz 0ms (cache hit)
2115 http cache punycode@https://registry.npmjs.org/punycode/-/punycode-2.3.1.tgz 0ms (cache hit)
2116 http cache has-bigints@https://registry.npmjs.org/has-bigints/-/has-bigints-1.1.0.tgz 0ms (cache hit)
2117 http cache which-boxed-primitive@https://registry.npmjs.org/which-boxed-primitive/-/which-boxed-primitive-1.1.1.tgz 0ms (cache hit)
2118 http cache @unrs/resolver-binding-win32-x64-msvc@https://registry.npmjs.org/@unrs/resolver-binding-win32-x64-msvc/-/resolver-binding-win32-x64-msvc-1.12.2.tgz 0ms (cache hit)
2119 http cache reflect.getprototypeof@https://registry.npmjs.org/reflect.getprototypeof/-/reflect.getprototypeof-1.0.10.tgz 0ms (cache hit)
2120 http cache which-builtin-type@https://registry.npmjs.org/which-builtin-type/-/which-builtin-type-1.2.1.tgz 0ms (cache hit)
2121 http cache for-each@https://registry.npmjs.org/for-each/-/for-each-0.3.5.tgz 0ms (cache hit)
2122 http cache strip-bom@https://registry.npmjs.org/strip-bom/-/strip-bom-3.0.0.tgz 0ms (cache hit)
2123 http cache json5@https://registry.npmjs.org/json5/-/json5-1.0.2.tgz 0ms (cache hit)
2124 http cache @types/json5@https://registry.npmjs.org/@types/json5/-/json5-0.0.29.tgz 0ms (cache hit)
2125 http cache minimist@https://registry.npmjs.org/minimist/-/minimist-1.2.8.tgz 0ms (cache hit)
2126 http cache is-number@https://registry.npmjs.org/is-number/-/is-number-7.0.0.tgz 0ms (cache hit)
2127 http cache has-flag@https://registry.npmjs.org/has-flag/-/has-flag-4.0.0.tgz 0ms (cache hit)
2128 http cache client-only@https://registry.npmjs.org/client-only/-/client-only-0.0.1.tgz 0ms (cache hit)
2129 http cache side-channel-weakmap@https://registry.npmjs.org/side-channel-weakmap/-/side-channel-weakmap-1.0.2.tgz 0ms (cache hit)
2130 http cache is-arrayish@https://registry.npmjs.org/is-arrayish/-/is-arrayish-0.3.4.tgz 0ms (cache hit)
2131 http cache side-channel-map@https://registry.npmjs.org/side-channel-map/-/side-channel-map-1.0.1.tgz 0ms (cache hit)
2132 http cache shebang-regex@https://registry.npmjs.org/shebang-regex/-/shebang-regex-3.0.0.tgz 0ms (cache hit)
2133 http cache color-string@https://registry.npmjs.org/color-string/-/color-string-1.9.1.tgz 0ms (cache hit)
2134 http cache side-channel-list@https://registry.npmjs.org/side-channel-list/-/side-channel-list-1.0.1.tgz 0ms (cache hit)
2135 http cache simple-swizzle@https://registry.npmjs.org/simple-swizzle/-/simple-swizzle-0.2.4.tgz 0ms (cache hit)
2136 http cache color@https://registry.npmjs.org/color/-/color-4.2.3.tgz 0ms (cache hit)
2137 http cache detect-libc@https://registry.npmjs.org/detect-libc/-/detect-libc-2.1.2.tgz 0ms (cache hit)
2138 http cache isarray@https://registry.npmjs.org/isarray/-/isarray-2.0.5.tgz 0ms (cache hit)
2139 http cache supports-preserve-symlinks-flag@https://registry.npmjs.org/supports-preserve-symlinks-flag/-/supports-preserve-symlinks-flag-1.0.0.tgz 0ms (cache hit)
2140 http cache queue-microtask@https://registry.npmjs.org/queue-microtask/-/queue-microtask-1.2.3.tgz 0ms (cache hit)
2141 http cache path-parse@https://registry.npmjs.org/path-parse/-/path-parse-1.0.7.tgz 0ms (cache hit)
2142 http cache @img/sharp-win32-x64@https://registry.npmjs.org/@img/sharp-win32-x64/-/sharp-win32-x64-0.33.5.tgz 0ms (cache hit)
2143 http cache scheduler@https://registry.npmjs.org/scheduler/-/scheduler-0.25.0.tgz 0ms (cache hit)
2144 http cache node-exports-info@https://registry.npmjs.org/node-exports-info/-/node-exports-info-1.6.2.tgz 0ms (cache hit)
2145 http cache react-is@https://registry.npmjs.org/react-is/-/react-is-16.13.1.tgz 0ms (cache hit)
2146 http cache object-assign@https://registry.npmjs.org/object-assign/-/object-assign-4.1.1.tgz 0ms (cache hit)
2147 http cache js-tokens@https://registry.npmjs.org/js-tokens/-/js-tokens-4.0.0.tgz 0ms (cache hit)
2148 http cache loose-envify@https://registry.npmjs.org/loose-envify/-/loose-envify-1.4.0.tgz 0ms (cache hit)
2149 http cache source-map-js@https://registry.npmjs.org/source-map-js/-/source-map-js-1.2.1.tgz 0ms (cache hit)
2150 http cache picocolors@https://registry.npmjs.org/picocolors/-/picocolors-1.1.1.tgz 0ms (cache hit)
2151 http cache callsites@https://registry.npmjs.org/callsites/-/callsites-3.1.0.tgz 0ms (cache hit)
2152 http cache nanoid@https://registry.npmjs.org/nanoid/-/nanoid-3.3.19.tgz 0ms (cache hit)
2153 http cache yocto-queue@https://registry.npmjs.org/yocto-queue/-/yocto-queue-0.1.0.tgz 0ms (cache hit)
2154 http cache p-limit@https://registry.npmjs.org/p-limit/-/p-limit-3.1.0.tgz 0ms (cache hit)
2155 http cache deep-is@https://registry.npmjs.org/deep-is/-/deep-is-0.1.4.tgz 0ms (cache hit)
2156 http cache streamsearch@https://registry.npmjs.org/streamsearch/-/streamsearch-1.1.0.tgz 0ms (cache hit)
2157 http cache word-wrap@https://registry.npmjs.org/word-wrap/-/word-wrap-1.2.5.tgz 0ms (cache hit)
2158 http cache tslib@https://registry.npmjs.org/tslib/-/tslib-2.8.1.tgz 0ms (cache hit)
2159 http cache fast-levenshtein@https://registry.npmjs.org/fast-levenshtein/-/fast-levenshtein-2.0.6.tgz 0ms (cache hit)
2160 http cache postcss@https://registry.npmjs.org/postcss/-/postcss-8.4.31.tgz 0ms (cache hit)
2161 http cache styled-jsx@https://registry.npmjs.org/styled-jsx/-/styled-jsx-5.1.6.tgz 0ms (cache hit)
2162 http cache caniuse-lite@https://registry.npmjs.org/caniuse-lite/-/caniuse-lite-1.0.30001810.tgz 0ms (cache hit)
2163 http cache sharp@https://registry.npmjs.org/sharp/-/sharp-0.33.5.tgz 0ms (cache hit)
2164 http cache busboy@https://registry.npmjs.org/busboy/-/busboy-1.6.0.tgz 0ms (cache hit)
2165 http cache @swc/helpers@https://registry.npmjs.org/@swc/helpers/-/helpers-0.5.15.tgz 0ms (cache hit)
2166 http cache @swc/counter@https://registry.npmjs.org/@swc/counter/-/counter-0.1.3.tgz 0ms (cache hit)
2167 http cache @next/env@https://registry.npmjs.org/@next/env/-/env-15.1.6.tgz 0ms (cache hit)
2168 http cache @next/swc-win32-x64-msvc@https://registry.npmjs.org/@next/swc-win32-x64-msvc/-/swc-win32-x64-msvc-15.1.6.tgz 0ms (cache hit)
2169 http cache concat-map@https://registry.npmjs.org/concat-map/-/concat-map-0.0.1.tgz 0ms (cache hit)
2170 http cache balanced-match@https://registry.npmjs.org/balanced-match/-/balanced-match-1.0.2.tgz 0ms (cache hit)
2171 http cache brace-expansion@https://registry.npmjs.org/brace-expansion/-/brace-expansion-1.1.21.tgz 0ms (cache hit)
2172 http cache to-regex-range@https://registry.npmjs.org/to-regex-range/-/to-regex-range-5.0.1.tgz 0ms (cache hit)
2173 http cache fill-range@https://registry.npmjs.org/fill-range/-/fill-range-7.1.1.tgz 0ms (cache hit)
2174 http cache picomatch@https://registry.npmjs.org/picomatch/-/picomatch-2.3.2.tgz 0ms (cache hit)
2175 http cache braces@https://registry.npmjs.org/braces/-/braces-3.0.3.tgz 0ms (cache hit)
2176 http cache p-locate@https://registry.npmjs.org/p-locate/-/p-locate-5.0.0.tgz 0ms (cache hit)
2177 http cache type-check@https://registry.npmjs.org/type-check/-/type-check-0.4.0.tgz 0ms (cache hit)
2178 http cache prelude-ls@https://registry.npmjs.org/prelude-ls/-/prelude-ls-1.2.1.tgz 0ms (cache hit)
2179 http cache language-subtag-registry@https://registry.npmjs.org/language-subtag-registry/-/language-subtag-registry-0.3.23.tgz 0ms (cache hit)
2180 http cache json-buffer@https://registry.npmjs.org/json-buffer/-/json-buffer-3.0.1.tgz 0ms (cache hit)
2181 http cache argparse@https://registry.npmjs.org/argparse/-/argparse-2.0.1.tgz 0ms (cache hit)
2182 http cache is-extglob@https://registry.npmjs.org/is-extglob/-/is-extglob-2.1.1.tgz 0ms (cache hit)
2183 http cache side-channel@https://registry.npmjs.org/side-channel/-/side-channel-1.1.1.tgz 0ms (cache hit)
2184 http cache set-function-name@https://registry.npmjs.org/set-function-name/-/set-function-name-2.0.2.tgz 0ms (cache hit)
2185 http cache resolve-from@https://registry.npmjs.org/resolve-from/-/resolve-from-4.0.0.tgz 0ms (cache hit)
2186 http cache parent-module@https://registry.npmjs.org/parent-module/-/parent-module-1.0.1.tgz 0ms (cache hit)
2187 http cache dunder-proto@https://registry.npmjs.org/dunder-proto/-/dunder-proto-1.0.1.tgz 0ms (cache hit)
2188 http cache is-document.all@https://registry.npmjs.org/is-document.all/-/is-document.all-1.0.0.tgz 0ms (cache hit)
2189 http cache functions-have-names@https://registry.npmjs.org/functions-have-names/-/functions-have-names-1.2.3.tgz 0ms (cache hit)
2190 http cache keyv@https://registry.npmjs.org/keyv/-/keyv-4.5.4.tgz 0ms (cache hit)
2191 http cache resolve-pkg-maps@https://registry.npmjs.org/resolve-pkg-maps/-/resolve-pkg-maps-1.0.0.tgz 0ms (cache hit)
2192 http cache flatted@https://registry.npmjs.org/flatted/-/flatted-3.4.4.tgz 0ms (cache hit)
2193 http cache path-exists@https://registry.npmjs.org/path-exists/-/path-exists-4.0.0.tgz 0ms (cache hit)
2194 http cache locate-path@https://registry.npmjs.org/locate-path/-/locate-path-6.0.0.tgz 0ms (cache hit)
2195 http cache flat-cache@https://registry.npmjs.org/flat-cache/-/flat-cache-4.0.1.tgz 0ms (cache hit)
2196 http cache reusify@https://registry.npmjs.org/reusify/-/reusify-1.1.0.tgz 0ms (cache hit)
2197 http cache run-parallel@https://registry.npmjs.org/run-parallel/-/run-parallel-1.2.0.tgz 0ms (cache hit)
2198 http cache micromatch@https://registry.npmjs.org/micromatch/-/micromatch-4.0.8.tgz 0ms (cache hit)
2199 http cache @nodelib/fs.scandir@https://registry.npmjs.org/@nodelib/fs.scandir/-/fs.scandir-2.1.5.tgz 0ms (cache hit)
2200 http cache merge2@https://registry.npmjs.org/merge2/-/merge2-1.4.1.tgz 0ms (cache hit)
2201 http cache @nodelib/fs.walk@https://registry.npmjs.org/@nodelib/fs.walk/-/fs.walk-1.2.8.tgz 0ms (cache hit)
2202 http cache @nodelib/fs.stat@https://registry.npmjs.org/@nodelib/fs.stat/-/fs.stat-2.0.5.tgz 0ms (cache hit)
2203 http cache acorn@https://registry.npmjs.org/acorn/-/acorn-8.18.0.tgz 0ms (cache hit)
2204 http cache acorn-jsx@https://registry.npmjs.org/acorn-jsx/-/acorn-jsx-5.3.2.tgz 0ms (cache hit)
2205 http cache esrecurse@https://registry.npmjs.org/esrecurse/-/esrecurse-4.3.0.tgz 0ms (cache hit)
2206 http cache string.prototype.repeat@https://registry.npmjs.org/string.prototype.repeat/-/string.prototype.repeat-1.0.0.tgz 0ms (cache hit)
2207 http cache string.prototype.matchall@https://registry.npmjs.org/string.prototype.matchall/-/string.prototype.matchall-4.1.0.tgz 0ms (cache hit)
2208 http cache iterator.prototype@https://registry.npmjs.org/iterator.prototype/-/iterator.prototype-1.1.5.tgz 0ms (cache hit)
2209 http cache prop-types@https://registry.npmjs.org/prop-types/-/prop-types-15.8.1.tgz 0ms (cache hit)
2210 http cache object.entries@https://registry.npmjs.org/object.entries/-/object.entries-1.1.9.tgz 0ms (cache hit)
2211 http cache estraverse@https://registry.npmjs.org/estraverse/-/estraverse-5.3.0.tgz 0ms (cache hit)
2212 http cache es-iterator-helpers@https://registry.npmjs.org/es-iterator-helpers/-/es-iterator-helpers-1.4.0.tgz 0ms (cache hit)
2213 http cache string.prototype.includes@https://registry.npmjs.org/string.prototype.includes/-/string.prototype.includes-2.0.1.tgz 0ms (cache hit)
2214 http cache array.prototype.tosorted@https://registry.npmjs.org/array.prototype.tosorted/-/array.prototype.tosorted-1.1.4.tgz 0ms (cache hit)
2215 http cache array.prototype.findlast@https://registry.npmjs.org/array.prototype.findlast/-/array.prototype.findlast-1.2.5.tgz 0ms (cache hit)
2216 http cache language-tags@https://registry.npmjs.org/language-tags/-/language-tags-1.0.9.tgz 0ms (cache hit)
2217 http cache jsx-ast-utils@https://registry.npmjs.org/jsx-ast-utils/-/jsx-ast-utils-3.3.5.tgz 0ms (cache hit)
2218 http cache emoji-regex@https://registry.npmjs.org/emoji-regex/-/emoji-regex-9.2.2.tgz 0ms (cache hit)
2219 http cache axobject-query@https://registry.npmjs.org/axobject-query/-/axobject-query-4.1.0.tgz 0ms (cache hit)
2220 http cache fastq@https://registry.npmjs.org/fastq/-/fastq-1.20.3.tgz 0ms (cache hit)
2221 http cache ast-types-flow@https://registry.npmjs.org/ast-types-flow/-/ast-types-flow-0.0.8.tgz 0ms (cache hit)
2222 http cache damerau-levenshtein@https://registry.npmjs.org/damerau-levenshtein/-/damerau-levenshtein-1.0.8.tgz 0ms (cache hit)
2223 http cache aria-query@https://registry.npmjs.org/aria-query/-/aria-query-5.3.2.tgz 0ms (cache hit)
2224 http cache axe-core@https://registry.npmjs.org/axe-core/-/axe-core-4.13.0.tgz 0ms (cache hit)
2225 http cache is-symbol@https://registry.npmjs.org/is-symbol/-/is-symbol-1.1.1.tgz 0ms (cache hit)
2226 http cache is-date-object@https://registry.npmjs.org/is-date-object/-/is-date-object-1.1.0.tgz 0ms (cache hit)
2227 http cache es-abstract-get@https://registry.npmjs.org/es-abstract-get/-/es-abstract-get-1.0.0.tgz 0ms (cache hit)
2228 http cache has-tostringtag@https://registry.npmjs.org/has-tostringtag/-/has-tostringtag-1.0.2.tgz 0ms (cache hit)
2229 http cache possible-typed-array-names@https://registry.npmjs.org/possible-typed-array-names/-/possible-typed-array-names-1.1.0.tgz 0ms (cache hit)
2230 http cache which-typed-array@https://registry.npmjs.org/which-typed-array/-/which-typed-array-1.1.24.tgz 0ms (cache hit)
2231 http cache typed-array-length@https://registry.npmjs.org/typed-array-length/-/typed-array-length-1.0.8.tgz 0ms (cache hit)
2232 http cache unbox-primitive@https://registry.npmjs.org/unbox-primitive/-/unbox-primitive-1.1.0.tgz 0ms (cache hit)
2233 http cache typed-array-byte-offset@https://registry.npmjs.org/typed-array-byte-offset/-/typed-array-byte-offset-1.0.5.tgz 0ms (cache hit)
2234 http cache typed-array-byte-length@https://registry.npmjs.org/typed-array-byte-length/-/typed-array-byte-length-1.0.3.tgz 0ms (cache hit)
2235 http cache typed-array-buffer@https://registry.npmjs.org/typed-array-buffer/-/typed-array-buffer-1.0.3.tgz 0ms (cache hit)
2236 http cache string.prototype.trim@https://registry.npmjs.org/string.prototype.trim/-/string.prototype.trim-1.2.11.tgz 0ms (cache hit)
2237 http cache stop-iteration-iterator@https://registry.npmjs.org/stop-iteration-iterator/-/stop-iteration-iterator-1.1.0.tgz 0ms (cache hit)
2238 http cache string.prototype.trimstart@https://registry.npmjs.org/string.prototype.trimstart/-/string.prototype.trimstart-1.0.8.tgz 0ms (cache hit)
2239 http cache safe-regex-test@https://registry.npmjs.org/safe-regex-test/-/safe-regex-test-1.1.0.tgz 0ms (cache hit)
2240 http cache safe-push-apply@https://registry.npmjs.org/safe-push-apply/-/safe-push-apply-1.0.0.tgz 0ms (cache hit)
2241 http cache regexp.prototype.flags@https://registry.npmjs.org/regexp.prototype.flags/-/regexp.prototype.flags-1.5.4.tgz 0ms (cache hit)
2242 http cache safe-array-concat@https://registry.npmjs.org/safe-array-concat/-/safe-array-concat-1.1.4.tgz 0ms (cache hit)
2243 http cache object-inspect@https://registry.npmjs.org/object-inspect/-/object-inspect-1.13.4.tgz 0ms (cache hit)
2244 http cache set-proto@https://registry.npmjs.org/set-proto/-/set-proto-1.0.0.tgz 0ms (cache hit)
2245 http cache is-weakref@https://registry.npmjs.org/is-weakref/-/is-weakref-1.1.1.tgz 0ms (cache hit)
2246 http cache own-keys@https://registry.npmjs.org/own-keys/-/own-keys-1.0.2.tgz 0ms (cache hit)
2247 http cache is-shared-array-buffer@https://registry.npmjs.org/is-shared-array-buffer/-/is-shared-array-buffer-1.0.4.tgz 0ms (cache hit)
2248 http cache is-typed-array@https://registry.npmjs.org/is-typed-array/-/is-typed-array-1.1.15.tgz 0ms (cache hit)
2249 http cache is-regex@https://registry.npmjs.org/is-regex/-/is-regex-1.2.1.tgz 0ms (cache hit)
2250 http cache is-set@https://registry.npmjs.org/is-set/-/is-set-2.0.3.tgz 0ms (cache hit)
2251 http cache is-negative-zero@https://registry.npmjs.org/is-negative-zero/-/is-negative-zero-2.0.3.tgz 0ms (cache hit)
2252 http cache is-array-buffer@https://registry.npmjs.org/is-array-buffer/-/is-array-buffer-3.0.5.tgz 0ms (cache hit)
2253 http cache is-callable@https://registry.npmjs.org/is-callable/-/is-callable-1.2.7.tgz 0ms (cache hit)
2254 http cache is-data-view@https://registry.npmjs.org/is-data-view/-/is-data-view-1.0.2.tgz 0ms (cache hit)
2255 http cache object.assign@https://registry.npmjs.org/object.assign/-/object.assign-4.1.7.tgz 0ms (cache hit)
2256 http cache internal-slot@https://registry.npmjs.org/internal-slot/-/internal-slot-1.1.0.tgz 0ms (cache hit)
2257 http cache has-symbols@https://registry.npmjs.org/has-symbols/-/has-symbols-1.1.0.tgz 0ms (cache hit)
2258 http cache has-proto@https://registry.npmjs.org/has-proto/-/has-proto-1.2.0.tgz 0ms (cache hit)
2259 http cache get-symbol-description@https://registry.npmjs.org/get-symbol-description/-/get-symbol-description-1.1.0.tgz 0ms (cache hit)
2260 http cache get-proto@https://registry.npmjs.org/get-proto/-/get-proto-1.0.1.tgz 0ms (cache hit)
2261 http cache function.prototype.name@https://registry.npmjs.org/function.prototype.name/-/function.prototype.name-1.2.0.tgz 0ms (cache hit)
2262 http cache es-set-tostringtag@https://registry.npmjs.org/es-set-tostringtag/-/es-set-tostringtag-2.1.0.tgz 0ms (cache hit)
2263 http cache data-view-byte-offset@https://registry.npmjs.org/data-view-byte-offset/-/data-view-byte-offset-1.0.1.tgz 0ms (cache hit)
2264 http cache data-view-byte-length@https://registry.npmjs.org/data-view-byte-length/-/data-view-byte-length-1.0.2.tgz 0ms (cache hit)
2265 http cache data-view-buffer@https://registry.npmjs.org/data-view-buffer/-/data-view-buffer-1.0.2.tgz 0ms (cache hit)
2266 http cache available-typed-arrays@https://registry.npmjs.org/available-typed-arrays/-/available-typed-arrays-1.0.7.tgz 0ms (cache hit)
2267 http cache arraybuffer.prototype.slice@https://registry.npmjs.org/arraybuffer.prototype.slice/-/arraybuffer.prototype.slice-1.0.4.tgz 0ms (cache hit)
2268 http cache es-to-primitive@https://registry.npmjs.org/es-to-primitive/-/es-to-primitive-1.3.4.tgz 0ms (cache hit)
2269 http cache array-buffer-byte-length@https://registry.npmjs.org/array-buffer-byte-length/-/array-buffer-byte-length-1.0.2.tgz 0ms (cache hit)
2270 http cache gopd@https://registry.npmjs.org/gopd/-/gopd-1.2.0.tgz 0ms (cache hit)
2271 http cache globalthis@https://registry.npmjs.org/globalthis/-/globalthis-1.0.4.tgz 0ms (cache hit)
2272 http cache has-property-descriptors@https://registry.npmjs.org/has-property-descriptors/-/has-property-descriptors-1.0.2.tgz 0ms (cache hit)
2273 http cache define-data-property@https://registry.npmjs.org/define-data-property/-/define-data-property-1.1.4.tgz 0ms (cache hit)
2274 http cache object-keys@https://registry.npmjs.org/object-keys/-/object-keys-1.1.1.tgz 0ms (cache hit)
2275 http cache function-bind@https://registry.npmjs.org/function-bind/-/function-bind-1.1.2.tgz 0ms (cache hit)
2276 http cache get-intrinsic@https://registry.npmjs.org/get-intrinsic/-/get-intrinsic-1.3.0.tgz 0ms (cache hit)
2277 http cache set-function-length@https://registry.npmjs.org/set-function-length/-/set-function-length-1.2.2.tgz 0ms (cache hit)
2278 http cache call-bind-apply-helpers@https://registry.npmjs.org/call-bind-apply-helpers/-/call-bind-apply-helpers-1.0.2.tgz 0ms (cache hit)
2279 http cache math-intrinsics@https://registry.npmjs.org/math-intrinsics/-/math-intrinsics-1.1.0.tgz 0ms (cache hit)
2280 http cache is-string@https://registry.npmjs.org/is-string/-/is-string-1.1.1.tgz 0ms (cache hit)
2281 http cache es-define-property@https://registry.npmjs.org/es-define-property/-/es-define-property-1.0.1.tgz 0ms (cache hit)
2282 http cache es-shim-unscopables@https://registry.npmjs.org/es-shim-unscopables/-/es-shim-unscopables-1.1.0.tgz 0ms (cache hit)
2283 http cache es-object-atoms@https://registry.npmjs.org/es-object-atoms/-/es-object-atoms-1.1.2.tgz 0ms (cache hit)
2284 http cache es-errors@https://registry.npmjs.org/es-errors/-/es-errors-1.3.0.tgz 0ms (cache hit)
2285 http cache es-abstract@https://registry.npmjs.org/es-abstract/-/es-abstract-1.24.2.tgz 0ms (cache hit)
2286 http cache define-properties@https://registry.npmjs.org/define-properties/-/define-properties-1.2.1.tgz 0ms (cache hit)
2287 http cache call-bind@https://registry.npmjs.org/call-bind/-/call-bind-1.0.9.tgz 0ms (cache hit)
2288 http cache tsconfig-paths@https://registry.npmjs.org/tsconfig-paths/-/tsconfig-paths-3.15.0.tgz 0ms (cache hit)
2289 http cache call-bound@https://registry.npmjs.org/call-bound/-/call-bound-1.0.4.tgz 0ms (cache hit)
2290 http cache object.values@https://registry.npmjs.org/object.values/-/object.values-1.2.1.tgz 0ms (cache hit)
2291 http cache string.prototype.trimend@https://registry.npmjs.org/string.prototype.trimend/-/string.prototype.trimend-1.0.10.tgz 0ms (cache hit)
2292 http cache object.groupby@https://registry.npmjs.org/object.groupby/-/object.groupby-1.0.3.tgz 0ms (cache hit)
2293 http cache object.fromentries@https://registry.npmjs.org/object.fromentries/-/object.fromentries-2.0.8.tgz 0ms (cache hit)
2294 http cache hasown@https://registry.npmjs.org/hasown/-/hasown-2.0.4.tgz 0ms (cache hit)
2295 http cache doctrine@https://registry.npmjs.org/doctrine/-/doctrine-2.1.0.tgz 0ms (cache hit)
2296 http cache eslint-module-utils@https://registry.npmjs.org/eslint-module-utils/-/eslint-module-utils-2.14.0.tgz 0ms (cache hit)
2297 http cache array.prototype.flatmap@https://registry.npmjs.org/array.prototype.flatmap/-/array.prototype.flatmap-1.3.3.tgz 0ms (cache hit)
2298 http cache array.prototype.findlastindex@https://registry.npmjs.org/array.prototype.findlastindex/-/array.prototype.findlastindex-1.2.6.tgz 0ms (cache hit)
2299 http cache array.prototype.flat@https://registry.npmjs.org/array.prototype.flat/-/array.prototype.flat-1.3.3.tgz 0ms (cache hit)
2300 http cache array-includes@https://registry.npmjs.org/array-includes/-/array-includes-3.2.0.tgz 0ms (cache hit)
2301 http cache @rtsao/scc@https://registry.npmjs.org/@rtsao/scc/-/scc-1.1.0.tgz 0ms (cache hit)
2302 http cache unrs-resolver@https://registry.npmjs.org/unrs-resolver/-/unrs-resolver-1.12.2.tgz 0ms (cache hit)
2303 http cache stable-hash@https://registry.npmjs.org/stable-hash/-/stable-hash-0.0.5.tgz 0ms (cache hit)
2304 http cache get-tsconfig@https://registry.npmjs.org/get-tsconfig/-/get-tsconfig-4.14.3.tgz 0ms (cache hit)
2305 http cache resolve@https://registry.npmjs.org/resolve/-/resolve-2.0.0-next.7.tgz 0ms (cache hit)
2306 http cache is-bun-module@https://registry.npmjs.org/is-bun-module/-/is-bun-module-2.0.0.tgz 0ms (cache hit)
2307 http cache semver@https://registry.npmjs.org/semver/-/semver-7.8.5.tgz 0ms (cache hit)
2308 http cache is-core-module@https://registry.npmjs.org/is-core-module/-/is-core-module-2.17.0.tgz 0ms (cache hit)
2309 http cache @nolyfill/is-core-module@https://registry.npmjs.org/@nolyfill/is-core-module/-/is-core-module-1.0.39.tgz 0ms (cache hit)
2310 http cache @typescript-eslint/tsconfig-utils@https://registry.npmjs.org/@typescript-eslint/tsconfig-utils/-/tsconfig-utils-8.70.0.tgz 0ms (cache hit)
2311 http cache tinyglobby@https://registry.npmjs.org/tinyglobby/-/tinyglobby-0.2.17.tgz 0ms (cache hit)
2312 http cache ts-api-utils@https://registry.npmjs.org/ts-api-utils/-/ts-api-utils-2.5.0.tgz 0ms (cache hit)
2313 http cache @typescript-eslint/project-service@https://registry.npmjs.org/@typescript-eslint/project-service/-/project-service-8.70.0.tgz 0ms (cache hit)
2314 http cache @typescript-eslint/types@https://registry.npmjs.org/@typescript-eslint/types/-/types-8.70.0.tgz 0ms (cache hit)
2315 http cache @typescript-eslint/utils@https://registry.npmjs.org/@typescript-eslint/utils/-/utils-8.70.0.tgz 0ms (cache hit)
2316 http cache @typescript-eslint/visitor-keys@https://registry.npmjs.org/@typescript-eslint/visitor-keys/-/visitor-keys-8.70.0.tgz 0ms (cache hit)
2317 http cache @typescript-eslint/type-utils@https://registry.npmjs.org/@typescript-eslint/type-utils/-/type-utils-8.70.0.tgz 0ms (cache hit)
2318 http cache @typescript-eslint/typescript-estree@https://registry.npmjs.org/@typescript-eslint/typescript-estree/-/typescript-estree-8.70.0.tgz 0ms (cache hit)
2319 http cache @typescript-eslint/scope-manager@https://registry.npmjs.org/@typescript-eslint/scope-manager/-/scope-manager-8.70.0.tgz 0ms (cache hit)
2320 http cache fast-glob@https://registry.npmjs.org/fast-glob/-/fast-glob-3.3.1.tgz 0ms (cache hit)
2321 http cache eslint-plugin-jsx-a11y@https://registry.npmjs.org/eslint-plugin-jsx-a11y/-/eslint-plugin-jsx-a11y-6.10.2.tgz 0ms (cache hit)
2322 http cache eslint-plugin-react@https://registry.npmjs.org/eslint-plugin-react/-/eslint-plugin-react-7.37.5.tgz 0ms (cache hit)
2323 http cache eslint-plugin-react-hooks@https://registry.npmjs.org/eslint-plugin-react-hooks/-/eslint-plugin-react-hooks-5.2.0.tgz 0ms (cache hit)
2324 http cache eslint-import-resolver-typescript@https://registry.npmjs.org/eslint-import-resolver-typescript/-/eslint-import-resolver-typescript-3.10.1.tgz 0ms (cache hit)
2325 http cache eslint-import-resolver-node@https://registry.npmjs.org/eslint-import-resolver-node/-/eslint-import-resolver-node-0.3.10.tgz 0ms (cache hit)
2326 http cache @typescript-eslint/parser@https://registry.npmjs.org/@typescript-eslint/parser/-/parser-8.70.0.tgz 0ms (cache hit)
2327 http cache @rushstack/eslint-patch@https://registry.npmjs.org/@rushstack/eslint-patch/-/eslint-patch-1.16.1.tgz 0ms (cache hit)
2328 http cache @typescript-eslint/eslint-plugin@https://registry.npmjs.org/@typescript-eslint/eslint-plugin/-/eslint-plugin-8.70.0.tgz 0ms (cache hit)
2329 http cache @next/eslint-plugin-next@https://registry.npmjs.org/@next/eslint-plugin-next/-/eslint-plugin-next-15.1.6.tgz 0ms (cache hit)
2330 http cache ms@https://registry.npmjs.org/ms/-/ms-2.1.3.tgz 0ms (cache hit)
2331 http cache shebang-command@https://registry.npmjs.org/shebang-command/-/shebang-command-2.0.0.tgz 0ms (cache hit)
2332 http cache path-key@https://registry.npmjs.org/path-key/-/path-key-3.1.1.tgz 0ms (cache hit)
2333 http cache color-name@https://registry.npmjs.org/color-name/-/color-name-1.1.4.tgz 0ms (cache hit)
2334 http cache color-convert@https://registry.npmjs.org/color-convert/-/color-convert-2.0.1.tgz 0ms (cache hit)
2335 http cache which@https://registry.npmjs.org/which/-/which-2.0.2.tgz 0ms (cache hit)
2336 http cache supports-color@https://registry.npmjs.org/supports-color/-/supports-color-7.2.0.tgz 0ms (cache hit)
2337 http cache ansi-styles@https://registry.npmjs.org/ansi-styles/-/ansi-styles-4.3.0.tgz 0ms (cache hit)
2338 http cache uri-js@https://registry.npmjs.org/uri-js/-/uri-js-4.4.1.tgz 0ms (cache hit)
2339 http cache json-schema-traverse@https://registry.npmjs.org/json-schema-traverse/-/json-schema-traverse-0.4.1.tgz 0ms (cache hit)
2340 http cache @humanfs/core@https://registry.npmjs.org/@humanfs/core/-/core-0.19.2.tgz 0ms (cache hit)
2341 http cache @humanfs/types@https://registry.npmjs.org/@humanfs/types/-/types-0.15.0.tgz 0ms (cache hit)
2342 http cache fast-json-stable-stringify@https://registry.npmjs.org/fast-json-stable-stringify/-/fast-json-stable-stringify-2.1.0.tgz 0ms (cache hit)
2343 http cache levn@https://registry.npmjs.org/levn/-/levn-0.4.1.tgz 0ms (cache hit)
2344 http cache strip-json-comments@https://registry.npmjs.org/strip-json-comments/-/strip-json-comments-3.1.1.tgz 0ms (cache hit)
2345 http cache js-yaml@https://registry.npmjs.org/js-yaml/-/js-yaml-4.3.2.tgz 0ms (cache hit)
2346 http cache import-fresh@https://registry.npmjs.org/import-fresh/-/import-fresh-3.3.1.tgz 0ms (cache hit)
2347 http cache @eslint/object-schema@https://registry.npmjs.org/@eslint/object-schema/-/object-schema-2.1.7.tgz 0ms (cache hit)
2348 http cache globals@https://registry.npmjs.org/globals/-/globals-14.0.0.tgz 0ms (cache hit)
2349 http cache natural-compare@https://registry.npmjs.org/natural-compare/-/natural-compare-1.4.0.tgz 0ms (cache hit)
2350 http cache optionator@https://registry.npmjs.org/optionator/-/optionator-0.9.4.tgz 0ms (cache hit)
2351 http cache minimatch@https://registry.npmjs.org/minimatch/-/minimatch-3.1.5.tgz 0ms (cache hit)
2352 http cache lodash.merge@https://registry.npmjs.org/lodash.merge/-/lodash.merge-4.6.2.tgz 0ms (cache hit)
2353 http cache is-glob@https://registry.npmjs.org/is-glob/-/is-glob-4.0.3.tgz 0ms (cache hit)
2354 http cache json-stable-stringify-without-jsonify@https://registry.npmjs.org/json-stable-stringify-without-jsonify/-/json-stable-stringify-without-jsonify-1.0.1.tgz 0ms (cache hit)
2355 http cache imurmurhash@https://registry.npmjs.org/imurmurhash/-/imurmurhash-0.1.4.tgz 0ms (cache hit)
2356 http cache ignore@https://registry.npmjs.org/ignore/-/ignore-5.3.2.tgz 0ms (cache hit)
2357 http cache glob-parent@https://registry.npmjs.org/glob-parent/-/glob-parent-6.0.2.tgz 0ms (cache hit)
2358 http cache find-up@https://registry.npmjs.org/find-up/-/find-up-5.0.0.tgz 0ms (cache hit)
2359 http cache file-entry-cache@https://registry.npmjs.org/file-entry-cache/-/file-entry-cache-8.0.0.tgz 0ms (cache hit)
2360 http cache fast-deep-equal@https://registry.npmjs.org/fast-deep-equal/-/fast-deep-equal-3.1.3.tgz 0ms (cache hit)
2361 http cache esutils@https://registry.npmjs.org/esutils/-/esutils-2.0.3.tgz 0ms (cache hit)
2362 http cache esquery@https://registry.npmjs.org/esquery/-/esquery-1.7.0.tgz 0ms (cache hit)
2363 http cache espree@https://registry.npmjs.org/espree/-/espree-10.4.0.tgz 0ms (cache hit)
2364 http cache eslint-scope@https://registry.npmjs.org/eslint-scope/-/eslint-scope-8.4.0.tgz 0ms (cache hit)
2365 http cache eslint-visitor-keys@https://registry.npmjs.org/eslint-visitor-keys/-/eslint-visitor-keys-4.2.1.tgz 0ms (cache hit)
2366 http cache escape-string-regexp@https://registry.npmjs.org/escape-string-regexp/-/escape-string-regexp-4.0.0.tgz 0ms (cache hit)
2367 http cache debug@https://registry.npmjs.org/debug/-/debug-4.4.3.tgz 0ms (cache hit)
2368 http cache chalk@https://registry.npmjs.org/chalk/-/chalk-4.1.2.tgz 0ms (cache hit)
2369 http cache cross-spawn@https://registry.npmjs.org/cross-spawn/-/cross-spawn-7.0.6.tgz 0ms (cache hit)
2370 http cache ajv@https://registry.npmjs.org/ajv/-/ajv-6.15.0.tgz 0ms (cache hit)
2371 http cache @types/json-schema@https://registry.npmjs.org/@types/json-schema/-/json-schema-7.0.15.tgz 0ms (cache hit)
2372 http cache @types/estree@https://registry.npmjs.org/@types/estree/-/estree-1.0.9.tgz 0ms (cache hit)
2373 http cache @humanwhocodes/retry@https://registry.npmjs.org/@humanwhocodes/retry/-/retry-0.4.3.tgz 0ms (cache hit)
2374 http cache @humanwhocodes/module-importer@https://registry.npmjs.org/@humanwhocodes/module-importer/-/module-importer-1.0.1.tgz 0ms (cache hit)
2375 http cache @humanfs/node@https://registry.npmjs.org/@humanfs/node/-/node-0.16.8.tgz 0ms (cache hit)
2376 http cache @eslint/plugin-kit@https://registry.npmjs.org/@eslint/plugin-kit/-/plugin-kit-0.2.8.tgz 0ms (cache hit)
2377 http cache @eslint/js@https://registry.npmjs.org/@eslint/js/-/js-9.19.0.tgz 0ms (cache hit)
2378 http cache @eslint/core@https://registry.npmjs.org/@eslint/core/-/core-0.10.0.tgz 0ms (cache hit)
2379 http cache @eslint/eslintrc@https://registry.npmjs.org/@eslint/eslintrc/-/eslintrc-3.3.7.tgz 0ms (cache hit)
2380 http cache @eslint/config-array@https://registry.npmjs.org/@eslint/config-array/-/config-array-0.19.2.tgz 0ms (cache hit)
2381 http cache @eslint-community/regexpp@https://registry.npmjs.org/@eslint-community/regexpp/-/regexpp-4.12.2.tgz 0ms (cache hit)
2382 http cache csstype@https://registry.npmjs.org/csstype/-/csstype-3.2.3.tgz 0ms (cache hit)
2383 http cache typescript@https://registry.npmjs.org/typescript/-/typescript-5.7.3.tgz 0ms (cache hit)
2384 http cache undici-types@https://registry.npmjs.org/undici-types/-/undici-types-6.20.0.tgz 0ms (cache hit)
2385 http cache react-dom@https://registry.npmjs.org/react-dom/-/react-dom-19.0.0.tgz 0ms (cache hit)
2386 http cache react@https://registry.npmjs.org/react/-/react-19.0.0.tgz 0ms (cache hit)
2387 http cache next@https://registry.npmjs.org/next/-/next-15.1.6.tgz 0ms (cache hit)
2388 http cache @eslint-community/eslint-utils@https://registry.npmjs.org/@eslint-community/eslint-utils/-/eslint-utils-4.10.1.tgz 0ms (cache hit)
2389 http cache eslint-config-next@https://registry.npmjs.org/eslint-config-next/-/eslint-config-next-15.1.6.tgz 0ms (cache hit)
2390 http cache eslint@https://registry.npmjs.org/eslint/-/eslint-9.19.0.tgz 0ms (cache hit)
2391 http cache @types/react-dom@https://registry.npmjs.org/@types/react-dom/-/react-dom-19.0.3.tgz 0ms (cache hit)
2392 http cache @types/react@https://registry.npmjs.org/@types/react/-/react-19.0.8.tgz 0ms (cache hit)
2393 http cache @types/node@https://registry.npmjs.org/@types/node/-/node-22.13.4.tgz 0ms (cache hit)
2394 http cache semver@https://registry.npmjs.org/semver/-/semver-6.3.1.tgz 0ms (cache hit)
2395 http cache debug@https://registry.npmjs.org/debug/-/debug-3.2.7.tgz 0ms (cache hit)
2396 http cache picomatch@https://registry.npmjs.org/picomatch/-/picomatch-4.0.7.tgz 0ms (cache hit)
2397 http cache balanced-match@https://registry.npmjs.org/balanced-match/-/balanced-match-4.0.4.tgz 0ms (cache hit)
2398 http cache fdir@https://registry.npmjs.org/fdir/-/fdir-6.5.0.tgz 0ms (cache hit)
2399 http cache eslint-plugin-import@https://registry.npmjs.org/eslint-plugin-import/-/eslint-plugin-import-2.32.0.tgz 0ms (cache hit)
2400 http cache minimatch@https://registry.npmjs.org/minimatch/-/minimatch-10.2.6.tgz 0ms (cache hit)
2401 http cache eslint-visitor-keys@https://registry.npmjs.org/eslint-visitor-keys/-/eslint-visitor-keys-5.0.1.tgz 0ms (cache hit)
2402 http cache glob-parent@https://registry.npmjs.org/glob-parent/-/glob-parent-5.1.2.tgz 0ms (cache hit)
2403 http cache brace-expansion@https://registry.npmjs.org/brace-expansion/-/brace-expansion-5.0.12.tgz 0ms (cache hit)
2404 http cache semver@https://registry.npmjs.org/semver/-/semver-6.3.1.tgz 0ms (cache hit)
2405 http cache semver@https://registry.npmjs.org/semver/-/semver-6.3.1.tgz 0ms (cache hit)
2406 http cache debug@https://registry.npmjs.org/debug/-/debug-3.2.7.tgz 0ms (cache hit)
2407 http cache ignore@https://registry.npmjs.org/ignore/-/ignore-7.0.9.tgz 0ms (cache hit)
2408 http cache debug@https://registry.npmjs.org/debug/-/debug-3.2.7.tgz 0ms (cache hit)
2409 http cache @eslint/core@https://registry.npmjs.org/@eslint/core/-/core-0.13.0.tgz 0ms (cache hit)
2410 http cache eslint-visitor-keys@https://registry.npmjs.org/eslint-visitor-keys/-/eslint-visitor-keys-3.4.3.tgz 0ms (cache hit)
2411 silly tarball no local data for is-weakset@https://registry.npmjs.org/is-weakset/-/is-weakset-2.0.4.tgz. Extracting by manifest.
2412 silly tarball no local data for which-collection@https://registry.npmjs.org/which-collection/-/which-collection-1.0.2.tgz. Extracting by manifest.
2413 silly tarball no local data for async-function@https://registry.npmjs.org/async-function/-/async-function-1.0.0.tgz. Extracting by manifest.
2414 silly tarball no local data for is-finalizationregistry@https://registry.npmjs.org/is-finalizationregistry/-/is-finalizationregistry-1.1.1.tgz. Extracting by manifest.
2415 silly tarball no local data for is-async-function@https://registry.npmjs.org/is-async-function/-/is-async-function-2.1.1.tgz. Extracting by manifest.
2416 silly tarball no local data for is-generator-function@https://registry.npmjs.org/is-generator-function/-/is-generator-function-1.1.2.tgz. Extracting by manifest.
2417 silly tarball no local data for is-number-object@https://registry.npmjs.org/is-number-object/-/is-number-object-1.1.1.tgz. Extracting by manifest.
2418 silly tarball no local data for is-boolean-object@https://registry.npmjs.org/is-boolean-object/-/is-boolean-object-1.2.2.tgz. Extracting by manifest.
2419 silly tarball no local data for is-map@https://registry.npmjs.org/is-map/-/is-map-2.0.3.tgz. Extracting by manifest.
2420 silly tarball no local data for generator-function@https://registry.npmjs.org/generator-function/-/generator-function-2.0.1.tgz. Extracting by manifest.
2421 silly tarball no local data for is-bigint@https://registry.npmjs.org/is-bigint/-/is-bigint-1.1.0.tgz. Extracting by manifest.
2422 silly tarball no local data for is-weakmap@https://registry.npmjs.org/is-weakmap/-/is-weakmap-2.0.2.tgz. Extracting by manifest.
2423 silly tarball no local data for isexe@https://registry.npmjs.org/isexe/-/isexe-2.0.0.tgz. Extracting by manifest.
2424 silly tarball no local data for napi-postinstall@https://registry.npmjs.org/napi-postinstall/-/napi-postinstall-0.3.4.tgz. Extracting by manifest.
2425 silly tarball no local data for punycode@https://registry.npmjs.org/punycode/-/punycode-2.3.1.tgz. Extracting by manifest.
2426 silly tarball no local data for has-bigints@https://registry.npmjs.org/has-bigints/-/has-bigints-1.1.0.tgz. Extracting by manifest.
2427 silly tarball no local data for which-boxed-primitive@https://registry.npmjs.org/which-boxed-primitive/-/which-boxed-primitive-1.1.1.tgz. Extracting by manifest.
2428 silly tarball no local data for @unrs/resolver-binding-win32-x64-msvc@https://registry.npmjs.org/@unrs/resolver-binding-win32-x64-msvc/-/resolver-binding-win32-x64-msvc-1.12.2.tgz. Extracting by manifest.
2429 silly tarball no local data for reflect.getprototypeof@https://registry.npmjs.org/reflect.getprototypeof/-/reflect.getprototypeof-1.0.10.tgz. Extracting by manifest.
2430 silly tarball no local data for which-builtin-type@https://registry.npmjs.org/which-builtin-type/-/which-builtin-type-1.2.1.tgz. Extracting by manifest.
2431 silly tarball no local data for for-each@https://registry.npmjs.org/for-each/-/for-each-0.3.5.tgz. Extracting by manifest.
2432 silly tarball no local data for strip-bom@https://registry.npmjs.org/strip-bom/-/strip-bom-3.0.0.tgz. Extracting by manifest.
2433 silly tarball no local data for json5@https://registry.npmjs.org/json5/-/json5-1.0.2.tgz. Extracting by manifest.
2434 silly tarball no local data for @types/json5@https://registry.npmjs.org/@types/json5/-/json5-0.0.29.tgz. Extracting by manifest.
2435 silly tarball no local data for minimist@https://registry.npmjs.org/minimist/-/minimist-1.2.8.tgz. Extracting by manifest.
2436 silly tarball no local data for is-number@https://registry.npmjs.org/is-number/-/is-number-7.0.0.tgz. Extracting by manifest.
2437 silly tarball no local data for has-flag@https://registry.npmjs.org/has-flag/-/has-flag-4.0.0.tgz. Extracting by manifest.
2438 silly tarball no local data for client-only@https://registry.npmjs.org/client-only/-/client-only-0.0.1.tgz. Extracting by manifest.
2439 silly tarball no local data for side-channel-weakmap@https://registry.npmjs.org/side-channel-weakmap/-/side-channel-weakmap-1.0.2.tgz. Extracting by manifest.
2440 silly tarball no local data for is-arrayish@https://registry.npmjs.org/is-arrayish/-/is-arrayish-0.3.4.tgz. Extracting by manifest.
2441 silly tarball no local data for side-channel-map@https://registry.npmjs.org/side-channel-map/-/side-channel-map-1.0.1.tgz. Extracting by manifest.
2442 silly tarball no local data for shebang-regex@https://registry.npmjs.org/shebang-regex/-/shebang-regex-3.0.0.tgz. Extracting by manifest.
2443 silly tarball no local data for color-string@https://registry.npmjs.org/color-string/-/color-string-1.9.1.tgz. Extracting by manifest.
2444 silly tarball no local data for side-channel-list@https://registry.npmjs.org/side-channel-list/-/side-channel-list-1.0.1.tgz. Extracting by manifest.
2445 silly tarball no local data for simple-swizzle@https://registry.npmjs.org/simple-swizzle/-/simple-swizzle-0.2.4.tgz. Extracting by manifest.
2446 silly tarball no local data for color@https://registry.npmjs.org/color/-/color-4.2.3.tgz. Extracting by manifest.
2447 silly tarball no local data for detect-libc@https://registry.npmjs.org/detect-libc/-/detect-libc-2.1.2.tgz. Extracting by manifest.
2448 silly tarball no local data for isarray@https://registry.npmjs.org/isarray/-/isarray-2.0.5.tgz. Extracting by manifest.
2449 silly tarball no local data for supports-preserve-symlinks-flag@https://registry.npmjs.org/supports-preserve-symlinks-flag/-/supports-preserve-symlinks-flag-1.0.0.tgz. Extracting by manifest.
2450 silly tarball no local data for queue-microtask@https://registry.npmjs.org/queue-microtask/-/queue-microtask-1.2.3.tgz. Extracting by manifest.
2451 silly tarball no local data for path-parse@https://registry.npmjs.org/path-parse/-/path-parse-1.0.7.tgz. Extracting by manifest.
2452 silly tarball no local data for @img/sharp-win32-x64@https://registry.npmjs.org/@img/sharp-win32-x64/-/sharp-win32-x64-0.33.5.tgz. Extracting by manifest.
2453 silly tarball no local data for scheduler@https://registry.npmjs.org/scheduler/-/scheduler-0.25.0.tgz. Extracting by manifest.
2454 silly tarball no local data for node-exports-info@https://registry.npmjs.org/node-exports-info/-/node-exports-info-1.6.2.tgz. Extracting by manifest.
2455 silly tarball no local data for react-is@https://registry.npmjs.org/react-is/-/react-is-16.13.1.tgz. Extracting by manifest.
2456 silly tarball no local data for object-assign@https://registry.npmjs.org/object-assign/-/object-assign-4.1.1.tgz. Extracting by manifest.
2457 silly tarball no local data for js-tokens@https://registry.npmjs.org/js-tokens/-/js-tokens-4.0.0.tgz. Extracting by manifest.
2458 silly tarball no local data for loose-envify@https://registry.npmjs.org/loose-envify/-/loose-envify-1.4.0.tgz. Extracting by manifest.
2459 silly tarball no local data for source-map-js@https://registry.npmjs.org/source-map-js/-/source-map-js-1.2.1.tgz. Extracting by manifest.
2460 silly tarball no local data for picocolors@https://registry.npmjs.org/picocolors/-/picocolors-1.1.1.tgz. Extracting by manifest.
2461 silly tarball no local data for callsites@https://registry.npmjs.org/callsites/-/callsites-3.1.0.tgz. Extracting by manifest.
2462 silly tarball no local data for nanoid@https://registry.npmjs.org/nanoid/-/nanoid-3.3.19.tgz. Extracting by manifest.
2463 silly tarball no local data for yocto-queue@https://registry.npmjs.org/yocto-queue/-/yocto-queue-0.1.0.tgz. Extracting by manifest.
2464 silly tarball no local data for p-limit@https://registry.npmjs.org/p-limit/-/p-limit-3.1.0.tgz. Extracting by manifest.
2465 silly tarball no local data for deep-is@https://registry.npmjs.org/deep-is/-/deep-is-0.1.4.tgz. Extracting by manifest.
2466 silly tarball no local data for streamsearch@https://registry.npmjs.org/streamsearch/-/streamsearch-1.1.0.tgz. Extracting by manifest.
2467 silly tarball no local data for word-wrap@https://registry.npmjs.org/word-wrap/-/word-wrap-1.2.5.tgz. Extracting by manifest.
2468 silly tarball no local data for tslib@https://registry.npmjs.org/tslib/-/tslib-2.8.1.tgz. Extracting by manifest.
2469 silly tarball no local data for fast-levenshtein@https://registry.npmjs.org/fast-levenshtein/-/fast-levenshtein-2.0.6.tgz. Extracting by manifest.
2470 silly tarball no local data for postcss@https://registry.npmjs.org/postcss/-/postcss-8.4.31.tgz. Extracting by manifest.
2471 silly tarball no local data for styled-jsx@https://registry.npmjs.org/styled-jsx/-/styled-jsx-5.1.6.tgz. Extracting by manifest.
2472 silly tarball no local data for caniuse-lite@https://registry.npmjs.org/caniuse-lite/-/caniuse-lite-1.0.30001810.tgz. Extracting by manifest.
2473 silly tarball no local data for sharp@https://registry.npmjs.org/sharp/-/sharp-0.33.5.tgz. Extracting by manifest.
2474 silly tarball no local data for busboy@https://registry.npmjs.org/busboy/-/busboy-1.6.0.tgz. Extracting by manifest.
2475 silly tarball no local data for @swc/helpers@https://registry.npmjs.org/@swc/helpers/-/helpers-0.5.15.tgz. Extracting by manifest.
2476 silly tarball no local data for @swc/counter@https://registry.npmjs.org/@swc/counter/-/counter-0.1.3.tgz. Extracting by manifest.
2477 silly tarball no local data for @next/env@https://registry.npmjs.org/@next/env/-/env-15.1.6.tgz. Extracting by manifest.
2478 silly tarball no local data for @next/swc-win32-x64-msvc@https://registry.npmjs.org/@next/swc-win32-x64-msvc/-/swc-win32-x64-msvc-15.1.6.tgz. Extracting by manifest.
2479 silly tarball no local data for concat-map@https://registry.npmjs.org/concat-map/-/concat-map-0.0.1.tgz. Extracting by manifest.
2480 silly tarball no local data for balanced-match@https://registry.npmjs.org/balanced-match/-/balanced-match-1.0.2.tgz. Extracting by manifest.
2481 silly tarball no local data for brace-expansion@https://registry.npmjs.org/brace-expansion/-/brace-expansion-1.1.21.tgz. Extracting by manifest.
2482 silly tarball no local data for to-regex-range@https://registry.npmjs.org/to-regex-range/-/to-regex-range-5.0.1.tgz. Extracting by manifest.
2483 silly tarball no local data for fill-range@https://registry.npmjs.org/fill-range/-/fill-range-7.1.1.tgz. Extracting by manifest.
2484 silly tarball no local data for picomatch@https://registry.npmjs.org/picomatch/-/picomatch-2.3.2.tgz. Extracting by manifest.
2485 silly tarball no local data for braces@https://registry.npmjs.org/braces/-/braces-3.0.3.tgz. Extracting by manifest.
2486 silly tarball no local data for p-locate@https://registry.npmjs.org/p-locate/-/p-locate-5.0.0.tgz. Extracting by manifest.
2487 silly tarball no local data for type-check@https://registry.npmjs.org/type-check/-/type-check-0.4.0.tgz. Extracting by manifest.
2488 silly tarball no local data for prelude-ls@https://registry.npmjs.org/prelude-ls/-/prelude-ls-1.2.1.tgz. Extracting by manifest.
2489 silly tarball no local data for language-subtag-registry@https://registry.npmjs.org/language-subtag-registry/-/language-subtag-registry-0.3.23.tgz. Extracting by manifest.
2490 silly tarball no local data for json-buffer@https://registry.npmjs.org/json-buffer/-/json-buffer-3.0.1.tgz. Extracting by manifest.
2491 silly tarball no local data for argparse@https://registry.npmjs.org/argparse/-/argparse-2.0.1.tgz. Extracting by manifest.
2492 silly tarball no local data for is-extglob@https://registry.npmjs.org/is-extglob/-/is-extglob-2.1.1.tgz. Extracting by manifest.
2493 silly tarball no local data for side-channel@https://registry.npmjs.org/side-channel/-/side-channel-1.1.1.tgz. Extracting by manifest.
2494 silly tarball no local data for set-function-name@https://registry.npmjs.org/set-function-name/-/set-function-name-2.0.2.tgz. Extracting by manifest.
2495 silly tarball no local data for resolve-from@https://registry.npmjs.org/resolve-from/-/resolve-from-4.0.0.tgz. Extracting by manifest.
2496 silly tarball no local data for parent-module@https://registry.npmjs.org/parent-module/-/parent-module-1.0.1.tgz. Extracting by manifest.
2497 silly tarball no local data for dunder-proto@https://registry.npmjs.org/dunder-proto/-/dunder-proto-1.0.1.tgz. Extracting by manifest.
2498 silly tarball no local data for is-document.all@https://registry.npmjs.org/is-document.all/-/is-document.all-1.0.0.tgz. Extracting by manifest.
2499 silly tarball no local data for functions-have-names@https://registry.npmjs.org/functions-have-names/-/functions-have-names-1.2.3.tgz. Extracting by manifest.
2500 silly tarball no local data for keyv@https://registry.npmjs.org/keyv/-/keyv-4.5.4.tgz. Extracting by manifest.
2501 silly tarball no local data for resolve-pkg-maps@https://registry.npmjs.org/resolve-pkg-maps/-/resolve-pkg-maps-1.0.0.tgz. Extracting by manifest.
2502 silly tarball no local data for flatted@https://registry.npmjs.org/flatted/-/flatted-3.4.4.tgz. Extracting by manifest.
2503 silly tarball no local data for path-exists@https://registry.npmjs.org/path-exists/-/path-exists-4.0.0.tgz. Extracting by manifest.
2504 silly tarball no local data for locate-path@https://registry.npmjs.org/locate-path/-/locate-path-6.0.0.tgz. Extracting by manifest.
2505 silly tarball no local data for flat-cache@https://registry.npmjs.org/flat-cache/-/flat-cache-4.0.1.tgz. Extracting by manifest.
2506 silly tarball no local data for reusify@https://registry.npmjs.org/reusify/-/reusify-1.1.0.tgz. Extracting by manifest.
2507 silly tarball no local data for run-parallel@https://registry.npmjs.org/run-parallel/-/run-parallel-1.2.0.tgz. Extracting by manifest.
2508 silly tarball no local data for micromatch@https://registry.npmjs.org/micromatch/-/micromatch-4.0.8.tgz. Extracting by manifest.
2509 silly tarball no local data for @nodelib/fs.scandir@https://registry.npmjs.org/@nodelib/fs.scandir/-/fs.scandir-2.1.5.tgz. Extracting by manifest.
2510 silly tarball no local data for merge2@https://registry.npmjs.org/merge2/-/merge2-1.4.1.tgz. Extracting by manifest.
2511 silly tarball no local data for @nodelib/fs.walk@https://registry.npmjs.org/@nodelib/fs.walk/-/fs.walk-1.2.8.tgz. Extracting by manifest.
2512 silly tarball no local data for @nodelib/fs.stat@https://registry.npmjs.org/@nodelib/fs.stat/-/fs.stat-2.0.5.tgz. Extracting by manifest.
2513 silly tarball no local data for acorn@https://registry.npmjs.org/acorn/-/acorn-8.18.0.tgz. Extracting by manifest.
2514 silly tarball no local data for acorn-jsx@https://registry.npmjs.org/acorn-jsx/-/acorn-jsx-5.3.2.tgz. Extracting by manifest.
2515 silly tarball no local data for esrecurse@https://registry.npmjs.org/esrecurse/-/esrecurse-4.3.0.tgz. Extracting by manifest.
2516 silly tarball no local data for string.prototype.repeat@https://registry.npmjs.org/string.prototype.repeat/-/string.prototype.repeat-1.0.0.tgz. Extracting by manifest.
2517 silly tarball no local data for string.prototype.matchall@https://registry.npmjs.org/string.prototype.matchall/-/string.prototype.matchall-4.1.0.tgz. Extracting by manifest.
2518 silly tarball no local data for iterator.prototype@https://registry.npmjs.org/iterator.prototype/-/iterator.prototype-1.1.5.tgz. Extracting by manifest.
2519 silly tarball no local data for prop-types@https://registry.npmjs.org/prop-types/-/prop-types-15.8.1.tgz. Extracting by manifest.
2520 silly tarball no local data for object.entries@https://registry.npmjs.org/object.entries/-/object.entries-1.1.9.tgz. Extracting by manifest.
2521 silly tarball no local data for estraverse@https://registry.npmjs.org/estraverse/-/estraverse-5.3.0.tgz. Extracting by manifest.
2522 silly tarball no local data for es-iterator-helpers@https://registry.npmjs.org/es-iterator-helpers/-/es-iterator-helpers-1.4.0.tgz. Extracting by manifest.
2523 silly tarball no local data for string.prototype.includes@https://registry.npmjs.org/string.prototype.includes/-/string.prototype.includes-2.0.1.tgz. Extracting by manifest.
2524 silly tarball no local data for array.prototype.tosorted@https://registry.npmjs.org/array.prototype.tosorted/-/array.prototype.tosorted-1.1.4.tgz. Extracting by manifest.
2525 silly tarball no local data for array.prototype.findlast@https://registry.npmjs.org/array.prototype.findlast/-/array.prototype.findlast-1.2.5.tgz. Extracting by manifest.
2526 silly tarball no local data for language-tags@https://registry.npmjs.org/language-tags/-/language-tags-1.0.9.tgz. Extracting by manifest.
2527 silly tarball no local data for jsx-ast-utils@https://registry.npmjs.org/jsx-ast-utils/-/jsx-ast-utils-3.3.5.tgz. Extracting by manifest.
2528 silly tarball no local data for emoji-regex@https://registry.npmjs.org/emoji-regex/-/emoji-regex-9.2.2.tgz. Extracting by manifest.
2529 silly tarball no local data for axobject-query@https://registry.npmjs.org/axobject-query/-/axobject-query-4.1.0.tgz. Extracting by manifest.
2530 silly tarball no local data for fastq@https://registry.npmjs.org/fastq/-/fastq-1.20.3.tgz. Extracting by manifest.
2531 silly tarball no local data for ast-types-flow@https://registry.npmjs.org/ast-types-flow/-/ast-types-flow-0.0.8.tgz. Extracting by manifest.
2532 silly tarball no local data for damerau-levenshtein@https://registry.npmjs.org/damerau-levenshtein/-/damerau-levenshtein-1.0.8.tgz. Extracting by manifest.
2533 silly tarball no local data for aria-query@https://registry.npmjs.org/aria-query/-/aria-query-5.3.2.tgz. Extracting by manifest.
2534 silly tarball no local data for axe-core@https://registry.npmjs.org/axe-core/-/axe-core-4.13.0.tgz. Extracting by manifest.
2535 silly tarball no local data for is-symbol@https://registry.npmjs.org/is-symbol/-/is-symbol-1.1.1.tgz. Extracting by manifest.
2536 silly tarball no local data for is-date-object@https://registry.npmjs.org/is-date-object/-/is-date-object-1.1.0.tgz. Extracting by manifest.
2537 silly tarball no local data for es-abstract-get@https://registry.npmjs.org/es-abstract-get/-/es-abstract-get-1.0.0.tgz. Extracting by manifest.
2538 silly tarball no local data for has-tostringtag@https://registry.npmjs.org/has-tostringtag/-/has-tostringtag-1.0.2.tgz. Extracting by manifest.
2539 silly tarball no local data for possible-typed-array-names@https://registry.npmjs.org/possible-typed-array-names/-/possible-typed-array-names-1.1.0.tgz. Extracting by manifest.
2540 silly tarball no local data for which-typed-array@https://registry.npmjs.org/which-typed-array/-/which-typed-array-1.1.24.tgz. Extracting by manifest.
2541 silly tarball no local data for typed-array-length@https://registry.npmjs.org/typed-array-length/-/typed-array-length-1.0.8.tgz. Extracting by manifest.
2542 silly tarball no local data for unbox-primitive@https://registry.npmjs.org/unbox-primitive/-/unbox-primitive-1.1.0.tgz. Extracting by manifest.
2543 silly tarball no local data for typed-array-byte-offset@https://registry.npmjs.org/typed-array-byte-offset/-/typed-array-byte-offset-1.0.5.tgz. Extracting by manifest.
2544 silly tarball no local data for typed-array-byte-length@https://registry.npmjs.org/typed-array-byte-length/-/typed-array-byte-length-1.0.3.tgz. Extracting by manifest.
2545 silly tarball no local data for typed-array-buffer@https://registry.npmjs.org/typed-array-buffer/-/typed-array-buffer-1.0.3.tgz. Extracting by manifest.
2546 silly tarball no local data for string.prototype.trim@https://registry.npmjs.org/string.prototype.trim/-/string.prototype.trim-1.2.11.tgz. Extracting by manifest.
2547 silly tarball no local data for stop-iteration-iterator@https://registry.npmjs.org/stop-iteration-iterator/-/stop-iteration-iterator-1.1.0.tgz. Extracting by manifest.
2548 silly tarball no local data for string.prototype.trimstart@https://registry.npmjs.org/string.prototype.trimstart/-/string.prototype.trimstart-1.0.8.tgz. Extracting by manifest.
2549 silly tarball no local data for safe-regex-test@https://registry.npmjs.org/safe-regex-test/-/safe-regex-test-1.1.0.tgz. Extracting by manifest.
2550 silly tarball no local data for safe-push-apply@https://registry.npmjs.org/safe-push-apply/-/safe-push-apply-1.0.0.tgz. Extracting by manifest.
2551 silly tarball no local data for regexp.prototype.flags@https://registry.npmjs.org/regexp.prototype.flags/-/regexp.prototype.flags-1.5.4.tgz. Extracting by manifest.
2552 silly tarball no local data for safe-array-concat@https://registry.npmjs.org/safe-array-concat/-/safe-array-concat-1.1.4.tgz. Extracting by manifest.
2553 silly tarball no local data for object-inspect@https://registry.npmjs.org/object-inspect/-/object-inspect-1.13.4.tgz. Extracting by manifest.
2554 silly tarball no local data for set-proto@https://registry.npmjs.org/set-proto/-/set-proto-1.0.0.tgz. Extracting by manifest.
2555 silly tarball no local data for is-weakref@https://registry.npmjs.org/is-weakref/-/is-weakref-1.1.1.tgz. Extracting by manifest.
2556 silly tarball no local data for own-keys@https://registry.npmjs.org/own-keys/-/own-keys-1.0.2.tgz. Extracting by manifest.
2557 silly tarball no local data for is-shared-array-buffer@https://registry.npmjs.org/is-shared-array-buffer/-/is-shared-array-buffer-1.0.4.tgz. Extracting by manifest.
2558 silly tarball no local data for is-typed-array@https://registry.npmjs.org/is-typed-array/-/is-typed-array-1.1.15.tgz. Extracting by manifest.
2559 silly tarball no local data for is-regex@https://registry.npmjs.org/is-regex/-/is-regex-1.2.1.tgz. Extracting by manifest.
2560 silly tarball no local data for is-set@https://registry.npmjs.org/is-set/-/is-set-2.0.3.tgz. Extracting by manifest.
2561 silly tarball no local data for is-negative-zero@https://registry.npmjs.org/is-negative-zero/-/is-negative-zero-2.0.3.tgz. Extracting by manifest.
2562 silly tarball no local data for is-array-buffer@https://registry.npmjs.org/is-array-buffer/-/is-array-buffer-3.0.5.tgz. Extracting by manifest.
2563 silly tarball no local data for is-callable@https://registry.npmjs.org/is-callable/-/is-callable-1.2.7.tgz. Extracting by manifest.
2564 silly tarball no local data for is-data-view@https://registry.npmjs.org/is-data-view/-/is-data-view-1.0.2.tgz. Extracting by manifest.
2565 silly tarball no local data for object.assign@https://registry.npmjs.org/object.assign/-/object.assign-4.1.7.tgz. Extracting by manifest.
2566 silly tarball no local data for internal-slot@https://registry.npmjs.org/internal-slot/-/internal-slot-1.1.0.tgz. Extracting by manifest.
2567 silly tarball no local data for has-symbols@https://registry.npmjs.org/has-symbols/-/has-symbols-1.1.0.tgz. Extracting by manifest.
2568 silly tarball no local data for has-proto@https://registry.npmjs.org/has-proto/-/has-proto-1.2.0.tgz. Extracting by manifest.
2569 silly tarball no local data for get-symbol-description@https://registry.npmjs.org/get-symbol-description/-/get-symbol-description-1.1.0.tgz. Extracting by manifest.
2570 silly tarball no local data for get-proto@https://registry.npmjs.org/get-proto/-/get-proto-1.0.1.tgz. Extracting by manifest.
2571 silly tarball no local data for function.prototype.name@https://registry.npmjs.org/function.prototype.name/-/function.prototype.name-1.2.0.tgz. Extracting by manifest.
2572 silly tarball no local data for es-set-tostringtag@https://registry.npmjs.org/es-set-tostringtag/-/es-set-tostringtag-2.1.0.tgz. Extracting by manifest.
2573 silly tarball no local data for data-view-byte-offset@https://registry.npmjs.org/data-view-byte-offset/-/data-view-byte-offset-1.0.1.tgz. Extracting by manifest.
2574 silly tarball no local data for data-view-byte-length@https://registry.npmjs.org/data-view-byte-length/-/data-view-byte-length-1.0.2.tgz. Extracting by manifest.
2575 silly tarball no local data for data-view-buffer@https://registry.npmjs.org/data-view-buffer/-/data-view-buffer-1.0.2.tgz. Extracting by manifest.
2576 silly tarball no local data for available-typed-arrays@https://registry.npmjs.org/available-typed-arrays/-/available-typed-arrays-1.0.7.tgz. Extracting by manifest.
2577 silly tarball no local data for arraybuffer.prototype.slice@https://registry.npmjs.org/arraybuffer.prototype.slice/-/arraybuffer.prototype.slice-1.0.4.tgz. Extracting by manifest.
2578 silly tarball no local data for es-to-primitive@https://registry.npmjs.org/es-to-primitive/-/es-to-primitive-1.3.4.tgz. Extracting by manifest.
2579 silly tarball no local data for array-buffer-byte-length@https://registry.npmjs.org/array-buffer-byte-length/-/array-buffer-byte-length-1.0.2.tgz. Extracting by manifest.
2580 silly tarball no local data for gopd@https://registry.npmjs.org/gopd/-/gopd-1.2.0.tgz. Extracting by manifest.
2581 silly tarball no local data for globalthis@https://registry.npmjs.org/globalthis/-/globalthis-1.0.4.tgz. Extracting by manifest.
2582 silly tarball no local data for has-property-descriptors@https://registry.npmjs.org/has-property-descriptors/-/has-property-descriptors-1.0.2.tgz. Extracting by manifest.
2583 silly tarball no local data for define-data-property@https://registry.npmjs.org/define-data-property/-/define-data-property-1.1.4.tgz. Extracting by manifest.
2584 silly tarball no local data for object-keys@https://registry.npmjs.org/object-keys/-/object-keys-1.1.1.tgz. Extracting by manifest.
2585 silly tarball no local data for function-bind@https://registry.npmjs.org/function-bind/-/function-bind-1.1.2.tgz. Extracting by manifest.
2586 silly tarball no local data for get-intrinsic@https://registry.npmjs.org/get-intrinsic/-/get-intrinsic-1.3.0.tgz. Extracting by manifest.
2587 silly tarball no local data for set-function-length@https://registry.npmjs.org/set-function-length/-/set-function-length-1.2.2.tgz. Extracting by manifest.
2588 silly tarball no local data for call-bind-apply-helpers@https://registry.npmjs.org/call-bind-apply-helpers/-/call-bind-apply-helpers-1.0.2.tgz. Extracting by manifest.
2589 silly tarball no local data for math-intrinsics@https://registry.npmjs.org/math-intrinsics/-/math-intrinsics-1.1.0.tgz. Extracting by manifest.
2590 silly tarball no local data for is-string@https://registry.npmjs.org/is-string/-/is-string-1.1.1.tgz. Extracting by manifest.
2591 silly tarball no local data for es-define-property@https://registry.npmjs.org/es-define-property/-/es-define-property-1.0.1.tgz. Extracting by manifest.
2592 silly tarball no local data for es-shim-unscopables@https://registry.npmjs.org/es-shim-unscopables/-/es-shim-unscopables-1.1.0.tgz. Extracting by manifest.
2593 silly tarball no local data for es-object-atoms@https://registry.npmjs.org/es-object-atoms/-/es-object-atoms-1.1.2.tgz. Extracting by manifest.
2594 silly tarball no local data for es-errors@https://registry.npmjs.org/es-errors/-/es-errors-1.3.0.tgz. Extracting by manifest.
2595 silly tarball no local data for es-abstract@https://registry.npmjs.org/es-abstract/-/es-abstract-1.24.2.tgz. Extracting by manifest.
2596 silly tarball no local data for define-properties@https://registry.npmjs.org/define-properties/-/define-properties-1.2.1.tgz. Extracting by manifest.
2597 silly tarball no local data for call-bind@https://registry.npmjs.org/call-bind/-/call-bind-1.0.9.tgz. Extracting by manifest.
2598 silly tarball no local data for tsconfig-paths@https://registry.npmjs.org/tsconfig-paths/-/tsconfig-paths-3.15.0.tgz. Extracting by manifest.
2599 silly tarball no local data for call-bound@https://registry.npmjs.org/call-bound/-/call-bound-1.0.4.tgz. Extracting by manifest.
2600 silly tarball no local data for object.values@https://registry.npmjs.org/object.values/-/object.values-1.2.1.tgz. Extracting by manifest.
2601 silly tarball no local data for string.prototype.trimend@https://registry.npmjs.org/string.prototype.trimend/-/string.prototype.trimend-1.0.10.tgz. Extracting by manifest.
2602 silly tarball no local data for object.groupby@https://registry.npmjs.org/object.groupby/-/object.groupby-1.0.3.tgz. Extracting by manifest.
2603 silly tarball no local data for object.fromentries@https://registry.npmjs.org/object.fromentries/-/object.fromentries-2.0.8.tgz. Extracting by manifest.
2604 silly tarball no local data for hasown@https://registry.npmjs.org/hasown/-/hasown-2.0.4.tgz. Extracting by manifest.
2605 silly tarball no local data for doctrine@https://registry.npmjs.org/doctrine/-/doctrine-2.1.0.tgz. Extracting by manifest.
2606 silly tarball no local data for eslint-module-utils@https://registry.npmjs.org/eslint-module-utils/-/eslint-module-utils-2.14.0.tgz. Extracting by manifest.
2607 silly tarball no local data for array.prototype.flatmap@https://registry.npmjs.org/array.prototype.flatmap/-/array.prototype.flatmap-1.3.3.tgz. Extracting by manifest.
2608 silly tarball no local data for array.prototype.findlastindex@https://registry.npmjs.org/array.prototype.findlastindex/-/array.prototype.findlastindex-1.2.6.tgz. Extracting by manifest.
2609 silly tarball no local data for array.prototype.flat@https://registry.npmjs.org/array.prototype.flat/-/array.prototype.flat-1.3.3.tgz. Extracting by manifest.
2610 silly tarball no local data for array-includes@https://registry.npmjs.org/array-includes/-/array-includes-3.2.0.tgz. Extracting by manifest.
2611 silly tarball no local data for @rtsao/scc@https://registry.npmjs.org/@rtsao/scc/-/scc-1.1.0.tgz. Extracting by manifest.
2612 silly tarball no local data for unrs-resolver@https://registry.npmjs.org/unrs-resolver/-/unrs-resolver-1.12.2.tgz. Extracting by manifest.
2613 silly tarball no local data for stable-hash@https://registry.npmjs.org/stable-hash/-/stable-hash-0.0.5.tgz. Extracting by manifest.
2614 silly tarball no local data for get-tsconfig@https://registry.npmjs.org/get-tsconfig/-/get-tsconfig-4.14.3.tgz. Extracting by manifest.
2615 silly tarball no local data for resolve@https://registry.npmjs.org/resolve/-/resolve-2.0.0-next.7.tgz. Extracting by manifest.
2616 silly tarball no local data for is-bun-module@https://registry.npmjs.org/is-bun-module/-/is-bun-module-2.0.0.tgz. Extracting by manifest.
2617 silly tarball no local data for semver@https://registry.npmjs.org/semver/-/semver-7.8.5.tgz. Extracting by manifest.
2618 silly tarball no local data for is-core-module@https://registry.npmjs.org/is-core-module/-/is-core-module-2.17.0.tgz. Extracting by manifest.
2619 silly tarball no local data for @nolyfill/is-core-module@https://registry.npmjs.org/@nolyfill/is-core-module/-/is-core-module-1.0.39.tgz. Extracting by manifest.
2620 silly tarball no local data for @typescript-eslint/tsconfig-utils@https://registry.npmjs.org/@typescript-eslint/tsconfig-utils/-/tsconfig-utils-8.70.0.tgz. Extracting by manifest.
2621 silly tarball no local data for tinyglobby@https://registry.npmjs.org/tinyglobby/-/tinyglobby-0.2.17.tgz. Extracting by manifest.
2622 silly tarball no local data for ts-api-utils@https://registry.npmjs.org/ts-api-utils/-/ts-api-utils-2.5.0.tgz. Extracting by manifest.
2623 silly tarball no local data for @typescript-eslint/project-service@https://registry.npmjs.org/@typescript-eslint/project-service/-/project-service-8.70.0.tgz. Extracting by manifest.
2624 silly tarball no local data for @typescript-eslint/types@https://registry.npmjs.org/@typescript-eslint/types/-/types-8.70.0.tgz. Extracting by manifest.
2625 silly tarball no local data for @typescript-eslint/utils@https://registry.npmjs.org/@typescript-eslint/utils/-/utils-8.70.0.tgz. Extracting by manifest.
2626 silly tarball no local data for @typescript-eslint/visitor-keys@https://registry.npmjs.org/@typescript-eslint/visitor-keys/-/visitor-keys-8.70.0.tgz. Extracting by manifest.
2627 silly tarball no local data for @typescript-eslint/type-utils@https://registry.npmjs.org/@typescript-eslint/type-utils/-/type-utils-8.70.0.tgz. Extracting by manifest.
2628 silly tarball no local data for @typescript-eslint/typescript-estree@https://registry.npmjs.org/@typescript-eslint/typescript-estree/-/typescript-estree-8.70.0.tgz. Extracting by manifest.
2629 silly tarball no local data for @typescript-eslint/scope-manager@https://registry.npmjs.org/@typescript-eslint/scope-manager/-/scope-manager-8.70.0.tgz. Extracting by manifest.
2630 silly tarball no local data for fast-glob@https://registry.npmjs.org/fast-glob/-/fast-glob-3.3.1.tgz. Extracting by manifest.
2631 silly tarball no local data for eslint-plugin-jsx-a11y@https://registry.npmjs.org/eslint-plugin-jsx-a11y/-/eslint-plugin-jsx-a11y-6.10.2.tgz. Extracting by manifest.
2632 silly tarball no local data for eslint-plugin-react@https://registry.npmjs.org/eslint-plugin-react/-/eslint-plugin-react-7.37.5.tgz. Extracting by manifest.
2633 silly tarball no local data for eslint-plugin-react-hooks@https://registry.npmjs.org/eslint-plugin-react-hooks/-/eslint-plugin-react-hooks-5.2.0.tgz. Extracting by manifest.
2634 silly tarball no local data for eslint-import-resolver-typescript@https://registry.npmjs.org/eslint-import-resolver-typescript/-/eslint-import-resolver-typescript-3.10.1.tgz. Extracting by manifest.
2635 silly tarball no local data for eslint-import-resolver-node@https://registry.npmjs.org/eslint-import-resolver-node/-/eslint-import-resolver-node-0.3.10.tgz. Extracting by manifest.
2636 silly tarball no local data for @typescript-eslint/parser@https://registry.npmjs.org/@typescript-eslint/parser/-/parser-8.70.0.tgz. Extracting by manifest.
2637 silly tarball no local data for @rushstack/eslint-patch@https://registry.npmjs.org/@rushstack/eslint-patch/-/eslint-patch-1.16.1.tgz. Extracting by manifest.
2638 silly tarball no local data for @typescript-eslint/eslint-plugin@https://registry.npmjs.org/@typescript-eslint/eslint-plugin/-/eslint-plugin-8.70.0.tgz. Extracting by manifest.
2639 silly tarball no local data for @next/eslint-plugin-next@https://registry.npmjs.org/@next/eslint-plugin-next/-/eslint-plugin-next-15.1.6.tgz. Extracting by manifest.
2640 silly tarball no local data for ms@https://registry.npmjs.org/ms/-/ms-2.1.3.tgz. Extracting by manifest.
2641 silly tarball no local data for shebang-command@https://registry.npmjs.org/shebang-command/-/shebang-command-2.0.0.tgz. Extracting by manifest.
2642 silly tarball no local data for path-key@https://registry.npmjs.org/path-key/-/path-key-3.1.1.tgz. Extracting by manifest.
2643 silly tarball no local data for color-name@https://registry.npmjs.org/color-name/-/color-name-1.1.4.tgz. Extracting by manifest.
2644 silly tarball no local data for color-convert@https://registry.npmjs.org/color-convert/-/color-convert-2.0.1.tgz. Extracting by manifest.
2645 silly tarball no local data for which@https://registry.npmjs.org/which/-/which-2.0.2.tgz. Extracting by manifest.
2646 silly tarball no local data for supports-color@https://registry.npmjs.org/supports-color/-/supports-color-7.2.0.tgz. Extracting by manifest.
2647 silly tarball no local data for ansi-styles@https://registry.npmjs.org/ansi-styles/-/ansi-styles-4.3.0.tgz. Extracting by manifest.
2648 silly tarball no local data for uri-js@https://registry.npmjs.org/uri-js/-/uri-js-4.4.1.tgz. Extracting by manifest.
2649 silly tarball no local data for json-schema-traverse@https://registry.npmjs.org/json-schema-traverse/-/json-schema-traverse-0.4.1.tgz. Extracting by manifest.
2650 silly tarball no local data for @humanfs/core@https://registry.npmjs.org/@humanfs/core/-/core-0.19.2.tgz. Extracting by manifest.
2651 silly tarball no local data for @humanfs/types@https://registry.npmjs.org/@humanfs/types/-/types-0.15.0.tgz. Extracting by manifest.
2652 silly tarball no local data for fast-json-stable-stringify@https://registry.npmjs.org/fast-json-stable-stringify/-/fast-json-stable-stringify-2.1.0.tgz. Extracting by manifest.
2653 silly tarball no local data for levn@https://registry.npmjs.org/levn/-/levn-0.4.1.tgz. Extracting by manifest.
2654 silly tarball no local data for strip-json-comments@https://registry.npmjs.org/strip-json-comments/-/strip-json-comments-3.1.1.tgz. Extracting by manifest.
2655 silly tarball no local data for js-yaml@https://registry.npmjs.org/js-yaml/-/js-yaml-4.3.2.tgz. Extracting by manifest.
2656 silly tarball no local data for import-fresh@https://registry.npmjs.org/import-fresh/-/import-fresh-3.3.1.tgz. Extracting by manifest.
2657 silly tarball no local data for @eslint/object-schema@https://registry.npmjs.org/@eslint/object-schema/-/object-schema-2.1.7.tgz. Extracting by manifest.
2658 silly tarball no local data for globals@https://registry.npmjs.org/globals/-/globals-14.0.0.tgz. Extracting by manifest.
2659 silly tarball no local data for natural-compare@https://registry.npmjs.org/natural-compare/-/natural-compare-1.4.0.tgz. Extracting by manifest.
2660 silly tarball no local data for optionator@https://registry.npmjs.org/optionator/-/optionator-0.9.4.tgz. Extracting by manifest.
2661 silly tarball no local data for minimatch@https://registry.npmjs.org/minimatch/-/minimatch-3.1.5.tgz. Extracting by manifest.
2662 silly tarball no local data for lodash.merge@https://registry.npmjs.org/lodash.merge/-/lodash.merge-4.6.2.tgz. Extracting by manifest.
2663 silly tarball no local data for is-glob@https://registry.npmjs.org/is-glob/-/is-glob-4.0.3.tgz. Extracting by manifest.
2664 silly tarball no local data for json-stable-stringify-without-jsonify@https://registry.npmjs.org/json-stable-stringify-without-jsonify/-/json-stable-stringify-without-jsonify-1.0.1.tgz. Extracting by manifest.
2665 silly tarball no local data for imurmurhash@https://registry.npmjs.org/imurmurhash/-/imurmurhash-0.1.4.tgz. Extracting by manifest.
2666 silly tarball no local data for ignore@https://registry.npmjs.org/ignore/-/ignore-5.3.2.tgz. Extracting by manifest.
2667 silly tarball no local data for glob-parent@https://registry.npmjs.org/glob-parent/-/glob-parent-6.0.2.tgz. Extracting by manifest.
2668 silly tarball no local data for find-up@https://registry.npmjs.org/find-up/-/find-up-5.0.0.tgz. Extracting by manifest.
2669 silly tarball no local data for file-entry-cache@https://registry.npmjs.org/file-entry-cache/-/file-entry-cache-8.0.0.tgz. Extracting by manifest.
2670 silly tarball no local data for fast-deep-equal@https://registry.npmjs.org/fast-deep-equal/-/fast-deep-equal-3.1.3.tgz. Extracting by manifest.
2671 silly tarball no local data for esutils@https://registry.npmjs.org/esutils/-/esutils-2.0.3.tgz. Extracting by manifest.
2672 silly tarball no local data for esquery@https://registry.npmjs.org/esquery/-/esquery-1.7.0.tgz. Extracting by manifest.
2673 silly tarball no local data for espree@https://registry.npmjs.org/espree/-/espree-10.4.0.tgz. Extracting by manifest.
2674 silly tarball no local data for eslint-scope@https://registry.npmjs.org/eslint-scope/-/eslint-scope-8.4.0.tgz. Extracting by manifest.
2675 silly tarball no local data for eslint-visitor-keys@https://registry.npmjs.org/eslint-visitor-keys/-/eslint-visitor-keys-4.2.1.tgz. Extracting by manifest.
2676 silly tarball no local data for escape-string-regexp@https://registry.npmjs.org/escape-string-regexp/-/escape-string-regexp-4.0.0.tgz. Extracting by manifest.
2677 silly tarball no local data for debug@https://registry.npmjs.org/debug/-/debug-4.4.3.tgz. Extracting by manifest.
2678 silly tarball no local data for chalk@https://registry.npmjs.org/chalk/-/chalk-4.1.2.tgz. Extracting by manifest.
2679 silly tarball no local data for cross-spawn@https://registry.npmjs.org/cross-spawn/-/cross-spawn-7.0.6.tgz. Extracting by manifest.
2680 silly tarball no local data for ajv@https://registry.npmjs.org/ajv/-/ajv-6.15.0.tgz. Extracting by manifest.
2681 silly tarball no local data for @types/json-schema@https://registry.npmjs.org/@types/json-schema/-/json-schema-7.0.15.tgz. Extracting by manifest.
2682 silly tarball no local data for @types/estree@https://registry.npmjs.org/@types/estree/-/estree-1.0.9.tgz. Extracting by manifest.
2683 silly tarball no local data for @humanwhocodes/retry@https://registry.npmjs.org/@humanwhocodes/retry/-/retry-0.4.3.tgz. Extracting by manifest.
2684 silly tarball no local data for @humanwhocodes/module-importer@https://registry.npmjs.org/@humanwhocodes/module-importer/-/module-importer-1.0.1.tgz. Extracting by manifest.
2685 silly tarball no local data for @humanfs/node@https://registry.npmjs.org/@humanfs/node/-/node-0.16.8.tgz. Extracting by manifest.
2686 silly tarball no local data for @eslint/plugin-kit@https://registry.npmjs.org/@eslint/plugin-kit/-/plugin-kit-0.2.8.tgz. Extracting by manifest.
2687 silly tarball no local data for @eslint/js@https://registry.npmjs.org/@eslint/js/-/js-9.19.0.tgz. Extracting by manifest.
2688 silly tarball no local data for @eslint/core@https://registry.npmjs.org/@eslint/core/-/core-0.10.0.tgz. Extracting by manifest.
2689 silly tarball no local data for @eslint/eslintrc@https://registry.npmjs.org/@eslint/eslintrc/-/eslintrc-3.3.7.tgz. Extracting by manifest.
2690 silly tarball no local data for @eslint/config-array@https://registry.npmjs.org/@eslint/config-array/-/config-array-0.19.2.tgz. Extracting by manifest.
2691 silly tarball no local data for @eslint-community/regexpp@https://registry.npmjs.org/@eslint-community/regexpp/-/regexpp-4.12.2.tgz. Extracting by manifest.
2692 silly tarball no local data for csstype@https://registry.npmjs.org/csstype/-/csstype-3.2.3.tgz. Extracting by manifest.
2693 silly tarball no local data for typescript@https://registry.npmjs.org/typescript/-/typescript-5.7.3.tgz. Extracting by manifest.
2694 silly tarball no local data for undici-types@https://registry.npmjs.org/undici-types/-/undici-types-6.20.0.tgz. Extracting by manifest.
2695 silly tarball no local data for react-dom@https://registry.npmjs.org/react-dom/-/react-dom-19.0.0.tgz. Extracting by manifest.
2696 silly tarball no local data for react@https://registry.npmjs.org/react/-/react-19.0.0.tgz. Extracting by manifest.
2697 silly tarball no local data for next@https://registry.npmjs.org/next/-/next-15.1.6.tgz. Extracting by manifest.
2698 silly tarball no local data for @eslint-community/eslint-utils@https://registry.npmjs.org/@eslint-community/eslint-utils/-/eslint-utils-4.10.1.tgz. Extracting by manifest.
2699 silly tarball no local data for eslint-config-next@https://registry.npmjs.org/eslint-config-next/-/eslint-config-next-15.1.6.tgz. Extracting by manifest.
2700 silly tarball no local data for eslint@https://registry.npmjs.org/eslint/-/eslint-9.19.0.tgz. Extracting by manifest.
2701 silly tarball no local data for @types/react-dom@https://registry.npmjs.org/@types/react-dom/-/react-dom-19.0.3.tgz. Extracting by manifest.
2702 silly tarball no local data for @types/react@https://registry.npmjs.org/@types/react/-/react-19.0.8.tgz. Extracting by manifest.
2703 silly tarball no local data for @types/node@https://registry.npmjs.org/@types/node/-/node-22.13.4.tgz. Extracting by manifest.
2704 silly tarball no local data for semver@https://registry.npmjs.org/semver/-/semver-6.3.1.tgz. Extracting by manifest.
2705 silly tarball no local data for debug@https://registry.npmjs.org/debug/-/debug-3.2.7.tgz. Extracting by manifest.
2706 silly tarball no local data for picomatch@https://registry.npmjs.org/picomatch/-/picomatch-4.0.7.tgz. Extracting by manifest.
2707 silly tarball no local data for balanced-match@https://registry.npmjs.org/balanced-match/-/balanced-match-4.0.4.tgz. Extracting by manifest.
2708 silly tarball no local data for fdir@https://registry.npmjs.org/fdir/-/fdir-6.5.0.tgz. Extracting by manifest.
2709 silly tarball no local data for eslint-plugin-import@https://registry.npmjs.org/eslint-plugin-import/-/eslint-plugin-import-2.32.0.tgz. Extracting by manifest.
2710 silly tarball no local data for minimatch@https://registry.npmjs.org/minimatch/-/minimatch-10.2.6.tgz. Extracting by manifest.
2711 silly tarball no local data for eslint-visitor-keys@https://registry.npmjs.org/eslint-visitor-keys/-/eslint-visitor-keys-5.0.1.tgz. Extracting by manifest.
2712 silly tarball no local data for glob-parent@https://registry.npmjs.org/glob-parent/-/glob-parent-5.1.2.tgz. Extracting by manifest.
2713 silly tarball no local data for brace-expansion@https://registry.npmjs.org/brace-expansion/-/brace-expansion-5.0.12.tgz. Extracting by manifest.
2714 silly tarball no local data for semver@https://registry.npmjs.org/semver/-/semver-6.3.1.tgz. Extracting by manifest.
2715 silly tarball no local data for semver@https://registry.npmjs.org/semver/-/semver-6.3.1.tgz. Extracting by manifest.
2716 silly tarball no local data for debug@https://registry.npmjs.org/debug/-/debug-3.2.7.tgz. Extracting by manifest.
2717 silly tarball no local data for ignore@https://registry.npmjs.org/ignore/-/ignore-7.0.9.tgz. Extracting by manifest.
2718 silly tarball no local data for debug@https://registry.npmjs.org/debug/-/debug-3.2.7.tgz. Extracting by manifest.
2719 silly tarball no local data for @eslint/core@https://registry.npmjs.org/@eslint/core/-/core-0.13.0.tgz. Extracting by manifest.
2720 silly tarball no local data for eslint-visitor-keys@https://registry.npmjs.org/eslint-visitor-keys/-/eslint-visitor-keys-3.4.3.tgz. Extracting by manifest.
2721 http fetch POST 200 https://registry.npmjs.org/-/npm/v1/security/advisories/bulk 301ms
2722 silly audit report {
2722 silly audit report   next: [
2722 silly audit report     {
2722 silly audit report       id: 1117931,
2722 silly audit report       url: 'https://github.com/advisories/GHSA-8h8q-6873-q5fj',
2722 silly audit report       title: 'Next.js Vulnerable to Denial of Service with Server Components',
2722 silly audit report       severity: 'high',
2722 silly audit report       vulnerable_versions: '>=13.0.0 <15.5.16',
2722 silly audit report       cwe: [Array],
2722 silly audit report       cvss: [Object]
2722 silly audit report     },
2722 silly audit report     {
2722 silly audit report       id: 1105462,
2722 silly audit report       url: 'https://github.com/advisories/GHSA-3h52-269p-cp9r',
2722 silly audit report       title: 'Information exposure in Next.js dev server due to lack of origin verification',
2722 silly audit report       severity: 'low',
2722 silly audit report       vulnerable_versions: '>=15.0.0 <15.2.2',
2722 silly audit report       cwe: [Array],
2722 silly audit report       cvss: [Object]
2722 silly audit report     },
2722 silly audit report     {
2722 silly audit report       id: 1105948,
2722 silly audit report       url: 'https://github.com/advisories/GHSA-67rr-84xm-4c7r',
2722 silly audit report       title: 'Next.JS vulnerability can lead to DoS via cache poisoning ',
2722 silly audit report       severity: 'high',
2722 silly audit report       vulnerable_versions: '>=15.0.4-canary.51 <15.1.8',
2722 silly audit report       cwe: [Array],
2722 silly audit report       cvss: [Object]
2722 silly audit report     },
2722 silly audit report     {
2722 silly audit report       id: 1111367,
2722 silly audit report       url: 'https://github.com/advisories/GHSA-9qr9-h5gf-34mp',
2722 silly audit report       title: 'Next.js is vulnerable to RCE in React flight protocol',
2722 silly audit report       severity: 'critical',
2722 silly audit report       vulnerable_versions: '>=15.1.0-canary.0 <15.1.9',
2722 silly audit report       cwe: [Array],
2722 silly audit report       cvss: [Object]
2722 silly audit report     },
2722 silly audit report     {
2722 silly audit report       id: 1111380,
2722 silly audit report       url: 'https://github.com/advisories/GHSA-w37m-7fhw-fmv9',
2722 silly audit report       title: 'Next Server Actions Source Code Exposure ',
2722 silly audit report       severity: 'moderate',
2722 silly audit report       vulnerable_versions: '>=15.1.1-canary.0 <15.1.10',
2722 silly audit report       cwe: [Array],
2722 silly audit report       cvss: [Object]
2722 silly audit report     },
2722 silly audit report     {
2722 silly audit report       id: 1111389,
2722 silly audit report       url: 'https://github.com/advisories/GHSA-mwv6-3258-q52c',
2722 silly audit report       title: 'Next Vulnerable to Denial of Service with Server Components',
2722 silly audit report       severity: 'high',
2722 silly audit report       vulnerable_versions: '>=15.1.1-canary.0 <15.1.10',
2722 silly audit report       cwe: [Array],
2722 silly audit report       cvss: [Object]
2722 silly audit report     },
2722 silly audit report     {
2722 silly audit report       id: 1107228,
2722 silly audit report       url: 'https://github.com/advisories/GHSA-g5qg-72qw-gw5v',
2722 silly audit report       title: 'Next.js Affected by Cache Key Confusion for Image Optimization API Routes',
2722 silly audit report       severity: 'moderate',
2722 silly audit report       vulnerable_versions: '>=15.0.0 <=15.4.4',
2722 silly audit report       cwe: [Array],
2722 silly audit report       cvss: [Object]
2722 silly audit report     },
2722 silly audit report     {
2722 silly audit report       id: 1107514,
2722 silly audit report       url: 'https://github.com/advisories/GHSA-xv57-4mr9-wg8v',
2722 silly audit report       title: 'Next.js Content Injection Vulnerability for Image Optimization',
2722 silly audit report       severity: 'moderate',
2722 silly audit report       vulnerable_versions: '>=15.0.0 <=15.4.4',
2722 silly audit report       cwe: [Array],
2722 silly audit report       cvss: [Object]
2722 silly audit report     },
2722 silly audit report     {
2722 silly audit report       id: 1107515,
2722 silly audit report       url: 'https://github.com/advisories/GHSA-4342-x723-ch2f',
2722 silly audit report       title: 'Next.js Improper Middleware Redirect Handling Leads to SSRF',
2722 silly audit report       severity: 'moderate',
2722 silly audit report       vulnerable_versions: '>=15.0.0-canary.0 <15.4.7',
2722 silly audit report       cwe: [Array],
2722 silly audit report       cvss: [Object]
2722 silly audit report     },
2722 silly audit report     {
2722 silly audit report       id: 1118942,
2722 silly audit report       url: 'https://github.com/advisories/GHSA-3g8h-86w9-wvmq',
2722 silly audit report       title: "Next.js's Middleware / Proxy redirects can be cache-poisoned",
2722 silly audit report       severity: 'low',
2722 silly audit report       vulnerable_versions: '>=12.2.0 <15.5.16',
2722 silly audit report       cwe: [Array],
2722 silly audit report       cvss: [Object]
2722 silly audit report     },
2722 silly audit report     {
2722 silly audit report       id: 1118944,
2722 silly audit report       url: 'https://github.com/advisories/GHSA-ffhc-5mcf-pf4q',
2722 silly audit report       title: 'Next.js vulnerable to cross-site scripting in App Router applications using CSP nonces',
2722 silly audit report       severity: 'moderate',
2722 silly audit report       vulnerable_versions: '>=13.4.0 <15.5.16',
2722 silly audit report       cwe: [Array],
2722 silly audit report       cvss: [Object]
2722 silly audit report     },
2722 silly audit report     {
2722 silly audit report       id: 1118946,
2722 silly audit report       url: 'https://github.com/advisories/GHSA-vfv6-92ff-j949',
2722 silly audit report       title: 'Next.js vulnerable to cache poisoning via collisions in React Server Component cache-busting',
2722 silly audit report       severity: 'low',
2722 silly audit report       vulnerable_versions: '>=13.4.6 <15.5.16',
2722 silly audit report       cwe: [Array],
2722 silly audit report       cvss: [Object]
2722 silly audit report     },
2722 silly audit report     {
2722 silly audit report       id: 1118948,
2722 silly audit report       url: 'https://github.com/advisories/GHSA-gx5p-jg67-6x7h',
2722 silly audit report       title: 'Next.js has cross-site scripting in beforeInteractive scripts with untrusted input',
2722 silly audit report       severity: 'moderate',
2722 silly audit report       vulnerable_versions: '>=13.0.0 <15.5.16',
2722 silly audit report       cwe: [Array],
2722 silly audit report       cvss: [Object]
2722 silly audit report     },
2722 silly audit report     {
2722 silly audit report       id: 1118950,
2722 silly audit report       url: 'https://github.com/advisories/GHSA-mg66-mrh9-m8jx',
2722 silly audit report       title: 'Next.js vulnerable to Denial of Service via connection exhaustion in applications using Cache Components',
2722 silly audit report       severity: 'high',
2722 silly audit report       vulnerable_versions: '>=15.0.0 <15.5.16',
2722 silly audit report       cwe: [Array],
2722 silly audit report       cvss: [Object]
2722 silly audit report     },
2722 silly audit report     {
2722 silly audit report       id: 1118952,
2722 silly audit report       url: 'https://github.com/advisories/GHSA-h64f-5h5j-jqjh',
2722 silly audit report       title: 'Next.js has a Denial of Service in the Image Optimization API',
2722 silly audit report       severity: 'moderate',
2722 silly audit report       vulnerable_versions: '>=10.0.0 <15.5.16',
2722 silly audit report       cwe: [Array],
2722 silly audit report       cvss: [Object]
2722 silly audit report     },
2722 silly audit report     {
2722 silly audit report       id: 1118954,
2722 silly audit report       url: 'https://github.com/advisories/GHSA-c4j6-fc7j-m34r',
2722 silly audit report       title: 'Next.js vulnerable to server-side request forgery in applications using WebSocket upgrades',
2722 silly audit report       severity: 'high',
2722 silly audit report       vulnerable_versions: '>=13.4.13 <15.5.16',
2722 silly audit report       cwe: [Array],
2722 silly audit report       cvss: [Object]
2722 silly audit report     },
2722 silly audit report     {
2722 silly audit report       id: 1118958,
2722 silly audit report       url: 'https://github.com/advisories/GHSA-wfc6-r584-vfw7',
2722 silly audit report       title: 'Next.js vulnerable to cache poisoning in React Server Component responses',
2722 silly audit report       severity: 'moderate',
2722 silly audit report       vulnerable_versions: '>=14.2.0 <15.5.16',
2722 silly audit report       cwe: [Array],
2722 silly audit report       cvss: [Object]
2722 silly audit report     },
2722 silly audit report     {
2722 silly audit report       id: 1118962,
2722 silly audit report       url: 'https://github.com/advisories/GHSA-36qx-fr4f-26g5',
2722 silly audit report       title: 'Next.js has a Middleware / Proxy bypass in Pages Router applications using i18n',
2722 silly audit report       severity: 'high',
2722 silly audit report       vulnerable_versions: '>=12.2.0 <15.5.16',
2722 silly audit report       cwe: [Array],
2722 silly audit report       cvss: [Object]
2722 silly audit report     },
2722 silly audit report     {
2722 silly audit report       id: 1112593,
2722 silly audit report       url: 'https://github.com/advisories/GHSA-9g9p-9gw9-jx7f',
2722 silly audit report       title: 'Next.js self-hosted applications vulnerable to DoS via Image Optimizer remotePatterns configuration',
2722 silly audit report       severity: 'moderate',
2722 silly audit report       vulnerable_versions: '>=10.0.0 <15.5.10',
2722 silly audit report       cwe: [Array],
2722 silly audit report       cvss: [Object]
2722 silly audit report     },
2722 silly audit report     {
2722 silly audit report       id: 1112652,
2722 silly audit report       url: 'https://github.com/advisories/GHSA-h25m-26qc-wcjf',
2722 silly audit report       title: 'Next.js HTTP request deserialization can lead to DoS when using insecure React Server Components',
2722 silly audit report       severity: 'high',
2722 silly audit report       vulnerable_versions: '>=15.1.1-canary.0 <15.1.12',
2722 silly audit report       cwe: [Array],
2722 silly audit report       cvss: [Object]
2722 silly audit report     },
2722 silly audit report     {
2722 silly audit report       id: 1113688,
2722 silly audit report       url: 'https://github.com/advisories/GHSA-f82v-jwr5-mffw',
2722 silly audit report       title: 'Authorization Bypass in Next.js Middleware',
2722 silly audit report       severity: 'critical',
2722 silly audit report       vulnerable_versions: '>=15.0.0 <15.2.3',
2722 silly audit report       cwe: [Array],
2722 silly audit report       cvss: [Object]
2722 silly audit report     },
2722 silly audit report     {
2722 silly audit report       id: 1114897,
2722 silly audit report       url: 'https://github.com/advisories/GHSA-ggv3-7p47-pfv8',
2722 silly audit report       title: 'Next.js: HTTP request smuggling in rewrites',
2722 silly audit report       severity: 'moderate',
2722 silly audit report       vulnerable_versions: '>=9.5.0 <15.5.13',
2722 silly audit report       cwe: [Array],
2722 silly audit report       cvss: [Object]
2722 silly audit report     },
2722 silly audit report     {
2722 silly audit report       id: 1114940,
2722 silly audit report       url: 'https://github.com/advisories/GHSA-3x4c-7xq6-9pq8',
2722 silly audit report       title: 'Next.js: Unbounded next/image disk cache growth can exhaust storage',
2722 silly audit report       severity: 'moderate',
2722 silly audit report       vulnerable_versions: '>=10.0.0 <15.5.14',
2722 silly audit report       cwe: [Array],
2722 silly audit report       cvss: [Object]
2722 silly audit report     },
2722 silly audit report     {
2722 silly audit report       id: 1116376,
2722 silly audit report       url: 'https://github.com/advisories/GHSA-q4gf-8mx6-v5v3',
2722 silly audit report       title: 'Next.js has a Denial of Service with Server Components',
2722 silly audit report       severity: 'high',
2722 silly audit report       vulnerable_versions: '>=13.0.0 <15.5.15',
2722 silly audit report       cwe: [Array],
2722 silly audit report       cvss: [Object]
2722 silly audit report     },
2722 silly audit report     {
2722 silly audit report       id: 1124185,
2722 silly audit report       url: 'https://github.com/advisories/GHSA-89xv-2m56-2m9x',
2722 silly audit report       title: 'Next.js: Server-Side Request Forgery in Server Actions on custom servers',
2722 silly audit report       severity: 'high',
2722 silly audit report       vulnerable_versions: '>=14.1.1 <15.5.21',
2722 silly audit report       cwe: [Array],
2722 silly audit report       cvss: [Object]
2722 silly audit report     },
2722 silly audit report     {
2722 silly audit report       id: 1124172,
2722 silly audit report       url: 'https://github.com/advisories/GHSA-m99w-x7hq-7vfj',
2722 silly audit report       title: 'Next.js: Denial of Service in App Router using Server Actions',
2722 silly audit report       severity: 'high',
2722 silly audit report       vulnerable_versions: '>=13.0.0 <15.5.21',
2722 silly audit report       cwe: [Array],
2722 silly audit report       cvss: [Object]
2722 silly audit report     },
2722 silly audit report     {
2722 silly audit report       id: 1124187,
2722 silly audit report       url: 'https://github.com/advisories/GHSA-68g3-v927-f742',
2722 silly audit report       title: 'Next.js: Cache confusion of response bodies for requests with bodies',
2722 silly audit report       severity: 'moderate',
2722 silly audit report       vulnerable_versions: '>=13.0.0 <15.5.21',
2722 silly audit report       cwe: [Array],
2722 silly audit report       cvss: [Object]
2722 silly audit report     },
2722 silly audit report     {
2722 silly audit report       id: 1124189,
2722 silly audit report       url: 'https://github.com/advisories/GHSA-4633-3j49-mh5q',
2722 silly audit report       title: 'Next.js: Cache confusion of response bodies for requests with bodies containing invalid UTF-8 byte sequences',
2722 silly audit report       severity: 'moderate',
2722 silly audit report       vulnerable_versions: '>=13.0.0 <15.5.21',
2722 silly audit report       cwe: [Array],
2722 silly audit report       cvss: [Object]
2722 silly audit report     },
2722 silly audit report     {
2722 silly audit report       id: 1124191,
2722 silly audit report       url: 'https://github.com/advisories/GHSA-4c39-4ccg-62r3',
2722 silly audit report       title: 'Next.js: Unbounded Server Action payload in Edge runtime',
2722 silly audit report       severity: 'moderate',
2722 silly audit report       vulnerable_versions: '>=13.0.0 <15.5.21',
2722 silly audit report       cwe: [Array],
2722 silly audit report       cvss: [Object]
2722 silly audit report     },
2722 silly audit report     {
2722 silly audit report       id: 1124193,
2722 silly audit report       url: 'https://github.com/advisories/GHSA-p9j2-gv94-2wf4',
2722 silly audit report       title: 'Next.js: Server-Side Request Forgery in rewrites via attacker-controlled destination hostname',
2722 silly audit report       severity: 'high',
2722 silly audit report       vulnerable_versions: '>=12.0.0 <15.5.21',
2722 silly audit report       cwe: [Array],
2722 silly audit report       cvss: [Object]
2722 silly audit report     },
2722 silly audit report     {
2722 silly audit report       id: 1124197,
2722 silly audit report       url: 'https://github.com/advisories/GHSA-955p-x3mx-jcvp',
2722 silly audit report       title: 'Next.js: Unauthenticated disclosure of internal Server Function endpoints',
2722 silly audit report       severity: 'moderate',
2722 silly audit report       vulnerable_versions: '>=13.0.0 <15.5.21',
2722 silly audit report       cwe: [Array],
2722 silly audit report       cvss: [Object]
2722 silly audit report     },
2722 silly audit report     {
2722 silly audit report       id: 1193677,
2722 silly audit report       url: 'https://github.com/advisories/GHSA-p293-qw3h-jr36',
2722 silly audit report       title: 'Next.js: Unauthenticated Remote Code Execution on windows-hosted servers',
2722 silly audit report       severity: 'critical',
2722 silly audit report       vulnerable_versions: '>=13.4.0 <15.5.24',
2722 silly audit report       cwe: [Array],
2722 silly audit report       cvss: [Object]
2722 silly audit report     },
2722 silly audit report     {
2722 silly audit report       id: 1193733,
2722 silly audit report       url: 'https://github.com/advisories/GHSA-2xp9-vwfh-vxw4',
2722 silly audit report       title: 'Next.js: Unauthenticated Remote Code Execution in Image Optimization API when AVIF files are used',
2722 silly audit report       severity: 'critical',
2722 silly audit report       vulnerable_versions: '>=10.0.0 <15.5.24',
2722 silly audit report       cwe: [Array],
2722 silly audit report       cvss: [Object]
2722 silly audit report     }
2722 silly audit report   ],
2722 silly audit report   '@eslint/plugin-kit': [
2722 silly audit report     {
2722 silly audit report       id: 1106734,
2722 silly audit report       url: 'https://github.com/advisories/GHSA-xffm-g5w8-qvg7',
2722 silly audit report       title: '@eslint/plugin-kit is vulnerable to Regular Expression Denial of Service attacks through ConfigCommentParser',
2722 silly audit report       severity: 'low',
2722 silly audit report       vulnerable_versions: '<0.3.4',
2722 silly audit report       cwe: [Array],
2722 silly audit report       cvss: [Object]
2722 silly audit report     }
2722 silly audit report   ],
2722 silly audit report   postcss: [
2722 silly audit report     {
2722 silly audit report       id: 1130709,
2722 silly audit report       url: 'https://github.com/advisories/GHSA-fxqj-rqcc-2cmp',
2722 silly audit report       title: 'PostCSS: incomplete fix of GHSA-6g55-p6wh-862q — attacker-controlled sourceMappingURL reads arbitrary .map files when `from` is unset',
2722 silly audit report       severity: 'moderate',
2722 silly audit report       vulnerable_versions: '<=8.5.22',
2722 silly audit report       cwe: [Array],
2722 silly audit report       cvss: [Object]
2722 silly audit report     },
2722 silly audit report     {
2722 silly audit report       id: 1117015,
2722 silly audit report       url: 'https://github.com/advisories/GHSA-qx2v-qp2m-jg93',
2722 silly audit report       title: 'PostCSS has XSS via Unescaped </style> in its CSS Stringify Output',
2722 silly audit report       severity: 'moderate',
2722 silly audit report       vulnerable_versions: '<8.5.10',
2722 silly audit report       cwe: [Array],
2722 silly audit report       cvss: [Object]
2722 silly audit report     },
2722 silly audit report     {
2722 silly audit report       id: 1124252,
2722 silly audit report       url: 'https://github.com/advisories/GHSA-6g55-p6wh-862q',
2722 silly audit report       title: 'PostCSS: Arbitrary file read and information disclosure via attacker-controlled sourceMappingURL in CSS comments',
2722 silly audit report       severity: 'high',
2722 silly audit report       vulnerable_versions: '<=8.5.11',
2722 silly audit report       cwe: [Array],
2722 silly audit report       cvss: [Object]
2722 silly audit report     },
2722 silly audit report     {
2722 silly audit report       id: 1139510,
2722 silly audit report       url: 'https://github.com/advisories/GHSA-r28c-9q8g-f849',
2722 silly audit report       title: 'PostCSS: Path Traversal in Previous Source Map Auto-Loading (sourceMappingURL) leads to Arbitrary .map File Disclosure',
2722 silly audit report       severity: 'high',
2722 silly audit report       vulnerable_versions: '<=8.5.17',
2722 silly audit report       cwe: [Array],
2722 silly audit report       cvss: [Object]
2722 silly audit report     }
2722 silly audit report   ],
2722 silly audit report   sharp: [
2722 silly audit report     {
2722 silly audit report       id: 1124066,
2722 silly audit report       url: 'https://github.com/advisories/GHSA-f88m-g3jw-g9cj',
2722 silly audit report       title: 'sharp inherited vulnerabilities in libvips: CVE-2026-33327, CVE-2026-33328, CVE-2026-35590, CVE-2026-35591',
2722 silly audit report       severity: 'high',
2722 silly audit report       vulnerable_versions: '<0.35.0',
2722 silly audit report       cwe: [Array],
2722 silly audit report       cvss: [Object]
2722 silly audit report     },
2722 silly audit report     {
2722 silly audit report       id: 1193725,
2722 silly audit report       url: 'https://github.com/advisories/GHSA-rgj7-g3m4-5g8c',
2722 silly audit report       title: 'sharp: Vulnerabilities in libheif: GHSA-g89c-p67h-r497 and GHSA-2jg2-4ch7-h545',
2722 silly audit report       severity: 'high',
2722 silly audit report       vulnerable_versions: '<0.35.4',
2722 silly audit report       cwe: [Array],
2722 silly audit report       cvss: [Object]
2722 silly audit report     }
2722 silly audit report   ]
2722 silly audit report }
2723 silly packumentCache corgi:https://registry.npmjs.org/next cache-miss
2724 silly packumentCache corgi:https://registry.npmjs.org/@eslint%2fplugin-kit cache-miss
2725 silly packumentCache corgi:https://registry.npmjs.org/postcss cache-miss
2726 silly packumentCache corgi:https://registry.npmjs.org/sharp cache-miss
2727 http fetch GET 200 https://registry.npmjs.org/is-boolean-object/-/is-boolean-object-1.2.2.tgz 230ms (cache miss)
2728 http fetch GET 200 https://registry.npmjs.org/isexe/-/isexe-2.0.0.tgz 230ms (cache miss)
2729 http fetch GET 200 https://registry.npmjs.org/is-weakmap/-/is-weakmap-2.0.2.tgz 232ms (cache miss)
2730 http fetch GET 200 https://registry.npmjs.org/is-bigint/-/is-bigint-1.1.0.tgz 233ms (cache miss)
2731 http fetch GET 200 https://registry.npmjs.org/async-function/-/async-function-1.0.0.tgz 235ms (cache miss)
2732 http fetch GET 200 https://registry.npmjs.org/which-collection/-/which-collection-1.0.2.tgz 235ms (cache miss)
2733 http fetch GET 200 https://registry.npmjs.org/is-finalizationregistry/-/is-finalizationregistry-1.1.1.tgz 236ms (cache miss)
2734 http fetch GET 200 https://registry.npmjs.org/is-async-function/-/is-async-function-2.1.1.tgz 235ms (cache miss)
2735 http fetch GET 200 https://registry.npmjs.org/is-number-object/-/is-number-object-1.1.1.tgz 235ms (cache miss)
2736 http fetch GET 200 https://registry.npmjs.org/is-map/-/is-map-2.0.3.tgz 234ms (cache miss)
2737 http fetch GET 200 https://registry.npmjs.org/is-weakset/-/is-weakset-2.0.4.tgz 243ms (cache miss)
2738 http fetch GET 200 https://registry.npmjs.org/which-builtin-type/-/which-builtin-type-1.2.1.tgz 242ms (cache miss)
2739 http fetch GET 200 https://registry.npmjs.org/has-bigints/-/has-bigints-1.1.0.tgz 243ms (cache miss)
2740 http fetch GET 200 https://registry.npmjs.org/generator-function/-/generator-function-2.0.1.tgz 252ms (cache miss)
2741 http fetch GET 200 https://registry.npmjs.org/has-flag/-/has-flag-4.0.0.tgz 249ms (cache miss)
2742 http fetch GET 200 https://registry.npmjs.org/client-only/-/client-only-0.0.1.tgz 250ms (cache miss)
2743 http fetch GET 200 https://registry.npmjs.org/reflect.getprototypeof/-/reflect.getprototypeof-1.0.10.tgz 254ms (cache miss)
2744 http fetch GET 200 https://registry.npmjs.org/which-boxed-primitive/-/which-boxed-primitive-1.1.1.tgz 257ms (cache miss)
2745 http fetch GET 200 https://registry.npmjs.org/strip-bom/-/strip-bom-3.0.0.tgz 257ms (cache miss)
2746 http fetch GET 200 https://registry.npmjs.org/is-number/-/is-number-7.0.0.tgz 256ms (cache miss)
2747 http fetch GET 200 https://registry.npmjs.org/is-arrayish/-/is-arrayish-0.3.4.tgz 256ms (cache miss)
2748 http fetch GET 200 https://registry.npmjs.org/punycode/-/punycode-2.3.1.tgz 263ms (cache miss)
2749 http fetch GET 200 https://registry.npmjs.org/color-string/-/color-string-1.9.1.tgz 261ms (cache miss)
2750 http fetch GET 200 https://registry.npmjs.org/side-channel-weakmap/-/side-channel-weakmap-1.0.2.tgz 263ms (cache miss)
2751 http fetch GET 200 https://registry.npmjs.org/@types/json5/-/json5-0.0.29.tgz 266ms (cache miss)
2752 http fetch GET 200 https://registry.npmjs.org/side-channel-list/-/side-channel-list-1.0.1.tgz 265ms (cache miss)
2753 http fetch GET 200 https://registry.npmjs.org/side-channel-map/-/side-channel-map-1.0.1.tgz 271ms (cache miss)
2754 http fetch GET 200 https://registry.npmjs.org/supports-preserve-symlinks-flag/-/supports-preserve-symlinks-flag-1.0.0.tgz 272ms (cache miss)
2755 http fetch GET 200 https://registry.npmjs.org/color/-/color-4.2.3.tgz 273ms (cache miss)
2756 http fetch GET 200 https://registry.npmjs.org/object-assign/-/object-assign-4.1.1.tgz 272ms (cache miss)
2757 http fetch GET 200 https://registry.npmjs.org/detect-libc/-/detect-libc-2.1.2.tgz 274ms (cache miss)
2758 http fetch GET 200 https://registry.npmjs.org/react-is/-/react-is-16.13.1.tgz 276ms (cache miss)
2759 http fetch GET 200 https://registry.npmjs.org/loose-envify/-/loose-envify-1.4.0.tgz 275ms (cache miss)
2760 http fetch GET 200 https://registry.npmjs.org/path-parse/-/path-parse-1.0.7.tgz 277ms (cache miss)
2761 http fetch GET 200 https://registry.npmjs.org/node-exports-info/-/node-exports-info-1.6.2.tgz 276ms (cache miss)
2762 http fetch GET 200 https://registry.npmjs.org/queue-microtask/-/queue-microtask-1.2.3.tgz 278ms (cache miss)
2763 http fetch GET 200 https://registry.npmjs.org/shebang-regex/-/shebang-regex-3.0.0.tgz 283ms (cache miss)
2764 http fetch GET 200 https://registry.npmjs.org/simple-swizzle/-/simple-swizzle-0.2.4.tgz 282ms (cache miss)
2765 http fetch GET 200 https://registry.npmjs.org/isarray/-/isarray-2.0.5.tgz 282ms (cache miss)
2766 http fetch GET 200 https://registry.npmjs.org/js-tokens/-/js-tokens-4.0.0.tgz 281ms (cache miss)
2767 http fetch GET 200 https://registry.npmjs.org/scheduler/-/scheduler-0.25.0.tgz 285ms (cache miss)
2768 http fetch GET 200 https://registry.npmjs.org/picocolors/-/picocolors-1.1.1.tgz 286ms (cache miss)
2769 http fetch GET 200 https://registry.npmjs.org/deep-is/-/deep-is-0.1.4.tgz 286ms (cache miss)
2770 http fetch GET 200 https://registry.npmjs.org/yocto-queue/-/yocto-queue-0.1.0.tgz 288ms (cache miss)
2771 http fetch GET 200 https://registry.npmjs.org/callsites/-/callsites-3.1.0.tgz 288ms (cache miss)
2772 http fetch GET 200 https://registry.npmjs.org/p-limit/-/p-limit-3.1.0.tgz 292ms (cache miss)
2773 http fetch GET 200 https://registry.npmjs.org/nanoid/-/nanoid-3.3.19.tgz 297ms (cache miss)
2774 http fetch GET 200 https://registry.npmjs.org/word-wrap/-/word-wrap-1.2.5.tgz 296ms (cache miss)
2775 http fetch GET 200 https://registry.npmjs.org/fast-levenshtein/-/fast-levenshtein-2.0.6.tgz 298ms (cache miss)
2776 http fetch GET 200 https://registry.npmjs.org/concat-map/-/concat-map-0.0.1.tgz 300ms (cache miss)
2777 http fetch GET 200 https://registry.npmjs.org/balanced-match/-/balanced-match-1.0.2.tgz 303ms (cache miss)
2778 http fetch GET 200 https://registry.npmjs.org/brace-expansion/-/brace-expansion-1.1.21.tgz 304ms (cache miss)
2779 http fetch GET 200 https://registry.npmjs.org/@swc/counter/-/counter-0.1.3.tgz 310ms (cache miss)
2780 http fetch GET 200 https://registry.npmjs.org/to-regex-range/-/to-regex-range-5.0.1.tgz 308ms (cache miss)
2781 http fetch GET 200 https://registry.npmjs.org/fill-range/-/fill-range-7.1.1.tgz 310ms (cache miss)
2782 http fetch GET 200 https://registry.npmjs.org/streamsearch/-/streamsearch-1.1.0.tgz 328ms (cache miss)
2783 http fetch GET 200 https://registry.npmjs.org/is-generator-function/-/is-generator-function-1.1.2.tgz 341ms (cache miss)
2784 http fetch GET 200 https://registry.npmjs.org/for-each/-/for-each-0.3.5.tgz 338ms (cache miss)
2785 http fetch GET 200 https://registry.npmjs.org/json5/-/json5-1.0.2.tgz 346ms (cache miss)
2786 http fetch GET 200 https://registry.npmjs.org/tslib/-/tslib-2.8.1.tgz 344ms (cache miss)
2787 http fetch GET 200 https://registry.npmjs.org/source-map-js/-/source-map-js-1.2.1.tgz 357ms (cache miss)
2788 http fetch GET 200 https://registry.npmjs.org/napi-postinstall/-/napi-postinstall-0.3.4.tgz 369ms (cache miss)
2789 http fetch GET 200 https://registry.npmjs.org/minimist/-/minimist-1.2.8.tgz 366ms (cache miss)
2790 http fetch GET 200 https://registry.npmjs.org/is-extglob/-/is-extglob-2.1.1.tgz 355ms (cache miss)
2791 http fetch GET 200 https://registry.npmjs.org/busboy/-/busboy-1.6.0.tgz 363ms (cache miss)
2792 http fetch GET 200 https://registry.npmjs.org/side-channel/-/side-channel-1.1.1.tgz 371ms (cache miss)
2793 http fetch GET 200 https://registry.npmjs.org/set-function-name/-/set-function-name-2.0.2.tgz 371ms (cache miss)
2794 http fetch GET 200 https://registry.npmjs.org/sharp/-/sharp-0.33.5.tgz 385ms (cache miss)
2795 http fetch GET 200 https://registry.npmjs.org/parent-module/-/parent-module-1.0.1.tgz 386ms (cache miss)
2796 http fetch GET 200 https://registry.npmjs.org/resolve-from/-/resolve-from-4.0.0.tgz 395ms (cache miss)
2797 http fetch GET 200 https://registry.npmjs.org/postcss/-/postcss-8.4.31.tgz 404ms (cache miss)
2798 http fetch GET 200 https://registry.npmjs.org/dunder-proto/-/dunder-proto-1.0.1.tgz 401ms (cache miss)
2799 http fetch GET 200 https://registry.npmjs.org/is-document.all/-/is-document.all-1.0.0.tgz 419ms (cache miss)
2800 http fetch GET 200 https://registry.npmjs.org/json-buffer/-/json-buffer-3.0.1.tgz 518ms (cache miss)
2801 http fetch GET 200 https://registry.npmjs.org/p-locate/-/p-locate-5.0.0.tgz 520ms (cache miss)
2802 http fetch GET 200 https://registry.npmjs.org/type-check/-/type-check-0.4.0.tgz 571ms (cache miss)
2803 http fetch GET 200 https://registry.npmjs.org/path-exists/-/path-exists-4.0.0.tgz 583ms (cache miss)
2804 http fetch GET 200 https://registry.npmjs.org/locate-path/-/locate-path-6.0.0.tgz 599ms (cache miss)
2805 http fetch GET 200 https://registry.npmjs.org/flat-cache/-/flat-cache-4.0.1.tgz 622ms (cache miss)
2806 http fetch GET 200 https://registry.npmjs.org/@swc/helpers/-/helpers-0.5.15.tgz 636ms (cache miss)
2807 http fetch GET 200 https://registry.npmjs.org/functions-have-names/-/functions-have-names-1.2.3.tgz 633ms (cache miss)
2808 http fetch GET 200 https://registry.npmjs.org/reusify/-/reusify-1.1.0.tgz 641ms (cache miss)
2809 http fetch GET 200 https://registry.npmjs.org/run-parallel/-/run-parallel-1.2.0.tgz 646ms (cache miss)
2810 http fetch GET 200 https://registry.npmjs.org/@next/env/-/env-15.1.6.tgz 714ms (cache miss)
2811 http fetch GET 200 https://registry.npmjs.org/resolve-pkg-maps/-/resolve-pkg-maps-1.0.0.tgz 753ms (cache miss)
2812 http fetch GET 200 https://registry.npmjs.org/@nodelib/fs.walk/-/fs.walk-1.2.8.tgz 784ms (cache miss)
2813 http fetch GET 200 https://registry.npmjs.org/argparse/-/argparse-2.0.1.tgz 792ms (cache miss)
2814 http fetch GET 200 https://registry.npmjs.org/@nodelib/fs.stat/-/fs.stat-2.0.5.tgz 813ms (cache miss)
2815 http fetch GET 200 https://registry.npmjs.org/acorn-jsx/-/acorn-jsx-5.3.2.tgz 833ms (cache miss)
2816 http fetch GET 200 https://registry.npmjs.org/prelude-ls/-/prelude-ls-1.2.1.tgz 942ms (cache miss)
2817 http fetch GET 200 https://registry.npmjs.org/string.prototype.repeat/-/string.prototype.repeat-1.0.0.tgz 977ms (cache miss)
2818 http fetch GET 200 https://registry.npmjs.org/caniuse-lite/-/caniuse-lite-1.0.30001810.tgz 1006ms (cache miss)
2819 http fetch GET 200 https://registry.npmjs.org/merge2/-/merge2-1.4.1.tgz 995ms (cache miss)
2820 http fetch GET 200 https://registry.npmjs.org/@unrs/resolver-binding-win32-x64-msvc/-/resolver-binding-win32-x64-msvc-1.12.2.tgz 1038ms (cache miss)
2821 http fetch GET 200 https://registry.npmjs.org/iterator.prototype/-/iterator.prototype-1.1.5.tgz 1028ms (cache miss)
2822 http fetch GET 200 https://registry.npmjs.org/string.prototype.matchall/-/string.prototype.matchall-4.1.0.tgz 1034ms (cache miss)
2823 http fetch GET 200 https://registry.npmjs.org/keyv/-/keyv-4.5.4.tgz 1089ms (cache miss)
2824 http fetch GET 200 https://registry.npmjs.org/string.prototype.includes/-/string.prototype.includes-2.0.1.tgz 1165ms (cache miss)
2825 http fetch GET 200 https://registry.npmjs.org/acorn/-/acorn-8.18.0.tgz 1178ms (cache miss)
2826 http fetch GET 200 https://registry.npmjs.org/flatted/-/flatted-3.4.4.tgz 1188ms (cache miss)
2827 http fetch GET 200 https://registry.npmjs.org/array.prototype.tosorted/-/array.prototype.tosorted-1.1.4.tgz 1189ms (cache miss)
2828 http fetch GET 200 https://registry.npmjs.org/language-tags/-/language-tags-1.0.9.tgz 1204ms (cache miss)
2829 http fetch GET 200 https://registry.npmjs.org/array.prototype.findlast/-/array.prototype.findlast-1.2.5.tgz 1208ms (cache miss)
2830 http fetch GET 200 https://registry.npmjs.org/emoji-regex/-/emoji-regex-9.2.2.tgz 1232ms (cache miss)
2831 http fetch GET 200 https://registry.npmjs.org/fastq/-/fastq-1.20.3.tgz 1244ms (cache miss)
2832 http fetch GET 200 https://registry.npmjs.org/ast-types-flow/-/ast-types-flow-0.0.8.tgz 1246ms (cache miss)
2833 http fetch GET 200 https://registry.npmjs.org/es-iterator-helpers/-/es-iterator-helpers-1.4.0.tgz 1254ms (cache miss)
2834 http fetch GET 200 https://registry.npmjs.org/estraverse/-/estraverse-5.3.0.tgz 1278ms (cache miss)
2835 http fetch GET 200 https://registry.npmjs.org/damerau-levenshtein/-/damerau-levenshtein-1.0.8.tgz 1272ms (cache miss)
2836 http fetch GET 200 https://registry.npmjs.org/object.entries/-/object.entries-1.1.9.tgz 1281ms (cache miss)
2837 http fetch GET 200 https://registry.npmjs.org/prop-types/-/prop-types-15.8.1.tgz 1288ms (cache miss)
2838 http fetch GET 200 https://registry.npmjs.org/language-subtag-registry/-/language-subtag-registry-0.3.23.tgz 1304ms (cache miss)
2839 http fetch GET 200 https://registry.npmjs.org/has-tostringtag/-/has-tostringtag-1.0.2.tgz 1303ms (cache miss)
2840 http fetch GET 200 https://registry.npmjs.org/jsx-ast-utils/-/jsx-ast-utils-3.3.5.tgz 1341ms (cache miss)
2841 http fetch GET 200 https://registry.npmjs.org/axobject-query/-/axobject-query-4.1.0.tgz 1380ms (cache miss)
2842 http fetch GET 200 https://registry.npmjs.org/is-date-object/-/is-date-object-1.1.0.tgz 1527ms (cache miss)
2843 http fetch GET 200 https://registry.npmjs.org/axe-core/-/axe-core-4.13.0.tgz 1535ms (cache miss)
2844 http fetch GET 200 https://registry.npmjs.org/unbox-primitive/-/unbox-primitive-1.1.0.tgz 1552ms (cache miss)
2845 http fetch GET 200 https://registry.npmjs.org/typed-array-length/-/typed-array-length-1.0.8.tgz 1554ms (cache miss)
2846 http fetch GET 200 https://registry.npmjs.org/typed-array-byte-offset/-/typed-array-byte-offset-1.0.5.tgz 1572ms (cache miss)
2847 http fetch GET 200 https://registry.npmjs.org/which-typed-array/-/which-typed-array-1.1.24.tgz 1575ms (cache miss)
2848 http fetch GET 200 https://registry.npmjs.org/typed-array-buffer/-/typed-array-buffer-1.0.3.tgz 1601ms (cache miss)
2849 http fetch GET 200 https://registry.npmjs.org/styled-jsx/-/styled-jsx-5.1.6.tgz 1787ms (cache miss)
2850 http fetch GET 200 https://registry.npmjs.org/string.prototype.trim/-/string.prototype.trim-1.2.11.tgz 1827ms (cache miss)
2851 http fetch GET 200 https://registry.npmjs.org/possible-typed-array-names/-/possible-typed-array-names-1.1.0.tgz 1985ms (cache miss)
2852 http fetch GET 200 https://registry.npmjs.org/safe-regex-test/-/safe-regex-test-1.1.0.tgz 2062ms (cache miss)
2853 http fetch GET 200 https://registry.npmjs.org/stop-iteration-iterator/-/stop-iteration-iterator-1.1.0.tgz 2268ms (cache miss)
2854 http fetch GET 200 https://registry.npmjs.org/safe-array-concat/-/safe-array-concat-1.1.4.tgz 2298ms (cache miss)
2855 http fetch GET 200 https://registry.npmjs.org/object-inspect/-/object-inspect-1.13.4.tgz 2407ms (cache miss)
2856 http fetch GET 200 https://registry.npmjs.org/set-proto/-/set-proto-1.0.0.tgz 2423ms (cache miss)
2857 http fetch GET 200 https://registry.npmjs.org/is-weakref/-/is-weakref-1.1.1.tgz 2669ms (cache miss)
2858 http fetch GET 200 https://registry.npmjs.org/own-keys/-/own-keys-1.0.2.tgz 2687ms (cache miss)
2859 http fetch GET 200 https://registry.npmjs.org/is-shared-array-buffer/-/is-shared-array-buffer-1.0.4.tgz 2719ms (cache miss)
2860 http fetch GET 200 https://registry.npmjs.org/is-typed-array/-/is-typed-array-1.1.15.tgz 2761ms (cache miss)
2861 http fetch GET 200 https://registry.npmjs.org/is-regex/-/is-regex-1.2.1.tgz 2797ms (cache miss)
2862 http fetch GET 200 https://registry.npmjs.org/is-symbol/-/is-symbol-1.1.1.tgz 2803ms (cache miss)
2863 http fetch GET 200 https://registry.npmjs.org/is-negative-zero/-/is-negative-zero-2.0.3.tgz 3052ms (cache miss)
2864 http fetch GET 200 https://registry.npmjs.org/is-array-buffer/-/is-array-buffer-3.0.5.tgz 3299ms (cache miss)
2865 http fetch GET 200 https://registry.npmjs.org/is-callable/-/is-callable-1.2.7.tgz 3325ms (cache miss)
2866 http fetch GET 200 https://registry.npmjs.org/is-set/-/is-set-2.0.3.tgz 3477ms (cache miss)
2867 http fetch GET 200 https://registry.npmjs.org/object.assign/-/object.assign-4.1.7.tgz 3531ms (cache miss)
2868 http fetch GET 200 https://registry.npmjs.org/braces/-/braces-3.0.3.tgz 3566ms (cache miss)
2869 http fetch GET 200 https://registry.npmjs.org/internal-slot/-/internal-slot-1.1.0.tgz 3551ms (cache miss)
2870 http fetch GET 200 https://registry.npmjs.org/safe-push-apply/-/safe-push-apply-1.0.0.tgz 3558ms (cache miss)
2871 http fetch GET 200 https://registry.npmjs.org/get-symbol-description/-/get-symbol-description-1.1.0.tgz 3569ms (cache miss)
2872 http fetch GET 200 https://registry.npmjs.org/has-proto/-/has-proto-1.2.0.tgz 3584ms (cache miss)
2873 http fetch GET 200 https://registry.npmjs.org/get-proto/-/get-proto-1.0.1.tgz 3585ms (cache miss)
2874 http fetch GET 200 https://registry.npmjs.org/has-symbols/-/has-symbols-1.1.0.tgz 3586ms (cache miss)
2875 http fetch GET 200 https://registry.npmjs.org/es-set-tostringtag/-/es-set-tostringtag-2.1.0.tgz 3600ms (cache miss)
2876 http fetch GET 200 https://registry.npmjs.org/data-view-byte-offset/-/data-view-byte-offset-1.0.1.tgz 3615ms (cache miss)
2877 http fetch GET 200 https://registry.npmjs.org/data-view-byte-length/-/data-view-byte-length-1.0.2.tgz 3627ms (cache miss)
2878 http fetch GET 200 https://registry.npmjs.org/function.prototype.name/-/function.prototype.name-1.2.0.tgz 3632ms (cache miss)
2879 http fetch GET 200 https://registry.npmjs.org/data-view-buffer/-/data-view-buffer-1.0.2.tgz 3635ms (cache miss)
2880 http fetch GET 200 https://registry.npmjs.org/available-typed-arrays/-/available-typed-arrays-1.0.7.tgz 3652ms (cache miss)
2881 http fetch GET 200 https://registry.npmjs.org/arraybuffer.prototype.slice/-/arraybuffer.prototype.slice-1.0.4.tgz 3672ms (cache miss)
2882 http fetch GET 200 https://registry.npmjs.org/regexp.prototype.flags/-/regexp.prototype.flags-1.5.4.tgz 3679ms (cache miss)
2883 http fetch GET 200 https://registry.npmjs.org/es-to-primitive/-/es-to-primitive-1.3.4.tgz 3673ms (cache miss)
2884 http fetch GET 200 https://registry.npmjs.org/array-buffer-byte-length/-/array-buffer-byte-length-1.0.2.tgz 3682ms (cache miss)
2885 http fetch GET 200 https://registry.npmjs.org/has-property-descriptors/-/has-property-descriptors-1.0.2.tgz 3691ms (cache miss)
2886 http fetch GET 200 https://registry.npmjs.org/object-keys/-/object-keys-1.1.1.tgz 3721ms (cache miss)
2887 http fetch GET 200 https://registry.npmjs.org/define-data-property/-/define-data-property-1.1.4.tgz 3728ms (cache miss)
2888 http fetch GET 200 https://registry.npmjs.org/get-intrinsic/-/get-intrinsic-1.3.0.tgz 3771ms (cache miss)
2889 http fetch GET 200 https://registry.npmjs.org/gopd/-/gopd-1.2.0.tgz 3891ms (cache miss)
2890 http fetch GET 200 https://registry.npmjs.org/esrecurse/-/esrecurse-4.3.0.tgz 3981ms (cache miss)
2891 http fetch GET 200 https://registry.npmjs.org/set-function-length/-/set-function-length-1.2.2.tgz 4007ms (cache miss)
2892 http fetch GET 200 https://registry.npmjs.org/is-string/-/is-string-1.1.1.tgz 4251ms (cache miss)
2893 http fetch GET 200 https://registry.npmjs.org/globalthis/-/globalthis-1.0.4.tgz 4322ms (cache miss)
2894 http fetch GET 200 https://registry.npmjs.org/es-shim-unscopables/-/es-shim-unscopables-1.1.0.tgz 4353ms (cache miss)
2895 http fetch GET 200 https://registry.npmjs.org/function-bind/-/function-bind-1.1.2.tgz 4479ms (cache miss)
2896 http fetch GET 200 https://registry.npmjs.org/es-define-property/-/es-define-property-1.0.1.tgz 4484ms (cache miss)
2897 http fetch GET 200 https://registry.npmjs.org/es-errors/-/es-errors-1.3.0.tgz 4515ms (cache miss)
2898 http fetch GET 200 https://registry.npmjs.org/call-bind-apply-helpers/-/call-bind-apply-helpers-1.0.2.tgz 4547ms (cache miss)
2899 http fetch GET 200 https://registry.npmjs.org/es-object-atoms/-/es-object-atoms-1.1.2.tgz 4604ms (cache miss)
2900 http fetch GET 200 https://registry.npmjs.org/math-intrinsics/-/math-intrinsics-1.1.0.tgz 4671ms (cache miss)
2901 http fetch GET 200 https://registry.npmjs.org/call-bound/-/call-bound-1.0.4.tgz 4701ms (cache miss)
2902 http fetch GET 200 https://registry.npmjs.org/typed-array-byte-length/-/typed-array-byte-length-1.0.3.tgz 4718ms (cache miss)
2903 http fetch GET 200 https://registry.npmjs.org/object.values/-/object.values-1.2.1.tgz 4731ms (cache miss)
2904 http fetch GET 200 https://registry.npmjs.org/string.prototype.trimend/-/string.prototype.trimend-1.0.10.tgz 4736ms (cache miss)
2905 http fetch GET 200 https://registry.npmjs.org/define-properties/-/define-properties-1.2.1.tgz 4756ms (cache miss)
2906 http fetch GET 200 https://registry.npmjs.org/object.groupby/-/object.groupby-1.0.3.tgz 4755ms (cache miss)
2907 http fetch GET 200 https://registry.npmjs.org/@img/sharp-win32-x64/-/sharp-win32-x64-0.33.5.tgz 4801ms (cache miss)
2908 http fetch GET 200 https://registry.npmjs.org/object.fromentries/-/object.fromentries-2.0.8.tgz 4760ms (cache miss)
2909 http fetch GET 200 https://registry.npmjs.org/tsconfig-paths/-/tsconfig-paths-3.15.0.tgz 4764ms (cache miss)
2910 http fetch GET 200 https://registry.npmjs.org/hasown/-/hasown-2.0.4.tgz 4765ms (cache miss)
2911 http fetch GET 200 https://registry.npmjs.org/array.prototype.flat/-/array.prototype.flat-1.3.3.tgz 4796ms (cache miss)
2912 http fetch GET 200 https://registry.npmjs.org/array.prototype.findlastindex/-/array.prototype.findlastindex-1.2.6.tgz 4815ms (cache miss)
2913 http fetch GET 200 https://registry.npmjs.org/doctrine/-/doctrine-2.1.0.tgz 4817ms (cache miss)
2914 http fetch GET 200 https://registry.npmjs.org/array-includes/-/array-includes-3.2.0.tgz 4833ms (cache miss)
2915 http fetch GET 200 https://registry.npmjs.org/eslint-module-utils/-/eslint-module-utils-2.14.0.tgz 4834ms (cache miss)
2916 http fetch GET 200 https://registry.npmjs.org/stable-hash/-/stable-hash-0.0.5.tgz 4836ms (cache miss)
2917 http fetch GET 200 https://registry.npmjs.org/@rtsao/scc/-/scc-1.1.0.tgz 4837ms (cache miss)
2918 http fetch GET 200 https://registry.npmjs.org/is-data-view/-/is-data-view-1.0.2.tgz 4894ms (cache miss)
2919 http fetch GET 200 https://registry.npmjs.org/get-tsconfig/-/get-tsconfig-4.14.3.tgz 4900ms (cache miss)
2920 http fetch GET 200 https://registry.npmjs.org/is-core-module/-/is-core-module-2.17.0.tgz 4932ms (cache miss)
2921 http fetch GET 200 https://registry.npmjs.org/@nolyfill/is-core-module/-/is-core-module-1.0.39.tgz 4943ms (cache miss)
2922 http fetch GET 200 https://registry.npmjs.org/string.prototype.trimstart/-/string.prototype.trimstart-1.0.8.tgz 4964ms (cache miss)
2923 http fetch GET 200 https://registry.npmjs.org/@typescript-eslint/tsconfig-utils/-/tsconfig-utils-8.70.0.tgz 4983ms (cache miss)
2924 http fetch GET 200 https://registry.npmjs.org/tinyglobby/-/tinyglobby-0.2.17.tgz 4983ms (cache miss)
2925 http fetch GET 200 https://registry.npmjs.org/@typescript-eslint/project-service/-/project-service-8.70.0.tgz 4985ms (cache miss)
2926 http fetch GET 200 https://registry.npmjs.org/array.prototype.flatmap/-/array.prototype.flatmap-1.3.3.tgz 4990ms (cache miss)
2927 http fetch GET 200 https://registry.npmjs.org/@typescript-eslint/visitor-keys/-/visitor-keys-8.70.0.tgz 5003ms (cache miss)
2928 http fetch GET 200 https://registry.npmjs.org/ts-api-utils/-/ts-api-utils-2.5.0.tgz 5011ms (cache miss)
2929 http fetch GET 200 https://registry.npmjs.org/semver/-/semver-7.8.5.tgz 5014ms (cache miss)
2930 http fetch GET 200 https://registry.npmjs.org/@typescript-eslint/types/-/types-8.70.0.tgz 5016ms (cache miss)
2931 http fetch GET 200 https://registry.npmjs.org/unrs-resolver/-/unrs-resolver-1.12.2.tgz 5064ms (cache miss)
2932 http fetch GET 200 https://registry.npmjs.org/resolve/-/resolve-2.0.0-next.7.tgz 5071ms (cache miss)
2933 http fetch GET 200 https://registry.npmjs.org/is-bun-module/-/is-bun-module-2.0.0.tgz 5081ms (cache miss)
2934 http fetch GET 200 https://registry.npmjs.org/@typescript-eslint/type-utils/-/type-utils-8.70.0.tgz 5079ms (cache miss)
2935 http fetch GET 200 https://registry.npmjs.org/eslint-plugin-react-hooks/-/eslint-plugin-react-hooks-5.2.0.tgz 5184ms (cache miss)
2936 http fetch GET 200 https://registry.npmjs.org/@typescript-eslint/parser/-/parser-8.70.0.tgz 5198ms (cache miss)
2937 http fetch GET 200 https://registry.npmjs.org/call-bind/-/call-bind-1.0.9.tgz 5244ms (cache miss)
2938 http fetch GET 200 https://registry.npmjs.org/shebang-command/-/shebang-command-2.0.0.tgz 5272ms (cache miss)
2939 http fetch GET 200 https://registry.npmjs.org/@typescript-eslint/utils/-/utils-8.70.0.tgz 5296ms (cache miss)
2940 http fetch GET 200 https://registry.npmjs.org/which/-/which-2.0.2.tgz 5357ms (cache miss)
2941 http fetch GET 200 https://registry.npmjs.org/eslint-import-resolver-node/-/eslint-import-resolver-node-0.3.10.tgz 5361ms (cache miss)
2942 http fetch GET 200 https://registry.npmjs.org/fast-glob/-/fast-glob-3.3.1.tgz 5366ms (cache miss)
2943 http fetch GET 200 https://registry.npmjs.org/supports-color/-/supports-color-7.2.0.tgz 5379ms (cache miss)
2944 http fetch GET 200 https://registry.npmjs.org/ansi-styles/-/ansi-styles-4.3.0.tgz 5379ms (cache miss)
2945 http fetch GET 200 https://registry.npmjs.org/json-schema-traverse/-/json-schema-traverse-0.4.1.tgz 5399ms (cache miss)
2946 http fetch GET 200 https://registry.npmjs.org/eslint-plugin-jsx-a11y/-/eslint-plugin-jsx-a11y-6.10.2.tgz 5414ms (cache miss)
2947 http fetch GET 200 https://registry.npmjs.org/@humanfs/core/-/core-0.19.2.tgz 5447ms (cache miss)
2948 http fetch GET 200 https://registry.npmjs.org/@rushstack/eslint-patch/-/eslint-patch-1.16.1.tgz 5453ms (cache miss)
2949 http fetch GET 200 https://registry.npmjs.org/@humanfs/types/-/types-0.15.0.tgz 5466ms (cache miss)
2950 http fetch GET 200 https://registry.npmjs.org/ms/-/ms-2.1.3.tgz 5484ms (cache miss)
2951 http fetch GET 200 https://registry.npmjs.org/levn/-/levn-0.4.1.tgz 5487ms (cache miss)
2952 http fetch GET 200 https://registry.npmjs.org/fast-json-stable-stringify/-/fast-json-stable-stringify-2.1.0.tgz 5487ms (cache miss)
2953 http fetch GET 200 https://registry.npmjs.org/strip-json-comments/-/strip-json-comments-3.1.1.tgz 5489ms (cache miss)
2954 http fetch GET 200 https://registry.npmjs.org/import-fresh/-/import-fresh-3.3.1.tgz 5499ms (cache miss)
2955 http fetch GET 200 https://registry.npmjs.org/path-key/-/path-key-3.1.1.tgz 5520ms (cache miss)
2956 http fetch GET 200 https://registry.npmjs.org/@next/eslint-plugin-next/-/eslint-plugin-next-15.1.6.tgz 5528ms (cache miss)
2957 http fetch GET 200 https://registry.npmjs.org/natural-compare/-/natural-compare-1.4.0.tgz 5524ms (cache miss)
2958 http fetch GET 200 https://registry.npmjs.org/color-convert/-/color-convert-2.0.1.tgz 5529ms (cache miss)
2959 http fetch GET 200 https://registry.npmjs.org/globals/-/globals-14.0.0.tgz 5525ms (cache miss)
2960 http fetch GET 200 https://registry.npmjs.org/optionator/-/optionator-0.9.4.tgz 5526ms (cache miss)
2961 http fetch GET 200 https://registry.npmjs.org/uri-js/-/uri-js-4.4.1.tgz 5530ms (cache miss)
2962 http fetch GET 200 https://registry.npmjs.org/@eslint/object-schema/-/object-schema-2.1.7.tgz 5539ms (cache miss)
2963 http fetch GET 200 https://registry.npmjs.org/lodash.merge/-/lodash.merge-4.6.2.tgz 5540ms (cache miss)
2964 http fetch GET 200 https://registry.npmjs.org/imurmurhash/-/imurmurhash-0.1.4.tgz 5539ms (cache miss)
2965 http fetch GET 200 https://registry.npmjs.org/is-glob/-/is-glob-4.0.3.tgz 5540ms (cache miss)
2966 http fetch GET 200 https://registry.npmjs.org/minimatch/-/minimatch-3.1.5.tgz 5541ms (cache miss)
2967 http fetch GET 200 https://registry.npmjs.org/file-entry-cache/-/file-entry-cache-8.0.0.tgz 5555ms (cache miss)
2968 http fetch GET 200 https://registry.npmjs.org/glob-parent/-/glob-parent-6.0.2.tgz 5556ms (cache miss)
2969 http fetch GET 200 https://registry.npmjs.org/json-stable-stringify-without-jsonify/-/json-stable-stringify-without-jsonify-1.0.1.tgz 5557ms (cache miss)
2970 http fetch GET 200 https://registry.npmjs.org/find-up/-/find-up-5.0.0.tgz 5559ms (cache miss)
2971 http fetch GET 200 https://registry.npmjs.org/eslint-import-resolver-typescript/-/eslint-import-resolver-typescript-3.10.1.tgz 5575ms (cache miss)
2972 http fetch GET 200 https://registry.npmjs.org/fast-deep-equal/-/fast-deep-equal-3.1.3.tgz 5572ms (cache miss)
2973 http fetch GET 200 https://registry.npmjs.org/ignore/-/ignore-5.3.2.tgz 5574ms (cache miss)
2974 http fetch GET 200 https://registry.npmjs.org/esutils/-/esutils-2.0.3.tgz 5587ms (cache miss)
2975 http fetch GET 200 https://registry.npmjs.org/escape-string-regexp/-/escape-string-regexp-4.0.0.tgz 5590ms (cache miss)
2976 http fetch GET 200 https://registry.npmjs.org/@typescript-eslint/scope-manager/-/scope-manager-8.70.0.tgz 5607ms (cache miss)
2977 http fetch GET 200 https://registry.npmjs.org/cross-spawn/-/cross-spawn-7.0.6.tgz 5603ms (cache miss)
2978 http fetch GET 200 https://registry.npmjs.org/debug/-/debug-4.4.3.tgz 5605ms (cache miss)
2979 http fetch GET 200 https://registry.npmjs.org/chalk/-/chalk-4.1.2.tgz 5606ms (cache miss)
2980 http fetch GET 200 https://registry.npmjs.org/espree/-/espree-10.4.0.tgz 5614ms (cache miss)
2981 http fetch GET 200 https://registry.npmjs.org/@types/json-schema/-/json-schema-7.0.15.tgz 5616ms (cache miss)
2982 http fetch GET 200 https://registry.npmjs.org/@types/estree/-/estree-1.0.9.tgz 5618ms (cache miss)
2983 http fetch GET 200 https://registry.npmjs.org/eslint-scope/-/eslint-scope-8.4.0.tgz 5620ms (cache miss)
2984 http fetch GET 200 https://registry.npmjs.org/eslint-visitor-keys/-/eslint-visitor-keys-4.2.1.tgz 5622ms (cache miss)
2985 http fetch GET 200 https://registry.npmjs.org/js-yaml/-/js-yaml-4.3.2.tgz 5638ms (cache miss)
2986 http fetch GET 200 https://registry.npmjs.org/@humanwhocodes/retry/-/retry-0.4.3.tgz 5656ms (cache miss)
2987 http fetch GET 200 https://registry.npmjs.org/esquery/-/esquery-1.7.0.tgz 5705ms (cache miss)
2988 http fetch GET 200 https://registry.npmjs.org/@eslint/core/-/core-0.10.0.tgz 5707ms (cache miss)
2989 http fetch GET 200 https://registry.npmjs.org/eslint-plugin-react/-/eslint-plugin-react-7.37.5.tgz 5734ms (cache miss)
2990 http fetch GET 200 https://registry.npmjs.org/ajv/-/ajv-6.15.0.tgz 5748ms (cache miss)
2991 http fetch GET 200 https://registry.npmjs.org/color-name/-/color-name-1.1.4.tgz 5773ms (cache miss)
2992 http fetch GET 200 https://registry.npmjs.org/@eslint/config-array/-/config-array-0.19.2.tgz 5762ms (cache miss)
2993 http fetch GET 200 https://registry.npmjs.org/@eslint-community/regexpp/-/regexpp-4.12.2.tgz 5836ms (cache miss)
2994 http fetch GET 200 https://registry.npmjs.org/csstype/-/csstype-3.2.3.tgz 5887ms (cache miss)
2995 http fetch GET 200 https://registry.npmjs.org/@eslint/plugin-kit/-/plugin-kit-0.2.8.tgz 5903ms (cache miss)
2996 http fetch GET 200 https://registry.npmjs.org/undici-types/-/undici-types-6.20.0.tgz 5912ms (cache miss)
2997 http fetch GET 200 https://registry.npmjs.org/react/-/react-19.0.0.tgz 5938ms (cache miss)
2998 http fetch GET 200 https://registry.npmjs.org/@typescript-eslint/eslint-plugin/-/eslint-plugin-8.70.0.tgz 5991ms (cache miss)
2999 http fetch GET 200 https://registry.npmjs.org/@eslint/eslintrc/-/eslintrc-3.3.7.tgz 6042ms (cache miss)
3000 http fetch GET 200 https://registry.npmjs.org/@humanfs/node/-/node-0.16.8.tgz 6278ms (cache miss)
3001 http fetch GET 200 https://registry.npmjs.org/@humanwhocodes/module-importer/-/module-importer-1.0.1.tgz 6314ms (cache miss)
3002 http fetch GET 200 https://registry.npmjs.org/@typescript-eslint/typescript-estree/-/typescript-estree-8.70.0.tgz 6547ms (cache miss)
3003 http fetch GET 200 https://registry.npmjs.org/react-dom/-/react-dom-19.0.0.tgz 6563ms (cache miss)
3004 http fetch GET 200 https://registry.npmjs.org/@eslint-community/eslint-utils/-/eslint-utils-4.10.1.tgz 6619ms (cache miss)
3005 http fetch GET 200 https://registry.npmjs.org/semver/-/semver-6.3.1.tgz 6660ms (cache miss)
3006 http fetch GET 200 https://registry.npmjs.org/debug/-/debug-3.2.7.tgz 6698ms (cache miss)
3007 http fetch GET 200 https://registry.npmjs.org/eslint-config-next/-/eslint-config-next-15.1.6.tgz 6702ms (cache miss)
3008 http fetch GET 200 https://registry.npmjs.org/@types/node/-/node-22.13.4.tgz 6909ms (cache miss)
3009 http fetch GET 200 https://registry.npmjs.org/balanced-match/-/balanced-match-4.0.4.tgz 6937ms (cache miss)
3010 http fetch GET 200 https://registry.npmjs.org/fdir/-/fdir-6.5.0.tgz 6940ms (cache miss)
3011 http fetch GET 200 https://registry.npmjs.org/picomatch/-/picomatch-4.0.7.tgz 6961ms (cache miss)
3012 http fetch GET 200 https://registry.npmjs.org/eslint-visitor-keys/-/eslint-visitor-keys-5.0.1.tgz 6993ms (cache miss)
3013 http fetch GET 200 https://registry.npmjs.org/es-abstract/-/es-abstract-1.24.2.tgz 7084ms (cache miss)
3014 http fetch GET 200 https://registry.npmjs.org/@nodelib/fs.scandir/-/fs.scandir-2.1.5.tgz 7121ms (cache miss)
3015 http fetch GET 200 https://registry.npmjs.org/@types/react/-/react-19.0.8.tgz 7075ms (cache miss)
3016 http fetch GET 200 https://registry.npmjs.org/semver/-/semver-6.3.1.tgz 7107ms (cache miss)
3017 http fetch GET 200 https://registry.npmjs.org/minimatch/-/minimatch-10.2.6.tgz 7245ms (cache miss)
3018 http fetch GET 200 https://registry.npmjs.org/debug/-/debug-3.2.7.tgz 7268ms (cache miss)
3019 http fetch GET 200 https://registry.npmjs.org/brace-expansion/-/brace-expansion-5.0.12.tgz 7334ms (cache miss)
3020 http fetch GET 200 https://registry.npmjs.org/semver/-/semver-6.3.1.tgz 7356ms (cache miss)
3021 http fetch GET 200 https://registry.npmjs.org/debug/-/debug-3.2.7.tgz 7361ms (cache miss)
3022 http fetch GET 200 https://registry.npmjs.org/eslint-plugin-import/-/eslint-plugin-import-2.32.0.tgz 7376ms (cache miss)
3023 http fetch GET 200 https://registry.npmjs.org/eslint/-/eslint-9.19.0.tgz 7502ms (cache miss)
3024 warn deprecated eslint@9.19.0: This version is no longer supported. Please see https://eslint.org/version-support for other options.
3025 http fetch GET 200 https://registry.npmjs.org/ignore/-/ignore-7.0.9.tgz 7521ms (cache miss)
3026 http fetch GET 200 https://registry.npmjs.org/eslint-visitor-keys/-/eslint-visitor-keys-3.4.3.tgz 7584ms (cache miss)
3027 http fetch GET 200 https://registry.npmjs.org/@eslint/core/-/core-0.13.0.tgz 7643ms (cache miss)
3028 http fetch GET 200 https://registry.npmjs.org/glob-parent/-/glob-parent-5.1.2.tgz 7645ms (cache miss)
3029 http fetch GET 200 https://registry.npmjs.org/postcss 7524ms (cache miss)
3030 silly packumentCache corgi:https://registry.npmjs.org/postcss set size:undefined disposed:false
3031 http fetch GET 200 https://registry.npmjs.org/sharp 7584ms (cache miss)
3032 silly packumentCache corgi:https://registry.npmjs.org/sharp set size:undefined disposed:false
3033 http fetch GET 200 https://registry.npmjs.org/@eslint%2fplugin-kit 7612ms (cache miss)
3034 silly packumentCache corgi:https://registry.npmjs.org/@eslint%2fplugin-kit set size:undefined disposed:false
3035 http fetch GET 200 https://registry.npmjs.org/aria-query/-/aria-query-5.3.2.tgz 7856ms (cache miss)
3036 http fetch GET 200 https://registry.npmjs.org/@types/react-dom/-/react-dom-19.0.3.tgz 8084ms (cache miss)
3037 http fetch GET 200 https://registry.npmjs.org/next 10326ms (cache miss)
3038 silly packumentCache corgi:https://registry.npmjs.org/next set size:undefined disposed:false
3039 silly packumentCache corgi:https://registry.npmjs.org/eslint cache-miss
3040 http fetch GET 200 https://registry.npmjs.org/@eslint/js/-/js-9.19.0.tgz 12324ms (cache miss)
3041 http fetch GET 200 https://registry.npmjs.org/eslint 290ms (cache miss)
3042 silly packumentCache corgi:https://registry.npmjs.org/eslint set size:undefined disposed:false
3043 silly packumentCache corgi:https://registry.npmjs.org/eslint-config-next cache-miss
3044 silly packumentCache corgi:https://registry.npmjs.org/@eslint-community%2feslint-utils cache-miss
3045 silly packumentCache corgi:https://registry.npmjs.org/@typescript-eslint%2feslint-plugin cache-miss
3046 silly packumentCache corgi:https://registry.npmjs.org/@typescript-eslint%2fparser cache-miss
3047 silly packumentCache corgi:https://registry.npmjs.org/eslint-import-resolver-typescript cache-miss
3048 silly packumentCache corgi:https://registry.npmjs.org/eslint-plugin-import cache-miss
3049 silly packumentCache corgi:https://registry.npmjs.org/eslint-plugin-jsx-a11y cache-miss
3050 silly packumentCache corgi:https://registry.npmjs.org/eslint-plugin-react cache-miss
3051 silly packumentCache corgi:https://registry.npmjs.org/eslint-plugin-react-hooks cache-miss
3052 silly packumentCache corgi:https://registry.npmjs.org/@typescript-eslint%2ftype-utils cache-miss
3053 silly packumentCache corgi:https://registry.npmjs.org/@typescript-eslint%2futils cache-miss
3054 http fetch GET 200 https://registry.npmjs.org/eslint-plugin-react 364ms (cache miss)
3055 silly packumentCache corgi:https://registry.npmjs.org/eslint-plugin-react set size:undefined disposed:false
3056 http fetch GET 200 https://registry.npmjs.org/typescript/-/typescript-5.7.3.tgz 13413ms (cache miss)
3057 http fetch GET 200 https://registry.npmjs.org/eslint-config-next 1050ms (cache miss)
3058 silly packumentCache corgi:https://registry.npmjs.org/eslint-config-next set size:undefined disposed:false
3059 http fetch GET 200 https://registry.npmjs.org/es-abstract-get/-/es-abstract-get-1.0.0.tgz 14168ms (cache miss)
3060 http fetch GET 200 https://registry.npmjs.org/eslint-plugin-import 1351ms (cache miss)
3061 silly packumentCache corgi:https://registry.npmjs.org/eslint-plugin-import set size:undefined disposed:false
3062 http fetch GET 200 https://registry.npmjs.org/@eslint-community%2feslint-utils 1634ms (cache miss)
3063 silly packumentCache corgi:https://registry.npmjs.org/@eslint-community%2feslint-utils set size:undefined disposed:false
3064 http fetch GET 200 https://registry.npmjs.org/eslint-import-resolver-typescript 1788ms (cache miss)
3065 silly packumentCache corgi:https://registry.npmjs.org/eslint-import-resolver-typescript set size:undefined disposed:false
3066 http fetch GET 200 https://registry.npmjs.org/eslint-plugin-react-hooks 3180ms (cache miss)
3067 silly packumentCache corgi:https://registry.npmjs.org/eslint-plugin-react-hooks set size:undefined disposed:false
3068 http fetch GET 200 https://registry.npmjs.org/eslint-plugin-jsx-a11y 3261ms (cache miss)
3069 silly packumentCache corgi:https://registry.npmjs.org/eslint-plugin-jsx-a11y set size:undefined disposed:false
3070 http fetch GET 200 https://registry.npmjs.org/@typescript-eslint%2ftype-utils 3273ms (cache miss)
3071 silly packumentCache corgi:https://registry.npmjs.org/@typescript-eslint%2ftype-utils set size:undefined disposed:false
3072 http fetch GET 200 https://registry.npmjs.org/@typescript-eslint%2futils 3327ms (cache miss)
3073 silly packumentCache corgi:https://registry.npmjs.org/@typescript-eslint%2futils set size:undefined disposed:false
3074 http fetch GET 200 https://registry.npmjs.org/@typescript-eslint%2fparser 3601ms (cache miss)
3075 silly packumentCache corgi:https://registry.npmjs.org/@typescript-eslint%2fparser set size:undefined disposed:false
3076 http fetch GET 200 https://registry.npmjs.org/@typescript-eslint%2feslint-plugin 3958ms (cache miss)
3077 silly packumentCache corgi:https://registry.npmjs.org/@typescript-eslint%2feslint-plugin set size:undefined disposed:false
3078 http fetch GET 200 https://registry.npmjs.org/next/-/next-15.1.6.tgz 26110ms (cache miss)
3079 warn deprecated next@15.1.6: This version has a security vulnerability. Please upgrade to a patched version. See https://nextjs.org/blog/CVE-2025-66478 for more details.
3080 warn tar TAR_ENTRY_ERROR ENOENT: no such file or directory, lstat 'C:\Users\hemac\Documents\Codex\2026-09-19\hackdevengers-2-0-is-a-24\node_modules\picomatch\lib'
3081 silly tar TAR_ENTRY_ERROR ENOENT: no such file or directory, lstat 'C:\Users\hemac\Documents\Codex\2026-09-19\hackdevengers-2-0-is-a-24\node_modules\picomatch\lib' [Error: ENOENT: no such file or directory, lstat 'C:\Users\hemac\Documents\Codex\2026-09-19\hackdevengers-2-0-is-a-24\node_modules\picomatch\lib'] {
3081 silly tar   errno: -4058,
3081 silly tar   code: 'ENOENT',
3081 silly tar   syscall: 'lstat',
3081 silly tar   path: 'C:/Users/hemac/Documents/Codex/2026-09-19/hackdevengers-2-0-is-a-24/node_modules/picomatch/lib',
3081 silly tar   entry: Is {
3081 silly tar     _events: [Object: null prototype] { end: [Function (anonymous)] },
3081 silly tar     _eventsCount: 1,
3081 silly tar     _maxListeners: undefined,
3081 silly tar     writable: false,
3081 silly tar     readable: true,
3081 silly tar     extended: undefined,
3081 silly tar     globalExtended: undefined,
3081 silly tar     header: Ls {
3081 silly tar       cksumValid: true,
3081 silly tar       needPax: false,
3081 silly tar       nullBlock: false,
3081 silly tar       block: undefined,
3081 silly tar       path: 'package/lib/picomatch.js',
3081 silly tar       mode: 420,
3081 silly tar       uid: undefined,
3081 silly tar       gid: undefined,
3081 silly tar       size: 9956,
3081 silly tar       cksum: 5345,
3081 silly tar       linkpath: '',
3081 silly tar       uname: '',
3081 silly tar       gname: '',
3081 silly tar       devmaj: 0,
3081 silly tar       devmin: 0,
3081 silly tar       atime: undefined,
3081 silly tar       ctime: undefined,
3081 silly tar       mtime: 1985-10-26T08:15:00.000Z,
3081 silly tar       charset: undefined,
3081 silly tar       comment: undefined
3081 silly tar     },
3081 silly tar     startBlockSize: 10240,
3081 silly tar     blockRemain: 0,
3081 silly tar     remain: 0,
3081 silly tar     type: 'File',
3081 silly tar     meta: false,
3081 silly tar     ignore: false,
3081 silly tar     path: 'lib/picomatch.js',
3081 silly tar     mode: 438,
3081 silly tar     uid: undefined,
3081 silly tar     gid: undefined,
3081 silly tar     uname: '',
3081 silly tar     gname: '',
3081 silly tar     size: 9956,
3081 silly tar     mtime: 1985-10-26T08:15:00.000Z,
3081 silly tar     atime: undefined,
3081 silly tar     ctime: undefined,
3081 silly tar     linkpath: undefined,
3081 silly tar     dev: undefined,
3081 silly tar     ino: undefined,
3081 silly tar     nlink: undefined,
3081 silly tar     invalid: false,
3081 silly tar     absolute: 'C:/Users/hemac/Documents/Codex/2026-09-19/hackdevengers-2-0-is-a-24/node_modules/picomatch/lib/picomatch.js',
3081 silly tar     unsupported: false,
3081 silly tar     Symbol(shapeMode): false,
3081 silly tar     Symbol(kCapture): false,
3081 silly tar     Symbol(flowing): false,
3081 silly tar     Symbol(paused): true,
3081 silly tar     Symbol(pipes): [],
3081 silly tar     Symbol(buffer): [
3081 silly tar       <Buffer 27 75 73 65 20 73 74 72 69 63 74 27 3b 0a 0a 63 6f 6e 73 74 20 70 61 74 68 20 3d 20 72 65 71 75 69 72 65 28 27 70 61 74 68 27 29 3b 0a 63 6f 6e 73 74 ... 9906 more bytes>
3081 silly tar     ],
3081 silly tar     Symbol(objectMode): false,
3081 silly tar     Symbol(encoding): null,
3081 silly tar     Symbol(async): false,
3081 silly tar     Symbol(decoder): null,
3081 silly tar     Symbol(EOF): true,
3081 silly tar     Symbol(emittedEnd): false,
3081 silly tar     Symbol(emittingEnd): false,
3081 silly tar     Symbol(closed): false,
3081 silly tar     Symbol(emittedError): null,
3081 silly tar     Symbol(bufferLength): 9956,
3081 silly tar     Symbol(destroyed): false,
3081 silly tar     Symbol(signal): undefined,
3081 silly tar     Symbol(aborted): false,
3081 silly tar     Symbol(dataListeners): 0,
3081 silly tar     Symbol(discarded): false
3081 silly tar   },
3081 silly tar   cwd: 'C:/Users/hemac/Documents/Codex/2026-09-19/hackdevengers-2-0-is-a-24/node_modules/picomatch',
3081 silly tar   tarCode: 'TAR_ENTRY_ERROR'
3081 silly tar }
3082 warn tar TAR_ENTRY_ERROR ENOENT: no such file or directory, lstat 'C:\Users\hemac\Documents\Codex\2026-09-19\hackdevengers-2-0-is-a-24\node_modules\picomatch\lib'
3083 silly tar TAR_ENTRY_ERROR ENOENT: no such file or directory, lstat 'C:\Users\hemac\Documents\Codex\2026-09-19\hackdevengers-2-0-is-a-24\node_modules\picomatch\lib' [Error: ENOENT: no such file or directory, lstat 'C:\Users\hemac\Documents\Codex\2026-09-19\hackdevengers-2-0-is-a-24\node_modules\picomatch\lib'] {
3083 silly tar   errno: -4058,
3083 silly tar   code: 'ENOENT',
3083 silly tar   syscall: 'lstat',
3083 silly tar   path: 'C:/Users/hemac/Documents/Codex/2026-09-19/hackdevengers-2-0-is-a-24/node_modules/picomatch/lib',
3083 silly tar   entry: Is {
3083 silly tar     _events: [Object: null prototype] { end: [Function (anonymous)] },
3083 silly tar     _eventsCount: 1,
3083 silly tar     _maxListeners: undefined,
3083 silly tar     writable: false,
3083 silly tar     readable: true,
3083 silly tar     extended: undefined,
3083 silly tar     globalExtended: undefined,
3083 silly tar     header: Ls {
3083 silly tar       cksumValid: true,
3083 silly tar       needPax: false,
3083 silly tar       nullBlock: false,
3083 silly tar       block: undefined,
3083 silly tar       path: 'package/lib/scan.js',
3083 silly tar       mode: 420,
3083 silly tar       uid: undefined,
3083 silly tar       gid: undefined,
3083 silly tar       size: 9189,
3083 silly tar       cksum: 4817,
3083 silly tar       linkpath: '',
3083 silly tar       uname: '',
3083 silly tar       gname: '',
3083 silly tar       devmaj: 0,
3083 silly tar       devmin: 0,
3083 silly tar       atime: undefined,
3083 silly tar       ctime: undefined,
3083 silly tar       mtime: 1985-10-26T08:15:00.000Z,
3083 silly tar       charset: undefined,
3083 silly tar       comment: undefined
3083 silly tar     },
3083 silly tar     startBlockSize: 9216,
3083 silly tar     blockRemain: 0,
3083 silly tar     remain: 0,
3083 silly tar     type: 'File',
3083 silly tar     meta: false,
3083 silly tar     ignore: false,
3083 silly tar     path: 'lib/scan.js',
3083 silly tar     mode: 438,
3083 silly tar     uid: undefined,
3083 silly tar     gid: undefined,
3083 silly tar     uname: '',
3083 silly tar     gname: '',
3083 silly tar     size: 9189,
3083 silly tar     mtime: 1985-10-26T08:15:00.000Z,
3083 silly tar     atime: undefined,
3083 silly tar     ctime: undefined,
3083 silly tar     linkpath: undefined,
3083 silly tar     dev: undefined,
3083 silly tar     ino: undefined,
3083 silly tar     nlink: undefined,
3083 silly tar     invalid: false,
3083 silly tar     absolute: 'C:/Users/hemac/Documents/Codex/2026-09-19/hackdevengers-2-0-is-a-24/node_modules/picomatch/lib/scan.js',
3083 silly tar     unsupported: false,
3083 silly tar     Symbol(shapeMode): false,
3083 silly tar     Symbol(kCapture): false,
3083 silly tar     Symbol(flowing): false,
3083 silly tar     Symbol(paused): true,
3083 silly tar     Symbol(pipes): [],
3083 silly tar     Symbol(buffer): [
3083 silly tar       <Buffer 27 75 73 65 20 73 74 72 69 63 74 27 3b 0a 0a 63 6f 6e 73 74 20 75 74 69 6c 73 20 3d 20 72 65 71 75 69 72 65 28 27 2e 2f 75 74 69 6c 73 27 29 3b 0a 63 ... 4903 more bytes>,
3083 silly tar       <Buffer 65 20 3d 20 61 64 76 61 6e 63 65 28 29 3b 0a 20 20 20 20 20 20 20 20 20 20 20 20 20 20 63 6f 6e 74 69 6e 75 65 3b 0a 20 20 20 20 20 20 20 20 20 20 20 ... 4186 more bytes>
3083 silly tar     ],
3083 silly tar     Symbol(objectMode): false,
3083 silly tar     Symbol(encoding): null,
3083 silly tar     Symbol(async): false,
3083 silly tar     Symbol(decoder): null,
3083 silly tar     Symbol(EOF): true,
3083 silly tar     Symbol(emittedEnd): false,
3083 silly tar     Symbol(emittingEnd): false,
3083 silly tar     Symbol(closed): false,
3083 silly tar     Symbol(emittedError): null,
3083 silly tar     Symbol(bufferLength): 9189,
3083 silly tar     Symbol(destroyed): false,
3083 silly tar     Symbol(signal): undefined,
3083 silly tar     Symbol(aborted): false,
3083 silly tar     Symbol(dataListeners): 0,
3083 silly tar     Symbol(discarded): false
3083 silly tar   },
3083 silly tar   cwd: 'C:/Users/hemac/Documents/Codex/2026-09-19/hackdevengers-2-0-is-a-24/node_modules/picomatch',
3083 silly tar   tarCode: 'TAR_ENTRY_ERROR'
3083 silly tar }
3084 warn tar TAR_ENTRY_ERROR ENOENT: no such file or directory, lstat 'C:\Users\hemac\Documents\Codex\2026-09-19\hackdevengers-2-0-is-a-24\node_modules\picomatch\lib'
3085 silly tar TAR_ENTRY_ERROR ENOENT: no such file or directory, lstat 'C:\Users\hemac\Documents\Codex\2026-09-19\hackdevengers-2-0-is-a-24\node_modules\picomatch\lib' [Error: ENOENT: no such file or directory, lstat 'C:\Users\hemac\Documents\Codex\2026-09-19\hackdevengers-2-0-is-a-24\node_modules\picomatch\lib'] {
3085 silly tar   errno: -4058,
3085 silly tar   code: 'ENOENT',
3085 silly tar   syscall: 'lstat',
3085 silly tar   path: 'C:/Users/hemac/Documents/Codex/2026-09-19/hackdevengers-2-0-is-a-24/node_modules/picomatch/lib',
3085 silly tar   entry: Is {
3085 silly tar     _events: [Object: null prototype] { end: [Function (anonymous)] },
3085 silly tar     _eventsCount: 1,
3085 silly tar     _maxListeners: undefined,
3085 silly tar     writable: false,
3085 silly tar     readable: true,
3085 silly tar     extended: undefined,
3085 silly tar     globalExtended: undefined,
3085 silly tar     header: Ls {
3085 silly tar       cksumValid: true,
3085 silly tar       needPax: false,
3085 silly tar       nullBlock: false,
3085 silly tar       block: undefined,
3085 silly tar       path: 'package/lib/utils.js',
3085 silly tar       mode: 420,
3085 silly tar       uid: undefined,
3085 silly tar       gid: undefined,
3085 silly tar       size: 1885,
3085 silly tar       cksum: 4954,
3085 silly tar       linkpath: '',
3085 silly tar       uname: '',
3085 silly tar       gname: '',
3085 silly tar       devmaj: 0,
3085 silly tar       devmin: 0,
3085 silly tar       atime: undefined,
3085 silly tar       ctime: undefined,
3085 silly tar       mtime: 1985-10-26T08:15:00.000Z,
3085 silly tar       charset: undefined,
3085 silly tar       comment: undefined
3085 silly tar     },
3085 silly tar     startBlockSize: 2048,
3085 silly tar     blockRemain: 0,
3085 silly tar     remain: 0,
3085 silly tar     type: 'File',
3085 silly tar     meta: false,
3085 silly tar     ignore: false,
3085 silly tar     path: 'lib/utils.js',
3085 silly tar     mode: 438,
3085 silly tar     uid: undefined,
3085 silly tar     gid: undefined,
3085 silly tar     uname: '',
3085 silly tar     gname: '',
3085 silly tar     size: 1885,
3085 silly tar     mtime: 1985-10-26T08:15:00.000Z,
3085 silly tar     atime: undefined,
3085 silly tar     ctime: undefined,
3085 silly tar     linkpath: undefined,
3085 silly tar     dev: undefined,
3085 silly tar     ino: undefined,
3085 silly tar     nlink: undefined,
3085 silly tar     invalid: false,
3085 silly tar     absolute: 'C:/Users/hemac/Documents/Codex/2026-09-19/hackdevengers-2-0-is-a-24/node_modules/picomatch/lib/utils.js',
3085 silly tar     unsupported: false,
3085 silly tar     Symbol(shapeMode): false,
3085 silly tar     Symbol(kCapture): false,
3085 silly tar     Symbol(flowing): false,
3085 silly tar     Symbol(paused): true,
3085 silly tar     Symbol(pipes): [],
3085 silly tar     Symbol(buffer): [
3085 silly tar       <Buffer 27 75 73 65 20 73 74 72 69 63 74 27 3b 0a 0a 63 6f 6e 73 74 20 70 61 74 68 20 3d 20 72 65 71 75 69 72 65 28 27 70 61 74 68 27 29 3b 0a 63 6f 6e 73 74 ... 1835 more bytes>
3085 silly tar     ],
3085 silly tar     Symbol(objectMode): false,
3085 silly tar     Symbol(encoding): null,
3085 silly tar     Symbol(async): false,
3085 silly tar     Symbol(decoder): null,
3085 silly tar     Symbol(EOF): true,
3085 silly tar     Symbol(emittedEnd): false,
3085 silly tar     Symbol(emittingEnd): false,
3085 silly tar     Symbol(closed): false,
3085 silly tar     Symbol(emittedError): null,
3085 silly tar     Symbol(bufferLength): 1885,
3085 silly tar     Symbol(destroyed): false,
3085 silly tar     Symbol(signal): undefined,
3085 silly tar     Symbol(aborted): false,
3085 silly tar     Symbol(dataListeners): 0,
3085 silly tar     Symbol(discarded): false
3085 silly tar   },
3085 silly tar   cwd: 'C:/Users/hemac/Documents/Codex/2026-09-19/hackdevengers-2-0-is-a-24/node_modules/picomatch',
3085 silly tar   tarCode: 'TAR_ENTRY_ERROR'
3085 silly tar }
3086 warn tar TAR_ENTRY_ERROR ENOENT: no such file or directory, open 'C:\Users\hemac\Documents\Codex\2026-09-19\hackdevengers-2-0-is-a-24\node_modules\picomatch\package.json'
3087 silly tar TAR_ENTRY_ERROR ENOENT: no such file or directory, open 'C:\Users\hemac\Documents\Codex\2026-09-19\hackdevengers-2-0-is-a-24\node_modules\picomatch\package.json' [Error: ENOENT: no such file or directory, open 'C:\Users\hemac\Documents\Codex\2026-09-19\hackdevengers-2-0-is-a-24\node_modules\picomatch\package.json'] {
3087 silly tar   errno: -4058,
3087 silly tar   code: 'ENOENT',
3087 silly tar   syscall: 'open',
3087 silly tar   path: 'C:\\Users\\hemac\\Documents\\Codex\\2026-09-19\\hackdevengers-2-0-is-a-24\\node_modules\\picomatch\\package.json',
3087 silly tar   entry: Is {
3087 silly tar     _events: [Object: null prototype] {},
3087 silly tar     _eventsCount: 0,
3087 silly tar     _maxListeners: undefined,
3087 silly tar     writable: false,
3087 silly tar     readable: false,
3087 silly tar     extended: undefined,
3087 silly tar     globalExtended: undefined,
3087 silly tar     header: Ls {
3087 silly tar       cksumValid: true,
3087 silly tar       needPax: false,
3087 silly tar       nullBlock: false,
3087 silly tar       block: undefined,
3087 silly tar       path: 'package/package.json',
3087 silly tar       mode: 420,
3087 silly tar       uid: undefined,
3087 silly tar       gid: undefined,
3087 silly tar       size: 1912,
3087 silly tar       cksum: 4971,
3087 silly tar       linkpath: '',
3087 silly tar       uname: '',
3087 silly tar       gname: '',
3087 silly tar       devmaj: 0,
3087 silly tar       devmin: 0,
3087 silly tar       atime: undefined,
3087 silly tar       ctime: undefined,
3087 silly tar       mtime: 1985-10-26T08:15:00.000Z,
3087 silly tar       charset: undefined,
3087 silly tar       comment: undefined
3087 silly tar     },
3087 silly tar     startBlockSize: 2048,
3087 silly tar     blockRemain: 0,
3087 silly tar     remain: 0,
3087 silly tar     type: 'File',
3087 silly tar     meta: false,
3087 silly tar     ignore: false,
3087 silly tar     path: 'package.json',
3087 silly tar     mode: 438,
3087 silly tar     uid: undefined,
3087 silly tar     gid: undefined,
3087 silly tar     uname: '',
3087 silly tar     gname: '',
3087 silly tar     size: 1912,
3087 silly tar     mtime: 1985-10-26T08:15:00.000Z,
3087 silly tar     atime: undefined,
3087 silly tar     ctime: undefined,
3087 silly tar     linkpath: undefined,
3087 silly tar     dev: undefined,
3087 silly tar     ino: undefined,
3087 silly tar     nlink: undefined,
3087 silly tar     invalid: false,
3087 silly tar     absolute: 'C:/Users/hemac/Documents/Codex/2026-09-19/hackdevengers-2-0-is-a-24/node_modules/picomatch/package.json',
3087 silly tar     unsupported: false,
3087 silly tar     Symbol(shapeMode): false,
3087 silly tar     Symbol(kCapture): false,
3087 silly tar     Symbol(flowing): false,
3087 silly tar     Symbol(paused): true,
3087 silly tar     Symbol(pipes): [ [Ht] ],
3087 silly tar     Symbol(buffer): [],
3087 silly tar     Symbol(objectMode): false,
3087 silly tar     Symbol(encoding): null,
3087 silly tar     Symbol(async): false,
3087 silly tar     Symbol(decoder): null,
3087 silly tar     Symbol(EOF): true,
3087 silly tar     Symbol(emittedEnd): true,
3087 silly tar     Symbol(emittingEnd): false,
3087 silly tar     Symbol(closed): false,
3087 silly tar     Symbol(emittedError): null,
3087 silly tar     Symbol(bufferLength): 0,
3087 silly tar     Symbol(destroyed): false,
3087 silly tar     Symbol(signal): undefined,
3087 silly tar     Symbol(aborted): false,
3087 silly tar     Symbol(dataListeners): 0,
3087 silly tar     Symbol(discarded): false
3087 silly tar   },
3087 silly tar   cwd: 'C:/Users/hemac/Documents/Codex/2026-09-19/hackdevengers-2-0-is-a-24/node_modules/picomatch',
3087 silly tar   tarCode: 'TAR_ENTRY_ERROR'
3087 silly tar }
3088 warn tar TAR_ENTRY_ERROR ENOENT: no such file or directory, open 'C:\Users\hemac\Documents\Codex\2026-09-19\hackdevengers-2-0-is-a-24\node_modules\picomatch\README.md'
3089 silly tar TAR_ENTRY_ERROR ENOENT: no such file or directory, open 'C:\Users\hemac\Documents\Codex\2026-09-19\hackdevengers-2-0-is-a-24\node_modules\picomatch\README.md' [Error: ENOENT: no such file or directory, open 'C:\Users\hemac\Documents\Codex\2026-09-19\hackdevengers-2-0-is-a-24\node_modules\picomatch\README.md'] {
3089 silly tar   errno: -4058,
3089 silly tar   code: 'ENOENT',
3089 silly tar   syscall: 'open',
3089 silly tar   path: 'C:\\Users\\hemac\\Documents\\Codex\\2026-09-19\\hackdevengers-2-0-is-a-24\\node_modules\\picomatch\\README.md',
3089 silly tar   entry: Is {
3089 silly tar     _events: [Object: null prototype] { end: [Function (anonymous)] },
3089 silly tar     _eventsCount: 1,
3089 silly tar     _maxListeners: undefined,
3089 silly tar     writable: false,
3089 silly tar     readable: true,
3089 silly tar     extended: undefined,
3089 silly tar     globalExtended: undefined,
3089 silly tar     header: Ls {
3089 silly tar       cksumValid: true,
3089 silly tar       needPax: false,
3089 silly tar       nullBlock: false,
3089 silly tar       block: undefined,
3089 silly tar       path: 'package/README.md',
3089 silly tar       mode: 420,
3089 silly tar       uid: undefined,
3089 silly tar       gid: undefined,
3089 silly tar       size: 27999,
3089 silly tar       cksum: 4464,
3089 silly tar       linkpath: '',
3089 silly tar       uname: '',
3089 silly tar       gname: '',
3089 silly tar       devmaj: 0,
3089 silly tar       devmin: 0,
3089 silly tar       atime: undefined,
3089 silly tar       ctime: undefined,
3089 silly tar       mtime: 1985-10-26T08:15:00.000Z,
3089 silly tar       charset: undefined,
3089 silly tar       comment: undefined
3089 silly tar     },
3089 silly tar     startBlockSize: 28160,
3089 silly tar     blockRemain: 0,
3089 silly tar     remain: 0,
3089 silly tar     type: 'File',
3089 silly tar     meta: false,
3089 silly tar     ignore: false,
3089 silly tar     path: 'README.md',
3089 silly tar     mode: 438,
3089 silly tar     uid: undefined,
3089 silly tar     gid: undefined,
3089 silly tar     uname: '',
3089 silly tar     gname: '',
3089 silly tar     size: 27999,
3089 silly tar     mtime: 1985-10-26T08:15:00.000Z,
3089 silly tar     atime: undefined,
3089 silly tar     ctime: undefined,
3089 silly tar     linkpath: undefined,
3089 silly tar     dev: undefined,
3089 silly tar     ino: undefined,
3089 silly tar     nlink: undefined,
3089 silly tar     invalid: false,
3089 silly tar     absolute: 'C:/Users/hemac/Documents/Codex/2026-09-19/hackdevengers-2-0-is-a-24/node_modules/picomatch/README.md',
3089 silly tar     unsupported: false,
3089 silly tar     Symbol(shapeMode): false,
3089 silly tar     Symbol(kCapture): false,
3089 silly tar     Symbol(flowing): false,
3089 silly tar     Symbol(paused): true,
3089 silly tar     Symbol(pipes): [ [Ht] ],
3089 silly tar     Symbol(buffer): [
3089 silly tar       <Buffer 20 69 73 42 72 61 63 6b 65 74 3a 20 66 61 6c 73 65 2c 0a 20 20 69 73 47 6c 6f 62 3a 20 74 72 75 65 2c 0a 20 20 69 73 45 78 74 67 6c 6f 62 3a 20 66 61 ... 16334 more bytes>,
3089 silly tar       <Buffer 63 72 6f 6d 61 74 63 68 2f 6d 69 63 72 6f 6d 61 74 63 68 29 20 69 6e 73 74 65 61 64 2e 20 50 69 63 6f 6d 61 74 63 68 20 68 61 73 20 76 65 72 79 20 62 ... 5076 more bytes>
3089 silly tar     ],
3089 silly tar     Symbol(objectMode): false,
3089 silly tar     Symbol(encoding): null,
3089 silly tar     Symbol(async): false,
3089 silly tar     Symbol(decoder): null,
3089 silly tar     Symbol(EOF): true,
3089 silly tar     Symbol(emittedEnd): false,
3089 silly tar     Symbol(emittingEnd): false,
3089 silly tar     Symbol(closed): false,
3089 silly tar     Symbol(emittedError): null,
3089 silly tar     Symbol(bufferLength): 21510,
3089 silly tar     Symbol(destroyed): false,
3089 silly tar     Symbol(signal): undefined,
3089 silly tar     Symbol(aborted): false,
3089 silly tar     Symbol(dataListeners): 0,
3089 silly tar     Symbol(discarded): false
3089 silly tar   },
3089 silly tar   cwd: 'C:/Users/hemac/Documents/Codex/2026-09-19/hackdevengers-2-0-is-a-24/node_modules/picomatch',
3089 silly tar   tarCode: 'TAR_ENTRY_ERROR'
3089 silly tar }
3090 http fetch GET 200 https://registry.npmjs.org/picomatch/-/picomatch-2.3.2.tgz 27100ms (cache miss)
3091 http fetch GET 200 https://registry.npmjs.org/micromatch/-/micromatch-4.0.8.tgz 27161ms (cache miss)
3092 http fetch GET 200 https://registry.npmjs.org/@next/swc-win32-x64-msvc/-/swc-win32-x64-msvc-15.1.6.tgz 36004ms (cache miss)
3093 info run sharp@0.33.5 install node_modules/sharp node install/check
3094 info run sharp@0.33.5 install { code: 'EPERM', signal: undefined }
3095 verbose reify failed optional dependency C:\Users\hemac\Documents\Codex\2026-09-19\hackdevengers-2-0-is-a-24\node_modules\sharp
3096 silly reify mark deleted [
3096 silly reify   'C:\\Users\\hemac\\Documents\\Codex\\2026-09-19\\hackdevengers-2-0-is-a-24\\node_modules\\sharp'
3096 silly reify ]
3097 verbose reify failed optional dependency C:\Users\hemac\Documents\Codex\2026-09-19\hackdevengers-2-0-is-a-24\node_modules\color
3098 silly reify mark deleted [
3098 silly reify   'C:\\Users\\hemac\\Documents\\Codex\\2026-09-19\\hackdevengers-2-0-is-a-24\\node_modules\\color'
3098 silly reify ]
3099 verbose reify failed optional dependency C:\Users\hemac\Documents\Codex\2026-09-19\hackdevengers-2-0-is-a-24\node_modules\detect-libc
3100 silly reify mark deleted [
3100 silly reify   'C:\\Users\\hemac\\Documents\\Codex\\2026-09-19\\hackdevengers-2-0-is-a-24\\node_modules\\detect-libc'
3100 silly reify ]
3101 verbose reify failed optional dependency C:\Users\hemac\Documents\Codex\2026-09-19\hackdevengers-2-0-is-a-24\node_modules\@img\sharp-wasm32
3102 silly reify mark deleted [
3102 silly reify   'C:\\Users\\hemac\\Documents\\Codex\\2026-09-19\\hackdevengers-2-0-is-a-24\\node_modules\\@img\\sharp-wasm32'
3102 silly reify ]
3103 verbose reify failed optional dependency C:\Users\hemac\Documents\Codex\2026-09-19\hackdevengers-2-0-is-a-24\node_modules\@img\sharp-linux-arm
3104 silly reify mark deleted [
3104 silly reify   'C:\\Users\\hemac\\Documents\\Codex\\2026-09-19\\hackdevengers-2-0-is-a-24\\node_modules\\@img\\sharp-linux-arm'
3104 silly reify ]
3105 verbose reify failed optional dependency C:\Users\hemac\Documents\Codex\2026-09-19\hackdevengers-2-0-is-a-24\node_modules\@img\sharp-linux-x64
3106 silly reify mark deleted [
3106 silly reify   'C:\\Users\\hemac\\Documents\\Codex\\2026-09-19\\hackdevengers-2-0-is-a-24\\node_modules\\@img\\sharp-linux-x64'
3106 silly reify ]
3107 verbose reify failed optional dependency C:\Users\hemac\Documents\Codex\2026-09-19\hackdevengers-2-0-is-a-24\node_modules\@img\sharp-win32-x64
3108 silly reify mark deleted [
3108 silly reify   'C:\\Users\\hemac\\Documents\\Codex\\2026-09-19\\hackdevengers-2-0-is-a-24\\node_modules\\@img\\sharp-win32-x64'
3108 silly reify ]
3109 verbose reify failed optional dependency C:\Users\hemac\Documents\Codex\2026-09-19\hackdevengers-2-0-is-a-24\node_modules\@img\sharp-darwin-x64
3110 silly reify mark deleted [
3110 silly reify   'C:\\Users\\hemac\\Documents\\Codex\\2026-09-19\\hackdevengers-2-0-is-a-24\\node_modules\\@img\\sharp-darwin-x64'
3110 silly reify ]
3111 verbose reify failed optional dependency C:\Users\hemac\Documents\Codex\2026-09-19\hackdevengers-2-0-is-a-24\node_modules\@img\sharp-win32-ia32
3112 silly reify mark deleted [
3112 silly reify   'C:\\Users\\hemac\\Documents\\Codex\\2026-09-19\\hackdevengers-2-0-is-a-24\\node_modules\\@img\\sharp-win32-ia32'
3112 silly reify ]
3113 verbose reify failed optional dependency C:\Users\hemac\Documents\Codex\2026-09-19\hackdevengers-2-0-is-a-24\node_modules\@img\sharp-linux-arm64
3114 silly reify mark deleted [
3114 silly reify   'C:\\Users\\hemac\\Documents\\Codex\\2026-09-19\\hackdevengers-2-0-is-a-24\\node_modules\\@img\\sharp-linux-arm64'
3114 silly reify ]
3115 verbose reify failed optional dependency C:\Users\hemac\Documents\Codex\2026-09-19\hackdevengers-2-0-is-a-24\node_modules\@img\sharp-linux-s390x
3116 silly reify mark deleted [
3116 silly reify   'C:\\Users\\hemac\\Documents\\Codex\\2026-09-19\\hackdevengers-2-0-is-a-24\\node_modules\\@img\\sharp-linux-s390x'
3116 silly reify ]
3117 verbose reify failed optional dependency C:\Users\hemac\Documents\Codex\2026-09-19\hackdevengers-2-0-is-a-24\node_modules\@img\sharp-darwin-arm64
3118 silly reify mark deleted [
3118 silly reify   'C:\\Users\\hemac\\Documents\\Codex\\2026-09-19\\hackdevengers-2-0-is-a-24\\node_modules\\@img\\sharp-darwin-arm64'
3118 silly reify ]
3119 verbose reify failed optional dependency C:\Users\hemac\Documents\Codex\2026-09-19\hackdevengers-2-0-is-a-24\node_modules\@img\sharp-linuxmusl-x64
3120 silly reify mark deleted [
3120 silly reify   'C:\\Users\\hemac\\Documents\\Codex\\2026-09-19\\hackdevengers-2-0-is-a-24\\node_modules\\@img\\sharp-linuxmusl-x64'
3120 silly reify ]
3121 verbose reify failed optional dependency C:\Users\hemac\Documents\Codex\2026-09-19\hackdevengers-2-0-is-a-24\node_modules\@img\sharp-linuxmusl-arm64
3122 silly reify mark deleted [
3122 silly reify   'C:\\Users\\hemac\\Documents\\Codex\\2026-09-19\\hackdevengers-2-0-is-a-24\\node_modules\\@img\\sharp-linuxmusl-arm64'
3122 silly reify ]
3123 verbose reify failed optional dependency C:\Users\hemac\Documents\Codex\2026-09-19\hackdevengers-2-0-is-a-24\node_modules\@img\sharp-libvips-linux-arm
3124 silly reify mark deleted [
3124 silly reify   'C:\\Users\\hemac\\Documents\\Codex\\2026-09-19\\hackdevengers-2-0-is-a-24\\node_modules\\@img\\sharp-libvips-linux-arm'
3124 silly reify ]
3125 verbose reify failed optional dependency C:\Users\hemac\Documents\Codex\2026-09-19\hackdevengers-2-0-is-a-24\node_modules\@img\sharp-libvips-linux-x64
3126 silly reify mark deleted [
3126 silly reify   'C:\\Users\\hemac\\Documents\\Codex\\2026-09-19\\hackdevengers-2-0-is-a-24\\node_modules\\@img\\sharp-libvips-linux-x64'
3126 silly reify ]
3127 verbose reify failed optional dependency C:\Users\hemac\Documents\Codex\2026-09-19\hackdevengers-2-0-is-a-24\node_modules\@img\sharp-libvips-darwin-x64
3128 silly reify mark deleted [
3128 silly reify   'C:\\Users\\hemac\\Documents\\Codex\\2026-09-19\\hackdevengers-2-0-is-a-24\\node_modules\\@img\\sharp-libvips-darwin-x64'
3128 silly reify ]
3129 verbose reify failed optional dependency C:\Users\hemac\Documents\Codex\2026-09-19\hackdevengers-2-0-is-a-24\node_modules\@img\sharp-libvips-linux-arm64
3130 silly reify mark deleted [
3130 silly reify   'C:\\Users\\hemac\\Documents\\Codex\\2026-09-19\\hackdevengers-2-0-is-a-24\\node_modules\\@img\\sharp-libvips-linux-arm64'
3130 silly reify ]
3131 verbose reify failed optional dependency C:\Users\hemac\Documents\Codex\2026-09-19\hackdevengers-2-0-is-a-24\node_modules\@img\sharp-libvips-linux-s390x
3132 silly reify mark deleted [
3132 silly reify   'C:\\Users\\hemac\\Documents\\Codex\\2026-09-19\\hackdevengers-2-0-is-a-24\\node_modules\\@img\\sharp-libvips-linux-s390x'
3132 silly reify ]
3133 verbose reify failed optional dependency C:\Users\hemac\Documents\Codex\2026-09-19\hackdevengers-2-0-is-a-24\node_modules\@img\sharp-libvips-darwin-arm64
3134 silly reify mark deleted [
3134 silly reify   'C:\\Users\\hemac\\Documents\\Codex\\2026-09-19\\hackdevengers-2-0-is-a-24\\node_modules\\@img\\sharp-libvips-darwin-arm64'
3134 silly reify ]
3135 verbose reify failed optional dependency C:\Users\hemac\Documents\Codex\2026-09-19\hackdevengers-2-0-is-a-24\node_modules\@img\sharp-libvips-linuxmusl-x64
3136 silly reify mark deleted [
3136 silly reify   'C:\\Users\\hemac\\Documents\\Codex\\2026-09-19\\hackdevengers-2-0-is-a-24\\node_modules\\@img\\sharp-libvips-linuxmusl-x64'
3136 silly reify ]
3137 verbose reify failed optional dependency C:\Users\hemac\Documents\Codex\2026-09-19\hackdevengers-2-0-is-a-24\node_modules\@img\sharp-libvips-linuxmusl-arm64
3138 silly reify mark deleted [
3138 silly reify   'C:\\Users\\hemac\\Documents\\Codex\\2026-09-19\\hackdevengers-2-0-is-a-24\\node_modules\\@img\\sharp-libvips-linuxmusl-arm64'
3138 silly reify ]
3139 verbose reify failed optional dependency C:\Users\hemac\Documents\Codex\2026-09-19\hackdevengers-2-0-is-a-24\node_modules\color-string
3140 silly reify mark deleted [
3140 silly reify   'C:\\Users\\hemac\\Documents\\Codex\\2026-09-19\\hackdevengers-2-0-is-a-24\\node_modules\\color-string'
3140 silly reify ]
3141 verbose reify failed optional dependency C:\Users\hemac\Documents\Codex\2026-09-19\hackdevengers-2-0-is-a-24\node_modules\simple-swizzle
3142 silly reify mark deleted [
3142 silly reify   'C:\\Users\\hemac\\Documents\\Codex\\2026-09-19\\hackdevengers-2-0-is-a-24\\node_modules\\simple-swizzle'
3142 silly reify ]
3143 verbose reify failed optional dependency C:\Users\hemac\Documents\Codex\2026-09-19\hackdevengers-2-0-is-a-24\node_modules\is-arrayish
3144 silly reify mark deleted [
3144 silly reify   'C:\\Users\\hemac\\Documents\\Codex\\2026-09-19\\hackdevengers-2-0-is-a-24\\node_modules\\is-arrayish'
3144 silly reify ]
3145 info run unrs-resolver@1.12.2 postinstall node_modules/unrs-resolver node postinstall.js
3146 info run unrs-resolver@1.12.2 postinstall { code: 'EPERM', signal: undefined }
3147 warn cleanup Failed to remove some directories [
3147 warn cleanup   [
3147 warn cleanup     '\\\\?\\C:\\Users\\hemac\\Documents\\Codex\\2026-09-19\\hackdevengers-2-0-is-a-24\\node_modules',
3147 warn cleanup     [Error: ENOTEMPTY: directory not empty, rmdir 'C:\Users\hemac\Documents\Codex\2026-09-19\hackdevengers-2-0-is-a-24\node_modules\next\dist\build\templates'] {
3147 warn cleanup       errno: -4051,
3147 warn cleanup       code: 'ENOTEMPTY',
3147 warn cleanup       syscall: 'rmdir',
3147 warn cleanup       path: 'C:\\Users\\hemac\\Documents\\Codex\\2026-09-19\\hackdevengers-2-0-is-a-24\\node_modules\\next\\dist\\build\\templates'
3147 warn cleanup     }
3147 warn cleanup   ],
3147 warn cleanup   [
3147 warn cleanup     '\\\\?\\C:\\Users\\hemac\\Documents\\Codex\\2026-09-19\\hackdevengers-2-0-is-a-24\\node_modules\\@eslint',
3147 warn cleanup     [Error: EPERM: operation not permitted, rmdir 'C:\Users\hemac\Documents\Codex\2026-09-19\hackdevengers-2-0-is-a-24\node_modules\@eslint\plugin-kit\node_modules\@eslint\core\dist\cjs'] {
3147 warn cleanup       errno: -4048,
3147 warn cleanup       code: 'EPERM',
3147 warn cleanup       syscall: 'rmdir',
3147 warn cleanup       path: 'C:\\Users\\hemac\\Documents\\Codex\\2026-09-19\\hackdevengers-2-0-is-a-24\\node_modules\\@eslint\\plugin-kit\\node_modules\\@eslint\\core\\dist\\cjs'
3147 warn cleanup     }
3147 warn cleanup   ]
3147 warn cleanup ]
3148 verbose stack Error: spawn EPERM
3148 verbose stack     at ChildProcess.spawn (node:internal/child_process:458:11)
3148 verbose stack     at spawn (node:child_process:813:9)
3148 verbose stack     at promiseSpawn (C:\Program Files\nodejs\node_modules\npm\node_modules\@npmcli\promise-spawn\lib\index.js:39:16)
3148 verbose stack     at spawnWithShell (C:\Program Files\nodejs\node_modules\npm\node_modules\@npmcli\promise-spawn\lib\index.js:124:10)
3148 verbose stack     at promiseSpawn (C:\Program Files\nodejs\node_modules\npm\node_modules\@npmcli\promise-spawn\lib\index.js:12:12)
3148 verbose stack     at runScriptPkg (C:\Program Files\nodejs\node_modules\npm\node_modules\@npmcli\run-script\lib\run-script-pkg.js:79:13)
3148 verbose stack     at runScript (C:\Program Files\nodejs\node_modules\npm\node_modules\@npmcli\run-script\lib\run-script.js:9:12)
3148 verbose stack     at C:\Program Files\nodejs\node_modules\npm\node_modules\@npmcli\arborist\lib\arborist\rebuild.js:341:17
3148 verbose stack     at run (C:\Program Files\nodejs\node_modules\npm\node_modules\promise-call-limit\dist\commonjs\index.js:67:22)
3148 verbose stack     at C:\Program Files\nodejs\node_modules\npm\node_modules\promise-call-limit\dist\commonjs\index.js:84:9
3149 error code EPERM
3150 error syscall spawn
3151 error errno -4048
3152 error Error: spawn EPERM
3152 error     at ChildProcess.spawn (node:internal/child_process:458:11)
3152 error     at spawn (node:child_process:813:9)
3152 error     at promiseSpawn (C:\Program Files\nodejs\node_modules\npm\node_modules\@npmcli\promise-spawn\lib\index.js:39:16)
3152 error     at spawnWithShell (C:\Program Files\nodejs\node_modules\npm\node_modules\@npmcli\promise-spawn\lib\index.js:124:10)
3152 error     at promiseSpawn (C:\Program Files\nodejs\node_modules\npm\node_modules\@npmcli\promise-spawn\lib\index.js:12:12)
3152 error     at runScriptPkg (C:\Program Files\nodejs\node_modules\npm\node_modules\@npmcli\run-script\lib\run-script-pkg.js:79:13)
3152 error     at runScript (C:\Program Files\nodejs\node_modules\npm\node_modules\@npmcli\run-script\lib\run-script.js:9:12)
3152 error     at C:\Program Files\nodejs\node_modules\npm\node_modules\@npmcli\arborist\lib\arborist\rebuild.js:341:17
3152 error     at run (C:\Program Files\nodejs\node_modules\npm\node_modules\promise-call-limit\dist\commonjs\index.js:67:22)
3152 error     at C:\Program Files\nodejs\node_modules\npm\node_modules\promise-call-limit\dist\commonjs\index.js:84:9 {
3152 error   errno: -4048,
3152 error   code: 'EPERM',
3152 error   syscall: 'spawn'
3152 error }
3153 error
3153 error The operation was rejected by your operating system.
3153 error It's possible that the file was already in use (by a text editor or antivirus), or that you lack permissions to access it.
3153 error
3153 error If you believe this might be a permissions issue, please double-check the permissions of the file and its containing directories, or try running the command again as root/Administrator.
3154 silly unfinished npm timer reify 1789818694408
3155 silly unfinished npm timer reify:build 1789818756773
3156 silly unfinished npm timer build 1789818756773
3157 silly unfinished npm timer build:deps 1789818756773
3158 silly unfinished npm timer build:run:postinstall 1789818756808
3159 silly unfinished npm timer build:run:postinstall:node_modules/unrs-resolver 1789818756808
3160 verbose cwd C:\Users\hemac\Documents\Codex\2026-09-19\hackdevengers-2-0-is-a-24
3161 verbose os Windows_NT 10.0.26200
3162 verbose node v24.19.0
3163 verbose npm  v11.17.0
3164 notice
3164 notice New major version of npm available! 11.17.0 -> 12.0.2
3164 notice Changelog: https://github.com/npm/cli/releases/tag/v12.0.2
3164 notice To update run: npm install -g npm@12.0.2
3164 notice  { force: true, Symbol(proc-log.meta): true }
3165 verbose exit -4048
3166 verbose code -4048
3167 error A complete log of this run can be found in: C:\Users\hemac\Documents\Codex\2026-09-19\hackdevengers-2-0-is-a-24\work\.npm-cache\_logs\2026-09-19T11_51_34_130Z-debug-0.log
