0 verbose cli C:\Program Files\nodejs\node.exe C:\Program Files\nodejs\node_modules\npm\bin\npm-cli.js
1 info using npm@11.17.0
2 info using node@v24.19.0
3 silly config load:file:C:\Program Files\nodejs\node_modules\npm\npmrc
4 silly config load:file:C:\Users\hemac\Documents\Codex\2026-09-19\hackdevengers-2-0-is-a-24\.npmrc
5 silly config load:file:C:\Users\hemac\.npmrc
6 silly config load:file:C:\Users\hemac\AppData\Roaming\npm\etc\npmrc
7 verbose title npm install
8 verbose argv "install" "--cache" "work/.npm-cache" "--no-audit" "--no-fund" "--foreground-scripts"
9 verbose logfile logs-max:10 dir:C:\Users\hemac\Documents\Codex\2026-09-19\hackdevengers-2-0-is-a-24\work\.npm-cache\_logs\2026-09-19T11_53_09_355Z-
10 verbose logfile C:\Users\hemac\Documents\Codex\2026-09-19\hackdevengers-2-0-is-a-24\work\.npm-cache\_logs\2026-09-19T11_53_09_355Z-debug-0.log
11 silly logfile done cleaning log files
12 silly packumentCache heap:4496293888 maxSize:1124073472 maxEntrySize:562036736
13 silly idealTree buildDeps
14 silly fetch manifest @types/node@22.13.4
15 silly packumentCache full:https://registry.npmjs.org/@types%2fnode cache-miss
16 http cache https://registry.npmjs.org/@types%2fnode 25ms (cache hit)
17 silly packumentCache full:https://registry.npmjs.org/@types%2fnode set size:11150508 disposed:false
18 silly fetch manifest @types/react@19.0.8
19 silly packumentCache full:https://registry.npmjs.org/@types%2freact cache-miss
20 http cache https://registry.npmjs.org/@types%2freact 14ms (cache hit)
21 silly packumentCache full:https://registry.npmjs.org/@types%2freact set size:2642161 disposed:false
22 silly fetch manifest @types/react-dom@19.0.3
23 silly packumentCache full:https://registry.npmjs.org/@types%2freact-dom cache-miss
24 http cache https://registry.npmjs.org/@types%2freact-dom 4ms (cache hit)
25 silly packumentCache full:https://registry.npmjs.org/@types%2freact-dom set size:444872 disposed:false
26 silly fetch manifest eslint@9.19.0
27 silly packumentCache full:https://registry.npmjs.org/eslint cache-miss
28 http cache https://registry.npmjs.org/eslint 6ms (cache hit)
29 silly packumentCache full:https://registry.npmjs.org/eslint set size:2085131 disposed:false
30 silly fetch manifest jiti@*
31 silly packumentCache full:https://registry.npmjs.org/jiti cache-miss
32 http cache https://registry.npmjs.org/jiti 4ms (cache hit)
33 silly packumentCache full:https://registry.npmjs.org/jiti set size:387989 disposed:false
34 silly fetch manifest eslint-config-next@15.1.6
35 silly packumentCache full:https://registry.npmjs.org/eslint-config-next cache-miss
36 http cache https://registry.npmjs.org/eslint-config-next 13ms (cache hit)
37 silly packumentCache full:https://registry.npmjs.org/eslint-config-next set size:7229144 disposed:false
38 silly fetch manifest typescript@5.7.3
39 silly packumentCache full:https://registry.npmjs.org/typescript cache-miss
40 http cache https://registry.npmjs.org/typescript 32ms (cache hit)
41 silly packumentCache full:https://registry.npmjs.org/typescript set size:15693959 disposed:false
42 silly fetch manifest next@15.1.6
43 silly packumentCache full:https://registry.npmjs.org/next cache-miss
44 http cache https://registry.npmjs.org/next 54ms (cache hit)
45 silly packumentCache full:https://registry.npmjs.org/next set size:31267243 disposed:false
46 silly fetch manifest @opentelemetry/api@^1.1.0
47 silly packumentCache full:https://registry.npmjs.org/@opentelemetry%2fapi cache-miss
48 http cache https://registry.npmjs.org/@opentelemetry%2fapi 5ms (cache hit)
49 silly packumentCache full:https://registry.npmjs.org/@opentelemetry%2fapi set size:272967 disposed:false
50 silly fetch manifest @playwright/test@^1.41.2
51 silly packumentCache full:https://registry.npmjs.org/@playwright%2ftest cache-miss
52 http cache https://registry.npmjs.org/@playwright%2ftest 15ms (cache hit)
53 silly packumentCache full:https://registry.npmjs.org/@playwright%2ftest set size:9543975 disposed:false
54 silly fetch manifest babel-plugin-react-compiler@*
55 silly packumentCache full:https://registry.npmjs.org/babel-plugin-react-compiler cache-miss
56 http cache https://registry.npmjs.org/babel-plugin-react-compiler 6ms (cache hit)
57 silly packumentCache full:https://registry.npmjs.org/babel-plugin-react-compiler set size:1356999 disposed:false
58 silly fetch manifest react@19.0.0
59 silly packumentCache full:https://registry.npmjs.org/react cache-miss
60 http cache https://registry.npmjs.org/react 13ms (cache hit)
61 silly packumentCache full:https://registry.npmjs.org/react set size:6997055 disposed:false
62 silly fetch manifest react-dom@19.0.0
63 silly packumentCache full:https://registry.npmjs.org/react-dom cache-miss
64 http cache https://registry.npmjs.org/react-dom 15ms (cache hit)
65 silly packumentCache full:https://registry.npmjs.org/react-dom set size:9424681 disposed:false
66 silly fetch manifest sass@^1.3.0
67 silly packumentCache full:https://registry.npmjs.org/sass cache-miss
68 http cache https://registry.npmjs.org/sass 4ms (cache hit)
69 silly packumentCache full:https://registry.npmjs.org/sass set size:752288 disposed:false
70 silly placeDep ROOT @types/node@22.13.4 OK for: sachet-scam-shield@0.1.0 want: 22.13.4
71 silly placeDep ROOT @types/react@19.0.8 OK for: sachet-scam-shield@0.1.0 want: 19.0.8
72 silly placeDep ROOT @types/react-dom@19.0.3 OK for: sachet-scam-shield@0.1.0 want: 19.0.3
73 silly placeDep ROOT eslint@9.19.0 OK for: sachet-scam-shield@0.1.0 want: 9.19.0
74 silly placeDep ROOT eslint-config-next@15.1.6 OK for: sachet-scam-shield@0.1.0 want: 15.1.6
75 silly placeDep ROOT next@15.1.6 REPLACE for: sachet-scam-shield@0.1.0 want: 15.1.6
76 silly placeDep ROOT react@19.0.0 OK for: next@15.1.6 want: ^18.2.0 || 19.0.0-rc-de68d2f4-20241204 || ^19.0.0
77 silly placeDep ROOT react-dom@19.0.0 OK for: next@15.1.6 want: ^18.2.0 || 19.0.0-rc-de68d2f4-20241204 || ^19.0.0
78 silly placeDep ROOT typescript@5.7.3 OK for: sachet-scam-shield@0.1.0 want: 5.7.3
79 silly fetch manifest undici-types@~6.20.0
80 silly packumentCache full:https://registry.npmjs.org/undici-types cache-miss
81 silly fetch manifest csstype@^3.0.2
82 silly packumentCache full:https://registry.npmjs.org/csstype cache-miss
83 silly fetch manifest ajv@^6.12.4
84 silly packumentCache full:https://registry.npmjs.org/ajv cache-miss
85 silly fetch manifest chalk@^4.0.0
86 silly packumentCache full:https://registry.npmjs.org/chalk cache-miss
87 silly fetch manifest debug@^4.3.2
88 silly packumentCache full:https://registry.npmjs.org/debug cache-miss
89 silly fetch manifest espree@^10.3.0
90 silly packumentCache full:https://registry.npmjs.org/espree cache-miss
91 silly fetch manifest ignore@^5.2.0
92 silly packumentCache full:https://registry.npmjs.org/ignore cache-miss
93 silly fetch manifest esquery@^1.5.0
94 silly packumentCache full:https://registry.npmjs.org/esquery cache-miss
95 silly fetch manifest esutils@^2.0.2
96 silly packumentCache full:https://registry.npmjs.org/esutils cache-miss
97 silly fetch manifest find-up@^5.0.0
98 silly packumentCache full:https://registry.npmjs.org/find-up cache-miss
99 silly fetch manifest is-glob@^4.0.0
100 silly packumentCache full:https://registry.npmjs.org/is-glob cache-miss
101 silly fetch manifest minimatch@^3.1.2
102 silly packumentCache full:https://registry.npmjs.org/minimatch cache-miss
103 silly fetch manifest @eslint/js@9.19.0
104 silly packumentCache full:https://registry.npmjs.org/@eslint%2fjs cache-miss
105 silly fetch manifest optionator@^0.9.3
106 silly packumentCache full:https://registry.npmjs.org/optionator cache-miss
107 silly fetch manifest cross-spawn@^7.0.6
108 silly packumentCache full:https://registry.npmjs.org/cross-spawn cache-miss
109 http cache https://registry.npmjs.org/undici-types 21ms (cache hit)
110 silly packumentCache full:https://registry.npmjs.org/undici-types set size:258898 disposed:false
111 silly fetch manifest glob-parent@^6.0.2
112 silly packumentCache full:https://registry.npmjs.org/glob-parent cache-miss
113 http cache https://registry.npmjs.org/chalk 22ms (cache hit)
114 silly packumentCache full:https://registry.npmjs.org/chalk set size:134775 disposed:false
115 silly fetch manifest imurmurhash@^0.1.4
116 silly packumentCache full:https://registry.npmjs.org/imurmurhash cache-miss
117 http cache https://registry.npmjs.org/espree 24ms (cache hit)
118 silly packumentCache full:https://registry.npmjs.org/espree set size:326080 disposed:false
119 silly fetch manifest @eslint/core@^0.10.0
120 silly packumentCache full:https://registry.npmjs.org/@eslint%2fcore cache-miss
121 http cache https://registry.npmjs.org/ignore 28ms (cache hit)
122 silly packumentCache full:https://registry.npmjs.org/ignore set size:255101 disposed:false
123 silly fetch manifest eslint-scope@^8.2.0
124 silly packumentCache full:https://registry.npmjs.org/eslint-scope cache-miss
125 http cache https://registry.npmjs.org/debug 30ms (cache hit)
126 silly packumentCache full:https://registry.npmjs.org/debug set size:195840 disposed:false
127 silly fetch manifest lodash.merge@^4.6.2
128 silly packumentCache full:https://registry.npmjs.org/lodash.merge cache-miss
129 http cache https://registry.npmjs.org/esquery 32ms (cache hit)
130 silly packumentCache full:https://registry.npmjs.org/esquery set size:48888 disposed:false
131 silly fetch manifest @humanfs/node@^0.16.6
132 silly packumentCache full:https://registry.npmjs.org/@humanfs%2fnode cache-miss
133 http cache https://registry.npmjs.org/csstype 34ms (cache hit)
134 silly packumentCache full:https://registry.npmjs.org/csstype set size:274189 disposed:false
135 silly fetch manifest @types/estree@^1.0.6
136 silly packumentCache full:https://registry.npmjs.org/@types%2festree cache-miss
137 http cache https://registry.npmjs.org/ajv 36ms (cache hit)
138 silly packumentCache full:https://registry.npmjs.org/ajv set size:1142658 disposed:false
139 silly fetch manifest fast-deep-equal@^3.1.3
140 silly packumentCache full:https://registry.npmjs.org/fast-deep-equal cache-miss
141 http cache https://registry.npmjs.org/esutils 41ms (cache hit)
142 silly packumentCache full:https://registry.npmjs.org/esutils set size:29522 disposed:false
143 silly fetch manifest natural-compare@^1.4.0
144 silly packumentCache full:https://registry.npmjs.org/natural-compare cache-miss
145 http cache https://registry.npmjs.org/@eslint%2fjs 42ms (cache hit)
146 silly packumentCache full:https://registry.npmjs.org/@eslint%2fjs set size:141633 disposed:false
147 silly fetch manifest @eslint/eslintrc@^3.2.0
148 silly packumentCache full:https://registry.npmjs.org/@eslint%2feslintrc cache-miss
149 http cache https://registry.npmjs.org/optionator 43ms (cache hit)
150 silly packumentCache full:https://registry.npmjs.org/optionator set size:49651 disposed:false
151 silly fetch manifest file-entry-cache@^8.0.0
152 silly packumentCache full:https://registry.npmjs.org/file-entry-cache cache-miss
153 http cache https://registry.npmjs.org/find-up 44ms (cache hit)
154 silly packumentCache full:https://registry.npmjs.org/find-up set size:42620 disposed:false
155 silly fetch manifest @eslint/plugin-kit@^0.2.5
156 silly packumentCache full:https://registry.npmjs.org/@eslint%2fplugin-kit cache-miss
157 http cache https://registry.npmjs.org/minimatch 46ms (cache hit)
158 silly packumentCache full:https://registry.npmjs.org/minimatch set size:377924 disposed:false
159 silly fetch manifest @types/json-schema@^7.0.15
160 silly packumentCache full:https://registry.npmjs.org/@types%2fjson-schema cache-miss
161 http cache https://registry.npmjs.org/cross-spawn 49ms (cache hit)
162 silly packumentCache full:https://registry.npmjs.org/cross-spawn set size:109066 disposed:false
163 silly fetch manifest eslint-visitor-keys@^4.2.0
164 silly packumentCache full:https://registry.npmjs.org/eslint-visitor-keys cache-miss
165 http cache https://registry.npmjs.org/is-glob 50ms (cache hit)
166 silly packumentCache full:https://registry.npmjs.org/is-glob set size:40530 disposed:false
167 silly fetch manifest @eslint/config-array@^0.19.0
168 silly packumentCache full:https://registry.npmjs.org/@eslint%2fconfig-array cache-miss
169 http cache https://registry.npmjs.org/glob-parent 40ms (cache hit)
170 silly packumentCache full:https://registry.npmjs.org/glob-parent set size:42445 disposed:false
171 silly fetch manifest @humanwhocodes/retry@^0.4.1
172 silly packumentCache full:https://registry.npmjs.org/@humanwhocodes%2fretry cache-miss
173 http cache https://registry.npmjs.org/@humanfs%2fnode 30ms (cache hit)
174 silly packumentCache full:https://registry.npmjs.org/@humanfs%2fnode set size:41984 disposed:false
175 silly fetch manifest escape-string-regexp@^4.0.0
176 silly packumentCache full:https://registry.npmjs.org/escape-string-regexp cache-miss
177 http cache https://registry.npmjs.org/imurmurhash 40ms (cache hit)
178 silly packumentCache full:https://registry.npmjs.org/imurmurhash set size:35819 disposed:false
179 silly fetch manifest @eslint-community/regexpp@^4.12.1
180 silly packumentCache full:https://registry.npmjs.org/@eslint-community%2fregexpp cache-miss
181 http cache https://registry.npmjs.org/@types%2festree 30ms (cache hit)
182 silly packumentCache full:https://registry.npmjs.org/@types%2festree set size:76072 disposed:false
183 silly fetch manifest @eslint-community/eslint-utils@^4.2.0
184 silly packumentCache full:https://registry.npmjs.org/@eslint-community%2feslint-utils cache-miss
185 http cache https://registry.npmjs.org/natural-compare 24ms (cache hit)
186 silly packumentCache full:https://registry.npmjs.org/natural-compare set size:7852 disposed:false
187 silly fetch manifest @humanwhocodes/module-importer@^1.0.1
188 silly packumentCache full:https://registry.npmjs.org/@humanwhocodes%2fmodule-importer cache-miss
189 http cache https://registry.npmjs.org/fast-deep-equal 26ms (cache hit)
190 silly packumentCache full:https://registry.npmjs.org/fast-deep-equal set size:48634 disposed:false
191 silly fetch manifest json-stable-stringify-without-jsonify@^1.0.1
192 silly packumentCache full:https://registry.npmjs.org/json-stable-stringify-without-jsonify cache-miss
193 http cache https://registry.npmjs.org/file-entry-cache 23ms (cache hit)
194 silly packumentCache full:https://registry.npmjs.org/file-entry-cache set size:127681 disposed:false
195 silly fetch manifest eslint-plugin-react@^7.37.0
196 silly packumentCache full:https://registry.npmjs.org/eslint-plugin-react cache-miss
197 http cache https://registry.npmjs.org/lodash.merge 37ms (cache hit)
198 silly packumentCache full:https://registry.npmjs.org/lodash.merge set size:78575 disposed:false
199 silly fetch manifest eslint-plugin-import@^2.31.0
200 silly packumentCache full:https://registry.npmjs.org/eslint-plugin-import cache-miss
201 http cache https://registry.npmjs.org/eslint-scope 40ms (cache hit)
202 silly packumentCache full:https://registry.npmjs.org/eslint-scope set size:98867 disposed:false
203 silly fetch manifest eslint-plugin-jsx-a11y@^6.10.0
204 silly packumentCache full:https://registry.npmjs.org/eslint-plugin-jsx-a11y cache-miss
205 http cache https://registry.npmjs.org/@eslint%2fcore 45ms (cache hit)
206 silly packumentCache full:https://registry.npmjs.org/@eslint%2fcore set size:58023 disposed:false
207 silly fetch manifest @rushstack/eslint-patch@^1.10.3
208 silly packumentCache full:https://registry.npmjs.org/@rushstack%2feslint-patch cache-miss
209 http cache https://registry.npmjs.org/@eslint%2fplugin-kit 27ms (cache hit)
210 silly packumentCache full:https://registry.npmjs.org/@eslint%2fplugin-kit set size:79166 disposed:false
211 silly fetch manifest @next/eslint-plugin-next@15.1.6
212 silly packumentCache full:https://registry.npmjs.org/@next%2feslint-plugin-next cache-miss
213 http cache https://registry.npmjs.org/@eslint%2feslintrc 30ms (cache hit)
214 silly packumentCache full:https://registry.npmjs.org/@eslint%2feslintrc set size:174680 disposed:false
215 silly fetch manifest @typescript-eslint/parser@^5.4.2 || ^6.0.0 || ^7.0.0 || ^8.0.0
216 silly packumentCache full:https://registry.npmjs.org/@typescript-eslint%2fparser cache-miss
217 http cache https://registry.npmjs.org/@types%2fjson-schema 27ms (cache hit)
218 silly packumentCache full:https://registry.npmjs.org/@types%2fjson-schema set size:44704 disposed:false
219 silly fetch manifest eslint-plugin-react-hooks@^5.0.0
220 silly packumentCache full:https://registry.npmjs.org/eslint-plugin-react-hooks cache-miss
221 http cache https://registry.npmjs.org/@eslint%2fconfig-array 25ms (cache hit)
222 silly packumentCache full:https://registry.npmjs.org/@eslint%2fconfig-array set size:74140 disposed:false
223 silly fetch manifest eslint-import-resolver-node@^0.3.6
224 silly packumentCache full:https://registry.npmjs.org/eslint-import-resolver-node cache-miss
225 http cache https://registry.npmjs.org/eslint-visitor-keys 27ms (cache hit)
226 silly packumentCache full:https://registry.npmjs.org/eslint-visitor-keys set size:69949 disposed:false
227 silly fetch manifest @typescript-eslint/eslint-plugin@^5.4.2 || ^6.0.0 || ^7.0.0 || ^8.0.0
228 silly packumentCache full:https://registry.npmjs.org/@typescript-eslint%2feslint-plugin cache-miss
229 http cache https://registry.npmjs.org/@humanwhocodes%2fretry 26ms (cache hit)
230 silly packumentCache full:https://registry.npmjs.org/@humanwhocodes%2fretry set size:42348 disposed:false
231 silly fetch manifest eslint-import-resolver-typescript@^3.5.2
232 silly packumentCache full:https://registry.npmjs.org/eslint-import-resolver-typescript cache-miss
233 http cache https://registry.npmjs.org/@eslint-community%2fregexpp 25ms (cache hit)
234 silly packumentCache full:https://registry.npmjs.org/@eslint-community%2fregexpp set size:106609 disposed:false
235 silly fetch manifest busboy@1.6.0
236 silly packumentCache full:https://registry.npmjs.org/busboy cache-miss
237 http cache https://registry.npmjs.org/escape-string-regexp 27ms (cache hit)
238 silly packumentCache full:https://registry.npmjs.org/escape-string-regexp set size:22244 disposed:false
239 silly fetch manifest postcss@8.4.31
240 silly packumentCache full:https://registry.npmjs.org/postcss cache-miss
241 http cache https://registry.npmjs.org/json-stable-stringify-without-jsonify 25ms (cache hit)
242 silly packumentCache full:https://registry.npmjs.org/json-stable-stringify-without-jsonify set size:5808 disposed:false
243 silly fetch manifest @next/env@15.1.6
244 silly packumentCache full:https://registry.npmjs.org/@next%2fenv cache-miss
245 http cache https://registry.npmjs.org/@eslint-community%2feslint-utils 27ms (cache hit)
246 silly packumentCache full:https://registry.npmjs.org/@eslint-community%2feslint-utils set size:108339 disposed:false
247 silly fetch manifest styled-jsx@5.1.6
248 silly packumentCache full:https://registry.npmjs.org/styled-jsx cache-miss
249 http cache https://registry.npmjs.org/@humanwhocodes%2fmodule-importer 30ms (cache hit)
250 silly packumentCache full:https://registry.npmjs.org/@humanwhocodes%2fmodule-importer set size:9516 disposed:false
251 silly fetch manifest @swc/counter@0.1.3
252 silly packumentCache full:https://registry.npmjs.org/@swc%2fcounter cache-miss
253 http cache https://registry.npmjs.org/eslint-plugin-import 27ms (cache hit)
254 silly packumentCache full:https://registry.npmjs.org/eslint-plugin-import set size:484928 disposed:false
255 silly fetch manifest @swc/helpers@0.5.15
256 silly packumentCache full:https://registry.npmjs.org/@swc%2fhelpers cache-miss
257 http cache https://registry.npmjs.org/eslint-plugin-react 32ms (cache hit)
258 silly packumentCache full:https://registry.npmjs.org/eslint-plugin-react set size:646827 disposed:false
259 silly fetch manifest caniuse-lite@^1.0.30001579
260 silly packumentCache full:https://registry.npmjs.org/caniuse-lite cache-miss
261 http cache https://registry.npmjs.org/@rushstack%2feslint-patch 32ms (cache hit)
262 silly packumentCache full:https://registry.npmjs.org/@rushstack%2feslint-patch set size:114289 disposed:false
263 silly fetch manifest sharp@^0.33.5
264 silly packumentCache full:https://registry.npmjs.org/sharp cache-miss
265 http cache https://registry.npmjs.org/eslint-plugin-jsx-a11y 35ms (cache hit)
266 silly packumentCache full:https://registry.npmjs.org/eslint-plugin-jsx-a11y set size:280052 disposed:false
267 silly fetch manifest @next/swc-darwin-x64@15.1.6
268 silly packumentCache full:https://registry.npmjs.org/@next%2fswc-darwin-x64 cache-miss
269 http cache https://registry.npmjs.org/@next%2feslint-plugin-next 44ms (cache hit)
270 silly packumentCache full:https://registry.npmjs.org/@next%2feslint-plugin-next set size:7195972 disposed:false
271 silly fetch manifest @next/swc-darwin-arm64@15.1.6
272 silly packumentCache full:https://registry.npmjs.org/@next%2fswc-darwin-arm64 cache-miss
273 http cache https://registry.npmjs.org/eslint-plugin-react-hooks 79ms (cache hit)
274 silly packumentCache full:https://registry.npmjs.org/eslint-plugin-react-hooks set size:7824108 disposed:false
275 silly fetch manifest @next/swc-linux-x64-gnu@15.1.6
276 silly packumentCache full:https://registry.npmjs.org/@next%2fswc-linux-x64-gnu cache-miss
277 http cache https://registry.npmjs.org/@typescript-eslint%2fparser 121ms (cache hit)
278 silly packumentCache full:https://registry.npmjs.org/@typescript-eslint%2fparser set size:15871455 disposed:false
279 silly fetch manifest @next/swc-linux-x64-musl@15.1.6
280 silly packumentCache full:https://registry.npmjs.org/@next%2fswc-linux-x64-musl cache-miss
281 http cache https://registry.npmjs.org/@typescript-eslint%2feslint-plugin 179ms (cache hit)
282 silly packumentCache full:https://registry.npmjs.org/@typescript-eslint%2feslint-plugin set size:18878172 disposed:false
283 silly fetch manifest @next/swc-win32-x64-msvc@15.1.6
284 silly packumentCache full:https://registry.npmjs.org/@next%2fswc-win32-x64-msvc cache-miss
285 http cache https://registry.npmjs.org/eslint-import-resolver-node 253ms (cache hit)
286 silly packumentCache full:https://registry.npmjs.org/eslint-import-resolver-node set size:39118 disposed:false
287 silly fetch manifest @next/swc-linux-arm64-gnu@15.1.6
288 silly packumentCache full:https://registry.npmjs.org/@next%2fswc-linux-arm64-gnu cache-miss
289 http cache https://registry.npmjs.org/eslint-import-resolver-typescript 252ms (cache hit)
290 silly packumentCache full:https://registry.npmjs.org/eslint-import-resolver-typescript set size:337167 disposed:false
291 silly fetch manifest @next/swc-linux-arm64-musl@15.1.6
292 silly packumentCache full:https://registry.npmjs.org/@next%2fswc-linux-arm64-musl cache-miss
293 http cache https://registry.npmjs.org/busboy 255ms (cache hit)
294 silly packumentCache full:https://registry.npmjs.org/busboy set size:78901 disposed:false
295 silly fetch manifest @next/swc-win32-arm64-msvc@15.1.6
296 silly packumentCache full:https://registry.npmjs.org/@next%2fswc-win32-arm64-msvc cache-miss
297 http cache https://registry.npmjs.org/@swc%2fcounter 251ms (cache hit)
298 silly packumentCache full:https://registry.npmjs.org/@swc%2fcounter set size:7199 disposed:false
299 silly fetch manifest scheduler@^0.25.0
300 silly packumentCache full:https://registry.npmjs.org/scheduler cache-miss
301 http cache https://registry.npmjs.org/postcss 257ms (cache hit)
302 silly packumentCache full:https://registry.npmjs.org/postcss set size:766699 disposed:false
303 http cache https://registry.npmjs.org/@next%2fenv 268ms (cache hit)
304 silly packumentCache full:https://registry.npmjs.org/@next%2fenv set size:7692855 disposed:false
305 http cache https://registry.npmjs.org/styled-jsx 290ms (cache hit)
306 silly packumentCache full:https://registry.npmjs.org/styled-jsx set size:436113 disposed:false
307 http cache https://registry.npmjs.org/@swc%2fhelpers 288ms (cache hit)
308 silly packumentCache full:https://registry.npmjs.org/@swc%2fhelpers set size:775458 disposed:false
309 http cache https://registry.npmjs.org/caniuse-lite 292ms (cache hit)
310 silly packumentCache full:https://registry.npmjs.org/caniuse-lite set size:2313344 disposed:false
311 http cache https://registry.npmjs.org/@next%2fswc-darwin-x64 298ms (cache hit)
312 silly packumentCache full:https://registry.npmjs.org/@next%2fswc-darwin-x64 set size:5576425 disposed:false
313 http cache https://registry.npmjs.org/@next%2fswc-linux-x64-gnu 248ms (cache hit)
314 silly packumentCache full:https://registry.npmjs.org/@next%2fswc-linux-x64-gnu set size:5691188 disposed:false
315 http cache https://registry.npmjs.org/sharp 349ms (cache hit)
316 silly packumentCache full:https://registry.npmjs.org/sharp set size:1221057 disposed:false
317 http cache https://registry.npmjs.org/@next%2fswc-darwin-arm64 321ms (cache hit)
318 silly packumentCache full:https://registry.npmjs.org/@next%2fswc-darwin-arm64 set size:5637118 disposed:false
319 http cache https://registry.npmjs.org/@next%2fswc-linux-x64-musl 249ms (cache hit)
320 silly packumentCache full:https://registry.npmjs.org/@next%2fswc-linux-x64-musl set size:5446789 disposed:false
321 http cache https://registry.npmjs.org/@next%2fswc-win32-x64-msvc 177ms (cache hit)
322 silly packumentCache full:https://registry.npmjs.org/@next%2fswc-win32-x64-msvc set size:5661615 disposed:false
323 http cache https://registry.npmjs.org/@next%2fswc-linux-arm64-gnu 198ms (cache hit)
324 silly packumentCache full:https://registry.npmjs.org/@next%2fswc-linux-arm64-gnu set size:5496310 disposed:false
325 http cache https://registry.npmjs.org/@next%2fswc-win32-arm64-msvc 207ms (cache hit)
326 silly packumentCache full:https://registry.npmjs.org/@next%2fswc-win32-arm64-msvc set size:5477334 disposed:false
327 http cache https://registry.npmjs.org/scheduler 229ms (cache hit)
328 silly packumentCache full:https://registry.npmjs.org/scheduler set size:5776266 disposed:false
329 http cache https://registry.npmjs.org/@next%2fswc-linux-arm64-musl 267ms (cache hit)
330 silly packumentCache full:https://registry.npmjs.org/@next%2fswc-linux-arm64-musl set size:5516025 disposed:false
331 silly placeDep ROOT undici-types@6.20.0 OK for: @types/node@22.13.4 want: ~6.20.0
332 silly placeDep ROOT csstype@3.2.3 OK for: @types/react@19.0.8 want: ^3.0.2
333 silly fetch manifest eslint@^6.0.0 || ^7.0.0 || >=8.0.0
334 silly packumentCache full:https://registry.npmjs.org/eslint cache-miss
335 http cache https://registry.npmjs.org/eslint 6ms (cache hit)
336 silly packumentCache full:https://registry.npmjs.org/eslint set size:2085131 disposed:false
337 silly placeDep ROOT @eslint-community/eslint-utils@4.10.1 OK for: eslint@9.19.0 want: ^4.2.0
338 silly placeDep ROOT @eslint-community/regexpp@4.12.2 OK for: eslint@9.19.0 want: ^4.12.1
339 silly placeDep ROOT @eslint/config-array@0.19.2 OK for: eslint@9.19.0 want: ^0.19.0
340 silly placeDep ROOT @eslint/core@0.10.0 OK for: eslint@9.19.0 want: ^0.10.0
341 silly placeDep ROOT @eslint/eslintrc@3.3.7 OK for: eslint@9.19.0 want: ^3.2.0
342 silly placeDep ROOT @eslint/js@9.19.0 OK for: eslint@9.19.0 want: 9.19.0
343 silly placeDep ROOT @eslint/plugin-kit@0.2.8 OK for: eslint@9.19.0 want: ^0.2.5
344 silly placeDep ROOT @humanfs/node@0.16.8 OK for: eslint@9.19.0 want: ^0.16.6
345 silly placeDep ROOT @humanwhocodes/module-importer@1.0.1 OK for: eslint@9.19.0 want: ^1.0.1
346 silly placeDep ROOT @humanwhocodes/retry@0.4.3 OK for: eslint@9.19.0 want: ^0.4.1
347 silly placeDep ROOT @types/estree@1.0.9 OK for: eslint@9.19.0 want: ^1.0.6
348 silly placeDep ROOT @types/json-schema@7.0.15 OK for: eslint@9.19.0 want: ^7.0.15
349 silly placeDep ROOT ajv@6.15.0 OK for: eslint@9.19.0 want: ^6.12.4
350 silly placeDep ROOT chalk@4.1.2 OK for: eslint@9.19.0 want: ^4.0.0
351 silly placeDep ROOT cross-spawn@7.0.6 OK for: eslint@9.19.0 want: ^7.0.6
352 silly placeDep ROOT debug@4.4.3 OK for: eslint@9.19.0 want: ^4.3.2
353 silly placeDep ROOT escape-string-regexp@4.0.0 OK for: eslint@9.19.0 want: ^4.0.0
354 silly placeDep ROOT eslint-scope@8.4.0 OK for: eslint@9.19.0 want: ^8.2.0
355 silly placeDep ROOT eslint-visitor-keys@4.2.1 OK for: eslint@9.19.0 want: ^4.2.0
356 silly placeDep ROOT espree@10.4.0 OK for: eslint@9.19.0 want: ^10.3.0
357 silly placeDep ROOT esquery@1.7.0 OK for: eslint@9.19.0 want: ^1.5.0
358 silly placeDep ROOT esutils@2.0.3 OK for: eslint@9.19.0 want: ^2.0.2
359 silly placeDep ROOT fast-deep-equal@3.1.3 OK for: eslint@9.19.0 want: ^3.1.3
360 silly placeDep ROOT file-entry-cache@8.0.0 OK for: eslint@9.19.0 want: ^8.0.0
361 silly placeDep ROOT find-up@5.0.0 OK for: eslint@9.19.0 want: ^5.0.0
362 silly placeDep ROOT glob-parent@6.0.2 OK for: eslint@9.19.0 want: ^6.0.2
363 silly placeDep ROOT ignore@5.3.2 OK for: eslint@9.19.0 want: ^5.2.0
364 silly placeDep ROOT imurmurhash@0.1.4 OK for: eslint@9.19.0 want: ^0.1.4
365 silly placeDep ROOT is-glob@4.0.3 OK for: eslint@9.19.0 want: ^4.0.0
366 silly placeDep ROOT json-stable-stringify-without-jsonify@1.0.1 OK for: eslint@9.19.0 want: ^1.0.1
367 silly placeDep ROOT lodash.merge@4.6.2 OK for: eslint@9.19.0 want: ^4.6.2
368 silly placeDep ROOT minimatch@3.1.5 OK for: eslint@9.19.0 want: ^3.1.2
369 silly placeDep ROOT natural-compare@1.4.0 OK for: eslint@9.19.0 want: ^1.4.0
370 silly placeDep ROOT optionator@0.9.4 OK for: eslint@9.19.0 want: ^0.9.3
371 silly fetch manifest eslint-visitor-keys@^3.4.3
372 silly packumentCache full:https://registry.npmjs.org/eslint-visitor-keys cache-hit
373 silly fetch manifest debug@^4.3.1
374 silly packumentCache full:https://registry.npmjs.org/debug cache-hit
375 silly fetch manifest @eslint/object-schema@^2.1.6
376 silly packumentCache full:https://registry.npmjs.org/@eslint%2fobject-schema cache-miss
377 silly fetch manifest ajv@^6.14.0
378 silly packumentCache full:https://registry.npmjs.org/ajv cache-miss
379 silly fetch manifest espree@^10.0.1
380 silly packumentCache full:https://registry.npmjs.org/espree cache-hit
381 silly fetch manifest globals@^14.0.0
382 silly packumentCache full:https://registry.npmjs.org/globals cache-miss
383 silly fetch manifest js-yaml@^4.3.2
384 silly packumentCache full:https://registry.npmjs.org/js-yaml cache-miss
385 silly fetch manifest minimatch@^3.1.5
386 silly packumentCache full:https://registry.npmjs.org/minimatch cache-hit
387 silly fetch manifest import-fresh@^3.2.1
388 silly packumentCache full:https://registry.npmjs.org/import-fresh cache-miss
389 silly fetch manifest strip-json-comments@^3.1.1
390 silly packumentCache full:https://registry.npmjs.org/strip-json-comments cache-miss
391 silly fetch manifest levn@^0.4.1
392 silly packumentCache full:https://registry.npmjs.org/levn cache-miss
393 silly fetch manifest @eslint/core@^0.13.0
394 silly packumentCache full:https://registry.npmjs.org/@eslint%2fcore cache-hit
395 silly fetch manifest @humanfs/core@^0.19.2
396 silly packumentCache full:https://registry.npmjs.org/@humanfs%2fcore cache-miss
397 silly fetch manifest @humanfs/types@^0.15.0
398 silly packumentCache full:https://registry.npmjs.org/@humanfs%2ftypes cache-miss
399 silly fetch manifest @humanwhocodes/retry@^0.4.0
400 silly packumentCache full:https://registry.npmjs.org/@humanwhocodes%2fretry cache-hit
401 silly fetch manifest uri-js@^4.2.2
402 silly packumentCache full:https://registry.npmjs.org/uri-js cache-miss
403 silly fetch manifest fast-deep-equal@^3.1.1
404 silly packumentCache full:https://registry.npmjs.org/fast-deep-equal cache-hit
405 silly fetch manifest json-schema-traverse@^0.4.1
406 silly packumentCache full:https://registry.npmjs.org/json-schema-traverse cache-miss
407 silly fetch manifest fast-json-stable-stringify@^2.0.0
408 silly packumentCache full:https://registry.npmjs.org/fast-json-stable-stringify cache-miss
409 silly fetch manifest ansi-styles@^4.1.0
410 silly packumentCache full:https://registry.npmjs.org/ansi-styles cache-miss
411 silly fetch manifest supports-color@^7.1.0
412 silly packumentCache full:https://registry.npmjs.org/supports-color cache-miss
413 silly fetch manifest which@^2.0.1
414 silly packumentCache full:https://registry.npmjs.org/which cache-miss
415 http cache https://registry.npmjs.org/import-fresh 13ms (cache hit)
416 silly packumentCache full:https://registry.npmjs.org/import-fresh set size:24604 disposed:false
417 silly fetch manifest path-key@^3.1.0
418 silly packumentCache full:https://registry.npmjs.org/path-key cache-miss
419 http cache https://registry.npmjs.org/@humanfs%2fcore 14ms (cache hit)
420 silly packumentCache full:https://registry.npmjs.org/@humanfs%2fcore set size:39480 disposed:false
421 silly fetch manifest shebang-command@^2.0.0
422 silly packumentCache full:https://registry.npmjs.org/shebang-command cache-miss
423 http cache https://registry.npmjs.org/levn 15ms (cache hit)
424 silly packumentCache full:https://registry.npmjs.org/levn set size:28223 disposed:false
425 silly fetch manifest ms@^2.1.3
426 silly packumentCache full:https://registry.npmjs.org/ms cache-miss
427 http cache https://registry.npmjs.org/js-yaml 17ms (cache hit)
428 silly packumentCache full:https://registry.npmjs.org/js-yaml set size:198692 disposed:false
429 silly fetch manifest esrecurse@^4.3.0
430 silly packumentCache full:https://registry.npmjs.org/esrecurse cache-miss
431 http cache https://registry.npmjs.org/@eslint%2fobject-schema 19ms (cache hit)
432 silly packumentCache full:https://registry.npmjs.org/@eslint%2fobject-schema set size:38535 disposed:false
433 silly fetch manifest estraverse@^5.2.0
434 silly packumentCache full:https://registry.npmjs.org/estraverse cache-miss
435 http cache https://registry.npmjs.org/@humanfs%2ftypes 18ms (cache hit)
436 silly packumentCache full:https://registry.npmjs.org/@humanfs%2ftypes set size:21303 disposed:false
437 silly fetch manifest acorn@^8.15.0
438 silly packumentCache full:https://registry.npmjs.org/acorn cache-miss
439 http cache https://registry.npmjs.org/supports-color 17ms (cache hit)
440 silly packumentCache full:https://registry.npmjs.org/supports-color set size:124169 disposed:false
441 silly fetch manifest acorn-jsx@^5.3.2
442 silly packumentCache full:https://registry.npmjs.org/acorn-jsx cache-miss
443 http cache https://registry.npmjs.org/ansi-styles 18ms (cache hit)
444 silly packumentCache full:https://registry.npmjs.org/ansi-styles set size:71772 disposed:false
445 silly fetch manifest estraverse@^5.1.0
446 silly packumentCache full:https://registry.npmjs.org/estraverse cache-miss
447 http cache https://registry.npmjs.org/ajv 24ms (cache hit)
448 silly packumentCache full:https://registry.npmjs.org/ajv set size:1142658 disposed:false
449 silly fetch manifest flat-cache@^4.0.0
450 silly packumentCache full:https://registry.npmjs.org/flat-cache cache-miss
451 http cache https://registry.npmjs.org/globals 29ms (cache hit)
452 silly packumentCache full:https://registry.npmjs.org/globals set size:338968 disposed:false
453 silly fetch manifest locate-path@^6.0.0
454 silly packumentCache full:https://registry.npmjs.org/locate-path cache-miss
455 http cache https://registry.npmjs.org/uri-js 29ms (cache hit)
456 silly packumentCache full:https://registry.npmjs.org/uri-js set size:42559 disposed:false
457 silly fetch manifest path-exists@^4.0.0
458 silly packumentCache full:https://registry.npmjs.org/path-exists cache-miss
459 http cache https://registry.npmjs.org/fast-json-stable-stringify 30ms (cache hit)
460 silly packumentCache full:https://registry.npmjs.org/fast-json-stable-stringify set size:11337 disposed:false
461 silly fetch manifest is-glob@^4.0.3
462 silly packumentCache full:https://registry.npmjs.org/is-glob cache-hit
463 silly fetch manifest is-extglob@^2.1.1
464 silly packumentCache full:https://registry.npmjs.org/is-extglob cache-miss
465 http cache https://registry.npmjs.org/strip-json-comments 34ms (cache hit)
466 silly packumentCache full:https://registry.npmjs.org/strip-json-comments set size:43569 disposed:false
467 silly fetch manifest brace-expansion@^1.1.7
468 silly packumentCache full:https://registry.npmjs.org/brace-expansion cache-miss
469 http cache https://registry.npmjs.org/json-schema-traverse 32ms (cache hit)
470 silly packumentCache full:https://registry.npmjs.org/json-schema-traverse set size:23537 disposed:false
471 silly fetch manifest prelude-ls@^1.2.1
472 silly packumentCache full:https://registry.npmjs.org/prelude-ls cache-miss
473 http cache https://registry.npmjs.org/which 32ms (cache hit)
474 silly packumentCache full:https://registry.npmjs.org/which set size:70147 disposed:false
475 silly fetch manifest deep-is@^0.1.3
476 silly packumentCache full:https://registry.npmjs.org/deep-is cache-miss
477 http cache https://registry.npmjs.org/esrecurse 27ms (cache hit)
478 silly packumentCache full:https://registry.npmjs.org/esrecurse set size:29005 disposed:false
479 silly fetch manifest word-wrap@^1.2.5
480 silly packumentCache full:https://registry.npmjs.org/word-wrap cache-miss
481 http cache https://registry.npmjs.org/shebang-command 31ms (cache hit)
482 silly packumentCache full:https://registry.npmjs.org/shebang-command set size:8525 disposed:false
483 silly fetch manifest type-check@^0.4.0
484 silly packumentCache full:https://registry.npmjs.org/type-check cache-miss
485 http cache https://registry.npmjs.org/acorn-jsx 26ms (cache hit)
486 silly packumentCache full:https://registry.npmjs.org/acorn-jsx set size:71068 disposed:false
487 silly fetch manifest fast-levenshtein@^2.0.6
488 silly packumentCache full:https://registry.npmjs.org/fast-levenshtein cache-miss
489 http cache https://registry.npmjs.org/ms 32ms (cache hit)
490 silly packumentCache full:https://registry.npmjs.org/ms set size:92208 disposed:false
491 http cache https://registry.npmjs.org/acorn 31ms (cache hit)
492 silly packumentCache full:https://registry.npmjs.org/acorn set size:383439 disposed:false
493 http cache https://registry.npmjs.org/path-key 38ms (cache hit)
494 silly packumentCache full:https://registry.npmjs.org/path-key set size:16975 disposed:false
495 http cache https://registry.npmjs.org/locate-path 23ms (cache hit)
496 silly packumentCache full:https://registry.npmjs.org/locate-path set size:31329 disposed:false
497 http cache https://registry.npmjs.org/estraverse 34ms (cache hit)
498 silly packumentCache full:https://registry.npmjs.org/estraverse set size:62412 disposed:false
499 http cache https://registry.npmjs.org/path-exists 22ms (cache hit)
500 silly packumentCache full:https://registry.npmjs.org/path-exists set size:13704 disposed:false
501 http cache https://registry.npmjs.org/estraverse 34ms (cache hit)
502 silly packumentCache full:https://registry.npmjs.org/estraverse set size:62412 disposed:false
503 silly packumentCache full:https://registry.npmjs.org/estraverse dispose
504 http cache https://registry.npmjs.org/is-extglob 22ms (cache hit)
505 silly packumentCache full:https://registry.npmjs.org/is-extglob set size:11766 disposed:false
506 http cache https://registry.npmjs.org/flat-cache 29ms (cache hit)
507 silly packumentCache full:https://registry.npmjs.org/flat-cache set size:160097 disposed:false
508 http cache https://registry.npmjs.org/prelude-ls 22ms (cache hit)
509 silly packumentCache full:https://registry.npmjs.org/prelude-ls set size:25777 disposed:false
510 http cache https://registry.npmjs.org/deep-is 22ms (cache hit)
511 silly packumentCache full:https://registry.npmjs.org/deep-is set size:10205 disposed:false
512 http cache https://registry.npmjs.org/brace-expansion 24ms (cache hit)
513 silly packumentCache full:https://registry.npmjs.org/brace-expansion set size:128514 disposed:false
514 http cache https://registry.npmjs.org/word-wrap 17ms (cache hit)
515 silly packumentCache full:https://registry.npmjs.org/word-wrap set size:37835 disposed:false
516 http cache https://registry.npmjs.org/fast-levenshtein 16ms (cache hit)
517 silly packumentCache full:https://registry.npmjs.org/fast-levenshtein set size:39317 disposed:false
518 http cache https://registry.npmjs.org/type-check 18ms (cache hit)
519 silly packumentCache full:https://registry.npmjs.org/type-check set size:21221 disposed:false
520 silly placeDep node_modules/@eslint-community/eslint-utils eslint-visitor-keys@3.4.3 OK for: @eslint-community/eslint-utils@4.10.1 want: ^3.4.3
521 silly placeDep ROOT @eslint/object-schema@2.1.7 OK for: @eslint/config-array@0.19.2 want: ^2.1.6
522 silly placeDep ROOT globals@14.0.0 OK for: @eslint/eslintrc@3.3.7 want: ^14.0.0
523 silly placeDep ROOT import-fresh@3.3.1 OK for: @eslint/eslintrc@3.3.7 want: ^3.2.1
524 silly placeDep ROOT js-yaml@4.3.2 OK for: @eslint/eslintrc@3.3.7 want: ^4.3.2
525 silly placeDep ROOT strip-json-comments@3.1.1 OK for: @eslint/eslintrc@3.3.7 want: ^3.1.1
526 silly fetch manifest resolve-from@^4.0.0
527 silly packumentCache full:https://registry.npmjs.org/resolve-from cache-miss
528 silly fetch manifest parent-module@^1.0.0
529 silly packumentCache full:https://registry.npmjs.org/parent-module cache-miss
530 silly fetch manifest argparse@^2.0.1
531 silly packumentCache full:https://registry.npmjs.org/argparse cache-miss
532 http cache https://registry.npmjs.org/resolve-from 3ms (cache hit)
533 silly packumentCache full:https://registry.npmjs.org/resolve-from set size:12911 disposed:false
534 http cache https://registry.npmjs.org/argparse 4ms (cache hit)
535 silly packumentCache full:https://registry.npmjs.org/argparse set size:55000 disposed:false
536 http cache https://registry.npmjs.org/parent-module 4ms (cache hit)
537 silly packumentCache full:https://registry.npmjs.org/parent-module set size:18255 disposed:false
538 silly placeDep node_modules/@eslint/plugin-kit @eslint/core@0.13.0 OK for: @eslint/plugin-kit@0.2.8 want: ^0.13.0
539 silly placeDep ROOT levn@0.4.1 OK for: @eslint/plugin-kit@0.2.8 want: ^0.4.1
540 silly fetch manifest type-check@~0.4.0
541 silly packumentCache full:https://registry.npmjs.org/type-check cache-hit
542 silly placeDep ROOT @humanfs/core@0.19.2 OK for: @humanfs/node@0.16.8 want: ^0.19.2
543 silly placeDep ROOT @humanfs/types@0.15.0 OK for: @humanfs/node@0.16.8 want: ^0.15.0
544 silly placeDep ROOT fast-json-stable-stringify@2.1.0 OK for: ajv@6.15.0 want: ^2.0.0
545 silly placeDep ROOT json-schema-traverse@0.4.1 OK for: ajv@6.15.0 want: ^0.4.1
546 silly placeDep ROOT uri-js@4.4.1 OK for: ajv@6.15.0 want: ^4.2.2
547 silly fetch manifest punycode@^2.1.0
548 silly packumentCache full:https://registry.npmjs.org/punycode cache-miss
549 http cache https://registry.npmjs.org/punycode 3ms (cache hit)
550 silly packumentCache full:https://registry.npmjs.org/punycode set size:61278 disposed:false
551 silly placeDep ROOT ansi-styles@4.3.0 OK for: chalk@4.1.2 want: ^4.1.0
552 silly placeDep ROOT supports-color@7.2.0 OK for: chalk@4.1.2 want: ^7.1.0
553 silly fetch manifest color-convert@^2.0.1
554 silly packumentCache full:https://registry.npmjs.org/color-convert cache-miss
555 silly fetch manifest has-flag@^4.0.0
556 silly packumentCache full:https://registry.npmjs.org/has-flag cache-miss
557 http cache https://registry.npmjs.org/has-flag 3ms (cache hit)
558 silly packumentCache full:https://registry.npmjs.org/has-flag set size:15180 disposed:false
559 http cache https://registry.npmjs.org/color-convert 4ms (cache hit)
560 silly packumentCache full:https://registry.npmjs.org/color-convert set size:72663 disposed:false
561 silly placeDep ROOT color-convert@2.0.1 OK for: ansi-styles@4.3.0 want: ^2.0.1
562 silly fetch manifest color-name@~1.1.4
563 silly packumentCache full:https://registry.npmjs.org/color-name cache-miss
564 http cache https://registry.npmjs.org/color-name 2ms (cache hit)
565 silly packumentCache full:https://registry.npmjs.org/color-name set size:20968 disposed:false
566 silly placeDep ROOT color-name@1.1.4 OK for: color-convert@2.0.1 want: ~1.1.4
567 silly placeDep ROOT path-key@3.1.1 OK for: cross-spawn@7.0.6 want: ^3.1.0
568 silly placeDep ROOT shebang-command@2.0.0 OK for: cross-spawn@7.0.6 want: ^2.0.0
569 silly placeDep ROOT which@2.0.2 OK for: cross-spawn@7.0.6 want: ^2.0.1
570 silly fetch manifest shebang-regex@^3.0.0
571 silly packumentCache full:https://registry.npmjs.org/shebang-regex cache-miss
572 silly fetch manifest isexe@^2.0.0
573 silly packumentCache full:https://registry.npmjs.org/isexe cache-miss
574 http cache https://registry.npmjs.org/shebang-regex 3ms (cache hit)
575 silly packumentCache full:https://registry.npmjs.org/shebang-regex set size:9763 disposed:false
576 http cache https://registry.npmjs.org/isexe 3ms (cache hit)
577 silly packumentCache full:https://registry.npmjs.org/isexe set size:31756 disposed:false
578 silly placeDep ROOT ms@2.1.3 OK for: debug@4.4.3 want: ^2.1.3
579 silly fetch manifest eslint@^7.23.0 || ^8.0.0 || ^9.0.0
580 silly packumentCache full:https://registry.npmjs.org/eslint cache-miss
581 http cache https://registry.npmjs.org/eslint 5ms (cache hit)
582 silly packumentCache full:https://registry.npmjs.org/eslint set size:2085131 disposed:false
583 silly fetch manifest typescript@>=3.3.1
584 silly packumentCache full:https://registry.npmjs.org/typescript cache-miss
585 http cache https://registry.npmjs.org/typescript 28ms (cache hit)
586 silly packumentCache full:https://registry.npmjs.org/typescript set size:15693959 disposed:false
587 silly fetch manifest typescript@>=4.8.4 <6.1.0
588 silly packumentCache full:https://registry.npmjs.org/typescript cache-miss
589 http cache https://registry.npmjs.org/typescript 33ms (cache hit)
590 silly packumentCache full:https://registry.npmjs.org/typescript set size:15693959 disposed:false
591 silly fetch manifest eslint-plugin-import-x@*
592 silly packumentCache full:https://registry.npmjs.org/eslint-plugin-import-x cache-miss
593 http cache https://registry.npmjs.org/eslint-plugin-import-x 5ms (cache hit)
594 silly packumentCache full:https://registry.npmjs.org/eslint-plugin-import-x set size:276235 disposed:false
595 silly fetch manifest @typescript-eslint/utils@^8.56.0
596 silly packumentCache full:https://registry.npmjs.org/@typescript-eslint%2futils cache-miss
597 http cache https://registry.npmjs.org/@typescript-eslint%2futils 19ms (cache hit)
598 silly packumentCache full:https://registry.npmjs.org/@typescript-eslint%2futils set size:10927622 disposed:false
599 silly placeDep ROOT @next/eslint-plugin-next@15.1.6 OK for: eslint-config-next@15.1.6 want: 15.1.6
600 silly placeDep ROOT @rushstack/eslint-patch@1.16.1 OK for: eslint-config-next@15.1.6 want: ^1.10.3
601 silly placeDep ROOT @typescript-eslint/eslint-plugin@8.70.0 OK for: eslint-config-next@15.1.6 want: ^5.4.2 || ^6.0.0 || ^7.0.0 || ^8.0.0
602 silly placeDep ROOT @typescript-eslint/parser@8.70.0 OK for: @typescript-eslint/eslint-plugin@8.70.0 want: ^8.70.0
603 silly placeDep ROOT eslint-import-resolver-node@0.3.10 OK for: eslint-config-next@15.1.6 want: ^0.3.6
604 silly placeDep ROOT eslint-import-resolver-typescript@3.10.1 OK for: eslint-config-next@15.1.6 want: ^3.5.2
605 silly placeDep node_modules/eslint-config-next eslint-plugin-import@2.32.0 OK for: eslint-config-next@15.1.6 want: ^2.31.0
606 silly placeDep ROOT eslint-plugin-jsx-a11y@6.10.2 OK for: eslint-config-next@15.1.6 want: ^6.10.0
607 silly placeDep node_modules/eslint-config-next eslint-plugin-react@7.37.5 OK for: eslint-config-next@15.1.6 want: ^7.37.0
608 silly placeDep ROOT eslint-plugin-react-hooks@5.2.0 OK for: eslint-config-next@15.1.6 want: ^5.0.0
609 silly fetch manifest fast-glob@3.3.1
610 silly packumentCache full:https://registry.npmjs.org/fast-glob cache-miss
611 silly fetch manifest ignore@^7.0.5
612 silly packumentCache full:https://registry.npmjs.org/ignore cache-hit
613 silly fetch manifest ts-api-utils@^2.5.0
614 silly packumentCache full:https://registry.npmjs.org/ts-api-utils cache-miss
615 silly fetch manifest @typescript-eslint/utils@8.70.0
616 silly packumentCache full:https://registry.npmjs.org/@typescript-eslint%2futils cache-miss
617 silly fetch manifest @typescript-eslint/type-utils@8.70.0
618 silly packumentCache full:https://registry.npmjs.org/@typescript-eslint%2ftype-utils cache-miss
619 silly fetch manifest @typescript-eslint/visitor-keys@8.70.0
620 silly packumentCache full:https://registry.npmjs.org/@typescript-eslint%2fvisitor-keys cache-miss
621 silly fetch manifest @typescript-eslint/scope-manager@8.70.0
622 silly packumentCache full:https://registry.npmjs.org/@typescript-eslint%2fscope-manager cache-miss
623 silly fetch manifest @typescript-eslint/types@8.70.0
624 silly packumentCache full:https://registry.npmjs.org/@typescript-eslint%2ftypes cache-miss
625 silly fetch manifest @typescript-eslint/visitor-keys@8.70.0
626 silly packumentCache full:https://registry.npmjs.org/@typescript-eslint%2fvisitor-keys cache-miss
627 silly fetch manifest @typescript-eslint/scope-manager@8.70.0
628 silly packumentCache full:https://registry.npmjs.org/@typescript-eslint%2fscope-manager cache-miss
629 silly fetch manifest @typescript-eslint/typescript-estree@8.70.0
630 silly packumentCache full:https://registry.npmjs.org/@typescript-eslint%2ftypescript-estree cache-miss
631 silly fetch manifest debug@^3.2.7
632 silly packumentCache full:https://registry.npmjs.org/debug cache-hit
633 silly fetch manifest resolve@^2.0.0-next.6
634 silly packumentCache full:https://registry.npmjs.org/resolve cache-miss
635 silly fetch manifest is-core-module@^2.16.1
636 silly packumentCache full:https://registry.npmjs.org/is-core-module cache-miss
637 silly fetch manifest tinyglobby@^0.2.13
638 silly packumentCache full:https://registry.npmjs.org/tinyglobby cache-miss
639 silly fetch manifest stable-hash@^0.0.5
640 silly packumentCache full:https://registry.npmjs.org/stable-hash cache-miss
641 silly fetch manifest get-tsconfig@^4.10.0
642 silly packumentCache full:https://registry.npmjs.org/get-tsconfig cache-miss
643 http cache https://registry.npmjs.org/fast-glob 22ms (cache hit)
644 silly packumentCache full:https://registry.npmjs.org/fast-glob set size:220556 disposed:false
645 silly fetch manifest is-bun-module@^2.0.0
646 silly packumentCache full:https://registry.npmjs.org/is-bun-module cache-miss
647 http cache https://registry.npmjs.org/ts-api-utils 23ms (cache hit)
648 silly packumentCache full:https://registry.npmjs.org/ts-api-utils set size:226785 disposed:false
649 silly fetch manifest unrs-resolver@^1.6.2
650 silly packumentCache full:https://registry.npmjs.org/unrs-resolver cache-miss
651 http cache https://registry.npmjs.org/@typescript-eslint%2futils 39ms (cache hit)
652 silly packumentCache full:https://registry.npmjs.org/@typescript-eslint%2futils set size:10927622 disposed:false
653 silly fetch manifest @nolyfill/is-core-module@1.0.39
654 silly packumentCache full:https://registry.npmjs.org/@nolyfill%2fis-core-module cache-miss
655 http cache https://registry.npmjs.org/@typescript-eslint%2ftypes 81ms (cache hit)
656 silly packumentCache full:https://registry.npmjs.org/@typescript-eslint%2ftypes set size:12950666 disposed:false
657 silly fetch manifest @rtsao/scc@^1.1.0
658 silly packumentCache full:https://registry.npmjs.org/@rtsao%2fscc cache-miss
659 http cache https://registry.npmjs.org/resolve 115ms (cache hit)
660 silly packumentCache full:https://registry.npmjs.org/resolve set size:244568 disposed:false
661 silly fetch manifest array-includes@^3.1.9
662 silly packumentCache full:https://registry.npmjs.org/array-includes cache-miss
663 http cache https://registry.npmjs.org/@typescript-eslint%2fscope-manager 132ms (cache hit)
664 silly packumentCache full:https://registry.npmjs.org/@typescript-eslint%2fscope-manager set size:13127853 disposed:false
665 silly fetch manifest array.prototype.findlastindex@^1.2.6
666 silly packumentCache full:https://registry.npmjs.org/array.prototype.findlastindex cache-miss
667 http cache https://registry.npmjs.org/tinyglobby 164ms (cache hit)
668 silly packumentCache full:https://registry.npmjs.org/tinyglobby set size:54291 disposed:false
669 silly fetch manifest array.prototype.flat@^1.3.3
670 silly packumentCache full:https://registry.npmjs.org/array.prototype.flat cache-miss
671 http cache https://registry.npmjs.org/is-core-module 165ms (cache hit)
672 silly packumentCache full:https://registry.npmjs.org/is-core-module set size:78502 disposed:false
673 silly fetch manifest array.prototype.flatmap@^1.3.3
674 silly packumentCache full:https://registry.npmjs.org/array.prototype.flatmap cache-miss
675 http cache https://registry.npmjs.org/@typescript-eslint%2ftypescript-estree 184ms (cache hit)
676 silly packumentCache full:https://registry.npmjs.org/@typescript-eslint%2ftypescript-estree set size:17143474 disposed:false
677 silly fetch manifest doctrine@^2.1.0
678 silly packumentCache full:https://registry.npmjs.org/doctrine cache-miss
679 http cache https://registry.npmjs.org/@typescript-eslint%2ftype-utils 257ms (cache hit)
680 silly packumentCache full:https://registry.npmjs.org/@typescript-eslint%2ftype-utils set size:10000154 disposed:false
681 silly fetch manifest eslint-module-utils@^2.12.1
682 silly packumentCache full:https://registry.npmjs.org/eslint-module-utils cache-miss
683 http cache https://registry.npmjs.org/@typescript-eslint%2fvisitor-keys 294ms (cache hit)
684 silly packumentCache full:https://registry.npmjs.org/@typescript-eslint%2fvisitor-keys set size:12474403 disposed:false
685 silly fetch manifest hasown@^2.0.2
686 silly packumentCache full:https://registry.npmjs.org/hasown cache-miss
687 http cache https://registry.npmjs.org/get-tsconfig 322ms (cache hit)
688 silly packumentCache full:https://registry.npmjs.org/get-tsconfig set size:146232 disposed:false
689 silly fetch manifest object.fromentries@^2.0.8
690 silly packumentCache full:https://registry.npmjs.org/object.fromentries cache-miss
691 http cache https://registry.npmjs.org/stable-hash 324ms (cache hit)
692 silly packumentCache full:https://registry.npmjs.org/stable-hash set size:18359 disposed:false
693 silly fetch manifest object.groupby@^1.0.3
694 silly packumentCache full:https://registry.npmjs.org/object.groupby cache-miss
695 http cache https://registry.npmjs.org/@typescript-eslint%2fvisitor-keys 346ms (cache hit)
696 silly packumentCache full:https://registry.npmjs.org/@typescript-eslint%2fvisitor-keys set size:12474403 disposed:false
697 silly fetch manifest object.values@^1.2.1
698 silly packumentCache full:https://registry.npmjs.org/object.values cache-miss
699 http cache https://registry.npmjs.org/@typescript-eslint%2fscope-manager 403ms (cache hit)
700 silly packumentCache full:https://registry.npmjs.org/@typescript-eslint%2fscope-manager set size:13127853 disposed:false
701 silly fetch manifest semver@^6.3.1
702 silly packumentCache full:https://registry.npmjs.org/semver cache-miss
703 http cache https://registry.npmjs.org/array-includes 327ms (cache hit)
704 silly packumentCache full:https://registry.npmjs.org/array-includes set size:80888 disposed:false
705 silly fetch manifest string.prototype.trimend@^1.0.9
706 silly packumentCache full:https://registry.npmjs.org/string.prototype.trimend cache-miss
707 http cache https://registry.npmjs.org/is-bun-module 430ms (cache hit)
708 silly packumentCache full:https://registry.npmjs.org/is-bun-module set size:19768 disposed:false
709 silly fetch manifest tsconfig-paths@^3.15.0
710 silly packumentCache full:https://registry.npmjs.org/tsconfig-paths cache-miss
711 http cache https://registry.npmjs.org/@nolyfill%2fis-core-module 380ms (cache hit)
712 silly packumentCache full:https://registry.npmjs.org/@nolyfill%2fis-core-module set size:10461 disposed:false
713 silly fetch manifest aria-query@^5.3.2
714 silly packumentCache full:https://registry.npmjs.org/aria-query cache-miss
715 http cache https://registry.npmjs.org/doctrine 208ms (cache hit)
716 silly packumentCache full:https://registry.npmjs.org/doctrine set size:64052 disposed:false
717 silly fetch manifest array-includes@^3.1.8
718 silly packumentCache full:https://registry.npmjs.org/array-includes cache-hit
719 silly fetch manifest array.prototype.flatmap@^1.3.2
720 silly packumentCache full:https://registry.npmjs.org/array.prototype.flatmap cache-miss
721 http cache https://registry.npmjs.org/array.prototype.flat 282ms (cache hit)
722 silly packumentCache full:https://registry.npmjs.org/array.prototype.flat set size:38327 disposed:false
723 silly fetch manifest ast-types-flow@^0.0.8
724 silly packumentCache full:https://registry.npmjs.org/ast-types-flow cache-miss
725 http cache https://registry.npmjs.org/array.prototype.flatmap 282ms (cache hit)
726 silly packumentCache full:https://registry.npmjs.org/array.prototype.flatmap set size:51458 disposed:false
727 silly fetch manifest axe-core@^4.10.0
728 silly packumentCache full:https://registry.npmjs.org/axe-core cache-miss
729 http cache https://registry.npmjs.org/unrs-resolver 433ms (cache hit)
730 silly packumentCache full:https://registry.npmjs.org/unrs-resolver set size:151128 disposed:false
731 silly fetch manifest axobject-query@^4.1.0
732 silly packumentCache full:https://registry.npmjs.org/axobject-query cache-miss
733 http cache https://registry.npmjs.org/array.prototype.findlastindex 286ms (cache hit)
734 silly packumentCache full:https://registry.npmjs.org/array.prototype.findlastindex set size:44828 disposed:false
735 silly fetch manifest damerau-levenshtein@^1.0.8
736 silly packumentCache full:https://registry.npmjs.org/damerau-levenshtein cache-miss
737 http cache https://registry.npmjs.org/@rtsao%2fscc 338ms (cache hit)
738 silly packumentCache full:https://registry.npmjs.org/@rtsao%2fscc set size:6332 disposed:false
739 silly fetch manifest emoji-regex@^9.2.2
740 silly packumentCache full:https://registry.npmjs.org/emoji-regex cache-miss
741 http cache https://registry.npmjs.org/eslint-module-utils 171ms (cache hit)
742 silly packumentCache full:https://registry.npmjs.org/eslint-module-utils set size:83654 disposed:false
743 silly fetch manifest hasown@^2.0.2
744 silly packumentCache full:https://registry.npmjs.org/hasown cache-miss
745 http cache https://registry.npmjs.org/hasown 131ms (cache hit)
746 silly packumentCache full:https://registry.npmjs.org/hasown set size:18361 disposed:false
747 silly fetch manifest jsx-ast-utils@^3.3.5
748 silly packumentCache full:https://registry.npmjs.org/jsx-ast-utils cache-miss
749 http cache https://registry.npmjs.org/object.fromentries 129ms (cache hit)
750 silly packumentCache full:https://registry.npmjs.org/object.fromentries set size:37686 disposed:false
751 silly fetch manifest language-tags@^1.0.9
752 silly packumentCache full:https://registry.npmjs.org/language-tags cache-miss
753 http cache https://registry.npmjs.org/object.groupby 129ms (cache hit)
754 silly packumentCache full:https://registry.npmjs.org/object.groupby set size:15504 disposed:false
755 silly fetch manifest safe-regex-test@^1.0.3
756 silly packumentCache full:https://registry.npmjs.org/safe-regex-test cache-miss
757 http cache https://registry.npmjs.org/object.values 73ms (cache hit)
758 silly packumentCache full:https://registry.npmjs.org/object.values set size:49009 disposed:false
759 silly fetch manifest string.prototype.includes@^2.0.1
760 silly packumentCache full:https://registry.npmjs.org/string.prototype.includes cache-miss
761 http cache https://registry.npmjs.org/semver 22ms (cache hit)
762 silly packumentCache full:https://registry.npmjs.org/semver set size:246128 disposed:false
763 silly fetch manifest array.prototype.findlast@^1.2.5
764 silly packumentCache full:https://registry.npmjs.org/array.prototype.findlast cache-miss
765 http cache https://registry.npmjs.org/string.prototype.trimend 23ms (cache hit)
766 silly packumentCache full:https://registry.npmjs.org/string.prototype.trimend set size:44009 disposed:false
767 silly fetch manifest array.prototype.tosorted@^1.1.4
768 silly packumentCache full:https://registry.npmjs.org/array.prototype.tosorted cache-miss
769 http cache https://registry.npmjs.org/axobject-query 17ms (cache hit)
770 silly packumentCache full:https://registry.npmjs.org/axobject-query set size:75032 disposed:false
771 silly fetch manifest es-iterator-helpers@^1.2.1
772 silly packumentCache full:https://registry.npmjs.org/es-iterator-helpers cache-miss
773 http cache https://registry.npmjs.org/aria-query 23ms (cache hit)
774 silly packumentCache full:https://registry.npmjs.org/aria-query set size:98864 disposed:false
775 silly fetch manifest estraverse@^5.3.0
776 silly packumentCache full:https://registry.npmjs.org/estraverse cache-hit
777 silly fetch manifest jsx-ast-utils@^2.4.1 || ^3.0.0
778 silly packumentCache full:https://registry.npmjs.org/jsx-ast-utils cache-miss
779 http cache https://registry.npmjs.org/tsconfig-paths 25ms (cache hit)
780 silly packumentCache full:https://registry.npmjs.org/tsconfig-paths set size:192565 disposed:false
781 silly fetch manifest object.entries@^1.1.9
782 silly packumentCache full:https://registry.npmjs.org/object.entries cache-miss
783 http cache https://registry.npmjs.org/damerau-levenshtein 20ms (cache hit)
784 silly packumentCache full:https://registry.npmjs.org/damerau-levenshtein set size:23390 disposed:false
785 silly fetch manifest prop-types@^15.8.1
786 silly packumentCache full:https://registry.npmjs.org/prop-types cache-miss
787 http cache https://registry.npmjs.org/axe-core 34ms (cache hit)
788 silly packumentCache full:https://registry.npmjs.org/axe-core set size:10087040 disposed:false
789 silly fetch manifest resolve@^2.0.0-next.5
790 silly packumentCache full:https://registry.npmjs.org/resolve cache-hit
791 silly fetch manifest string.prototype.matchall@^4.0.12
792 silly packumentCache full:https://registry.npmjs.org/string.prototype.matchall cache-miss
793 http cache https://registry.npmjs.org/ast-types-flow 61ms (cache hit)
794 silly packumentCache full:https://registry.npmjs.org/ast-types-flow set size:15144 disposed:false
795 silly fetch manifest string.prototype.repeat@^1.0.0
796 silly packumentCache full:https://registry.npmjs.org/string.prototype.repeat cache-miss
797 http cache https://registry.npmjs.org/array.prototype.flatmap 64ms (cache hit)
798 silly packumentCache full:https://registry.npmjs.org/array.prototype.flatmap set size:51458 disposed:false
799 silly packumentCache full:https://registry.npmjs.org/array.prototype.flatmap dispose
800 http cache https://registry.npmjs.org/hasown 59ms (cache hit)
801 silly packumentCache full:https://registry.npmjs.org/hasown set size:18361 disposed:false
802 silly packumentCache full:https://registry.npmjs.org/hasown dispose
803 http cache https://registry.npmjs.org/emoji-regex 61ms (cache hit)
804 silly packumentCache full:https://registry.npmjs.org/emoji-regex set size:91540 disposed:false
805 http cache https://registry.npmjs.org/jsx-ast-utils 61ms (cache hit)
806 silly packumentCache full:https://registry.npmjs.org/jsx-ast-utils set size:115998 disposed:false
807 http cache https://registry.npmjs.org/language-tags 63ms (cache hit)
808 silly packumentCache full:https://registry.npmjs.org/language-tags set size:38675 disposed:false
809 http cache https://registry.npmjs.org/safe-regex-test 61ms (cache hit)
810 silly packumentCache full:https://registry.npmjs.org/safe-regex-test set size:17412 disposed:false
811 http cache https://registry.npmjs.org/string.prototype.includes 61ms (cache hit)
812 silly packumentCache full:https://registry.npmjs.org/string.prototype.includes set size:10217 disposed:false
813 http cache https://registry.npmjs.org/array.prototype.findlast 59ms (cache hit)
814 silly packumentCache full:https://registry.npmjs.org/array.prototype.findlast set size:40323 disposed:false
815 http cache https://registry.npmjs.org/object.entries 51ms (cache hit)
816 silly packumentCache full:https://registry.npmjs.org/object.entries set size:50037 disposed:false
817 http cache https://registry.npmjs.org/array.prototype.tosorted 56ms (cache hit)
818 silly packumentCache full:https://registry.npmjs.org/array.prototype.tosorted set size:24661 disposed:false
819 http cache https://registry.npmjs.org/jsx-ast-utils 55ms (cache hit)
820 silly packumentCache full:https://registry.npmjs.org/jsx-ast-utils set size:115998 disposed:false
821 silly packumentCache full:https://registry.npmjs.org/jsx-ast-utils dispose
822 http cache https://registry.npmjs.org/es-iterator-helpers 57ms (cache hit)
823 silly packumentCache full:https://registry.npmjs.org/es-iterator-helpers set size:281513 disposed:false
824 http cache https://registry.npmjs.org/string.prototype.matchall 17ms (cache hit)
825 silly packumentCache full:https://registry.npmjs.org/string.prototype.matchall set size:66531 disposed:false
826 http cache https://registry.npmjs.org/prop-types 55ms (cache hit)
827 silly packumentCache full:https://registry.npmjs.org/prop-types set size:76747 disposed:false
828 http cache https://registry.npmjs.org/string.prototype.repeat 18ms (cache hit)
829 silly packumentCache full:https://registry.npmjs.org/string.prototype.repeat set size:8608 disposed:false
830 silly placeDep ROOT fast-glob@3.3.1 OK for: @next/eslint-plugin-next@15.1.6 want: 3.3.1
831 silly fetch manifest merge2@^1.3.0
832 silly packumentCache full:https://registry.npmjs.org/merge2 cache-miss
833 silly fetch manifest micromatch@^4.0.4
834 silly packumentCache full:https://registry.npmjs.org/micromatch cache-miss
835 silly fetch manifest glob-parent@^5.1.2
836 silly packumentCache full:https://registry.npmjs.org/glob-parent cache-hit
837 silly fetch manifest @nodelib/fs.stat@^2.0.2
838 silly packumentCache full:https://registry.npmjs.org/@nodelib%2ffs.stat cache-miss
839 silly fetch manifest @nodelib/fs.walk@^1.2.3
840 silly packumentCache full:https://registry.npmjs.org/@nodelib%2ffs.walk cache-miss
841 http cache https://registry.npmjs.org/merge2 4ms (cache hit)
842 silly packumentCache full:https://registry.npmjs.org/merge2 set size:46159 disposed:false
843 http cache https://registry.npmjs.org/micromatch 5ms (cache hit)
844 silly packumentCache full:https://registry.npmjs.org/micromatch set size:240630 disposed:false
845 http cache https://registry.npmjs.org/@nodelib%2ffs.stat 7ms (cache hit)
846 silly packumentCache full:https://registry.npmjs.org/@nodelib%2ffs.stat set size:36993 disposed:false
847 http cache https://registry.npmjs.org/@nodelib%2ffs.walk 7ms (cache hit)
848 silly packumentCache full:https://registry.npmjs.org/@nodelib%2ffs.walk set size:41589 disposed:false
849 silly fetch manifest eslint@^8.57.0 || ^9.0.0 || ^10.0.0
850 silly packumentCache full:https://registry.npmjs.org/eslint cache-miss
851 http cache https://registry.npmjs.org/eslint 4ms (cache hit)
852 silly packumentCache full:https://registry.npmjs.org/eslint set size:2085131 disposed:false
853 silly placeDep ROOT @typescript-eslint/scope-manager@8.70.0 OK for: @typescript-eslint/eslint-plugin@8.70.0 want: 8.70.0
854 silly placeDep ROOT @typescript-eslint/type-utils@8.70.0 OK for: @typescript-eslint/eslint-plugin@8.70.0 want: 8.70.0
855 silly placeDep ROOT @typescript-eslint/utils@8.70.0 OK for: @typescript-eslint/eslint-plugin@8.70.0 want: 8.70.0
856 silly placeDep ROOT @typescript-eslint/visitor-keys@8.70.0 OK for: @typescript-eslint/eslint-plugin@8.70.0 want: 8.70.0
857 silly placeDep node_modules/@typescript-eslint/eslint-plugin ignore@7.0.9 OK for: @typescript-eslint/eslint-plugin@8.70.0 want: ^7.0.5
858 silly placeDep ROOT ts-api-utils@2.5.0 OK for: @typescript-eslint/eslint-plugin@8.70.0 want: ^2.5.0
859 silly fetch manifest eslint-visitor-keys@^5.0.0
860 silly packumentCache full:https://registry.npmjs.org/eslint-visitor-keys cache-hit
861 silly placeDep ROOT @typescript-eslint/types@8.70.0 OK for: @typescript-eslint/parser@8.70.0 want: 8.70.0
862 silly placeDep ROOT @typescript-eslint/typescript-estree@8.70.0 OK for: @typescript-eslint/parser@8.70.0 want: 8.70.0
863 silly fetch manifest semver@^7.7.3
864 silly packumentCache full:https://registry.npmjs.org/semver cache-hit
865 silly fetch manifest minimatch@^10.2.2
866 silly packumentCache full:https://registry.npmjs.org/minimatch cache-hit
867 silly fetch manifest tinyglobby@^0.2.15
868 silly packumentCache full:https://registry.npmjs.org/tinyglobby cache-hit
869 silly fetch manifest @typescript-eslint/tsconfig-utils@8.70.0
870 silly packumentCache full:https://registry.npmjs.org/@typescript-eslint%2ftsconfig-utils cache-miss
871 silly fetch manifest @typescript-eslint/project-service@8.70.0
872 silly packumentCache full:https://registry.npmjs.org/@typescript-eslint%2fproject-service cache-miss
873 http cache https://registry.npmjs.org/@typescript-eslint%2fproject-service 17ms (cache hit)
874 silly packumentCache full:https://registry.npmjs.org/@typescript-eslint%2fproject-service set size:2014261 disposed:false
875 http cache https://registry.npmjs.org/@typescript-eslint%2ftsconfig-utils 25ms (cache hit)
876 silly packumentCache full:https://registry.npmjs.org/@typescript-eslint%2ftsconfig-utils set size:1895011 disposed:false
877 silly placeDep ROOT @typescript-eslint/project-service@8.70.0 OK for: @typescript-eslint/typescript-estree@8.70.0 want: 8.70.0
878 silly placeDep ROOT @typescript-eslint/tsconfig-utils@8.70.0 OK for: @typescript-eslint/typescript-estree@8.70.0 want: 8.70.0
879 silly placeDep node_modules/@typescript-eslint/typescript-estree minimatch@10.2.6 OK for: @typescript-eslint/typescript-estree@8.70.0 want: ^10.2.2
880 silly placeDep ROOT semver@7.8.5 OK for: @typescript-eslint/typescript-estree@8.70.0 want: ^7.7.3
881 silly placeDep ROOT tinyglobby@0.2.17 OK for: @typescript-eslint/typescript-estree@8.70.0 want: ^0.2.15
882 silly fetch manifest @typescript-eslint/tsconfig-utils@^8.70.0
883 silly packumentCache full:https://registry.npmjs.org/@typescript-eslint%2ftsconfig-utils cache-miss
884 silly fetch manifest brace-expansion@^5.0.8
885 silly packumentCache full:https://registry.npmjs.org/brace-expansion cache-hit
886 silly fetch manifest fdir@^6.5.0
887 silly packumentCache full:https://registry.npmjs.org/fdir cache-miss
888 silly fetch manifest picomatch@^4.0.4
889 silly packumentCache full:https://registry.npmjs.org/picomatch cache-miss
890 http cache https://registry.npmjs.org/fdir 4ms (cache hit)
891 silly packumentCache full:https://registry.npmjs.org/fdir set size:136182 disposed:false
892 http cache https://registry.npmjs.org/picomatch 5ms (cache hit)
893 silly packumentCache full:https://registry.npmjs.org/picomatch set size:134451 disposed:false
894 http cache https://registry.npmjs.org/@typescript-eslint%2ftsconfig-utils 8ms (cache hit)
895 silly packumentCache full:https://registry.npmjs.org/@typescript-eslint%2ftsconfig-utils set size:1895011 disposed:false
896 silly placeDep node_modules/@typescript-eslint/visitor-keys eslint-visitor-keys@5.0.1 OK for: @typescript-eslint/visitor-keys@8.70.0 want: ^5.0.0
897 silly placeDep node_modules/eslint-import-resolver-node debug@3.2.7 OK for: eslint-import-resolver-node@0.3.10 want: ^3.2.7
898 silly placeDep ROOT is-core-module@2.17.0 OK for: eslint-import-resolver-node@0.3.10 want: ^2.16.1
899 silly placeDep ROOT resolve@2.0.0-next.7 OK for: eslint-import-resolver-node@0.3.10 want: ^2.0.0-next.6
900 silly fetch manifest hasown@^2.0.4
901 silly packumentCache full:https://registry.npmjs.org/hasown cache-hit
902 silly fetch manifest es-errors@^1.3.0
903 silly packumentCache full:https://registry.npmjs.org/es-errors cache-miss
904 silly fetch manifest node-exports-info@^1.6.0
905 silly packumentCache full:https://registry.npmjs.org/node-exports-info cache-miss
906 silly fetch manifest object-keys@^1.1.1
907 silly packumentCache full:https://registry.npmjs.org/object-keys cache-miss
908 silly fetch manifest path-parse@^1.0.7
909 silly packumentCache full:https://registry.npmjs.org/path-parse cache-miss
910 silly fetch manifest supports-preserve-symlinks-flag@^1.0.0
911 silly packumentCache full:https://registry.npmjs.org/supports-preserve-symlinks-flag cache-miss
912 http cache https://registry.npmjs.org/path-parse 5ms (cache hit)
913 silly packumentCache full:https://registry.npmjs.org/path-parse set size:14523 disposed:false
914 http cache https://registry.npmjs.org/supports-preserve-symlinks-flag 4ms (cache hit)
915 silly packumentCache full:https://registry.npmjs.org/supports-preserve-symlinks-flag set size:6802 disposed:false
916 http cache https://registry.npmjs.org/es-errors 6ms (cache hit)
917 silly packumentCache full:https://registry.npmjs.org/es-errors set size:16918 disposed:false
918 http cache https://registry.npmjs.org/object-keys 6ms (cache hit)
919 silly packumentCache full:https://registry.npmjs.org/object-keys set size:67744 disposed:false
920 http cache https://registry.npmjs.org/node-exports-info 7ms (cache hit)
921 silly packumentCache full:https://registry.npmjs.org/node-exports-info set size:69480 disposed:false
922 silly placeDep ROOT @nolyfill/is-core-module@1.0.39 OK for: eslint-import-resolver-typescript@3.10.1 want: 1.0.39
923 silly placeDep ROOT get-tsconfig@4.14.3 OK for: eslint-import-resolver-typescript@3.10.1 want: ^4.10.0
924 silly placeDep ROOT is-bun-module@2.0.0 OK for: eslint-import-resolver-typescript@3.10.1 want: ^2.0.0
925 silly placeDep ROOT stable-hash@0.0.5 OK for: eslint-import-resolver-typescript@3.10.1 want: ^0.0.5
926 silly placeDep ROOT unrs-resolver@1.12.2 OK for: eslint-import-resolver-typescript@3.10.1 want: ^1.6.2
927 silly fetch manifest resolve-pkg-maps@^1.0.0
928 silly packumentCache full:https://registry.npmjs.org/resolve-pkg-maps cache-miss
929 silly fetch manifest napi-postinstall@^0.3.4
930 silly packumentCache full:https://registry.npmjs.org/napi-postinstall cache-miss
931 silly fetch manifest @unrs/resolver-binding-darwin-arm64@1.12.2
932 silly packumentCache full:https://registry.npmjs.org/@unrs%2fresolver-binding-darwin-arm64 cache-miss
933 silly fetch manifest @unrs/resolver-binding-android-arm64@1.12.2
934 silly packumentCache full:https://registry.npmjs.org/@unrs%2fresolver-binding-android-arm64 cache-miss
935 silly fetch manifest @unrs/resolver-binding-win32-arm64-msvc@1.12.2
936 silly packumentCache full:https://registry.npmjs.org/@unrs%2fresolver-binding-win32-arm64-msvc cache-miss
937 silly fetch manifest @unrs/resolver-binding-linux-arm64-gnu@1.12.2
938 silly packumentCache full:https://registry.npmjs.org/@unrs%2fresolver-binding-linux-arm64-gnu cache-miss
939 silly fetch manifest @unrs/resolver-binding-linux-arm64-musl@1.12.2
940 silly packumentCache full:https://registry.npmjs.org/@unrs%2fresolver-binding-linux-arm64-musl cache-miss
941 silly fetch manifest @unrs/resolver-binding-openharmony-arm64@1.12.2
942 silly packumentCache full:https://registry.npmjs.org/@unrs%2fresolver-binding-openharmony-arm64 cache-miss
943 silly fetch manifest @unrs/resolver-binding-android-arm-eabi@1.12.2
944 silly packumentCache full:https://registry.npmjs.org/@unrs%2fresolver-binding-android-arm-eabi cache-miss
945 silly fetch manifest @unrs/resolver-binding-linux-arm-gnueabihf@1.12.2
946 silly packumentCache full:https://registry.npmjs.org/@unrs%2fresolver-binding-linux-arm-gnueabihf cache-miss
947 silly fetch manifest @unrs/resolver-binding-linux-arm-musleabihf@1.12.2
948 silly packumentCache full:https://registry.npmjs.org/@unrs%2fresolver-binding-linux-arm-musleabihf cache-miss
949 silly fetch manifest @unrs/resolver-binding-win32-ia32-msvc@1.12.2
950 silly packumentCache full:https://registry.npmjs.org/@unrs%2fresolver-binding-win32-ia32-msvc cache-miss
951 silly fetch manifest @unrs/resolver-binding-linux-loong64-gnu@1.12.2
952 silly packumentCache full:https://registry.npmjs.org/@unrs%2fresolver-binding-linux-loong64-gnu cache-miss
953 silly fetch manifest @unrs/resolver-binding-linux-loong64-musl@1.12.2
954 silly packumentCache full:https://registry.npmjs.org/@unrs%2fresolver-binding-linux-loong64-musl cache-miss
955 silly fetch manifest @unrs/resolver-binding-linux-ppc64-gnu@1.12.2
956 silly packumentCache full:https://registry.npmjs.org/@unrs%2fresolver-binding-linux-ppc64-gnu cache-miss
957 http cache https://registry.npmjs.org/resolve-pkg-maps 12ms (cache hit)
958 silly packumentCache full:https://registry.npmjs.org/resolve-pkg-maps set size:11615 disposed:false
959 silly fetch manifest @unrs/resolver-binding-linux-riscv64-gnu@1.12.2
960 silly packumentCache full:https://registry.npmjs.org/@unrs%2fresolver-binding-linux-riscv64-gnu cache-miss
961 http cache https://registry.npmjs.org/@unrs%2fresolver-binding-android-arm-eabi 12ms (cache hit)
962 silly packumentCache full:https://registry.npmjs.org/@unrs%2fresolver-binding-android-arm-eabi set size:17797 disposed:false
963 silly fetch manifest @unrs/resolver-binding-linux-riscv64-musl@1.12.2
964 silly packumentCache full:https://registry.npmjs.org/@unrs%2fresolver-binding-linux-riscv64-musl cache-miss
965 http cache https://registry.npmjs.org/@unrs%2fresolver-binding-linux-arm64-musl 15ms (cache hit)
966 silly packumentCache full:https://registry.npmjs.org/@unrs%2fresolver-binding-linux-arm64-musl set size:65257 disposed:false
967 silly fetch manifest @unrs/resolver-binding-linux-s390x-gnu@1.12.2
968 silly packumentCache full:https://registry.npmjs.org/@unrs%2fresolver-binding-linux-s390x-gnu cache-miss
969 http cache https://registry.npmjs.org/napi-postinstall 16ms (cache hit)
970 silly packumentCache full:https://registry.npmjs.org/napi-postinstall set size:41400 disposed:false
971 silly fetch manifest @unrs/resolver-binding-wasm32-wasi@1.12.2
972 silly packumentCache full:https://registry.npmjs.org/@unrs%2fresolver-binding-wasm32-wasi cache-miss
973 http cache https://registry.npmjs.org/@unrs%2fresolver-binding-android-arm64 17ms (cache hit)
974 silly packumentCache full:https://registry.npmjs.org/@unrs%2fresolver-binding-android-arm64 set size:17616 disposed:false
975 silly fetch manifest @unrs/resolver-binding-darwin-x64@1.12.2
976 silly packumentCache full:https://registry.npmjs.org/@unrs%2fresolver-binding-darwin-x64 cache-miss
977 http cache https://registry.npmjs.org/@unrs%2fresolver-binding-win32-arm64-msvc 17ms (cache hit)
978 silly packumentCache full:https://registry.npmjs.org/@unrs%2fresolver-binding-win32-arm64-msvc set size:64613 disposed:false
979 silly fetch manifest @unrs/resolver-binding-win32-x64-msvc@1.12.2
980 silly packumentCache full:https://registry.npmjs.org/@unrs%2fresolver-binding-win32-x64-msvc cache-miss
981 http cache https://registry.npmjs.org/@unrs%2fresolver-binding-openharmony-arm64 17ms (cache hit)
982 silly packumentCache full:https://registry.npmjs.org/@unrs%2fresolver-binding-openharmony-arm64 set size:7350 disposed:false
983 silly fetch manifest @unrs/resolver-binding-freebsd-x64@1.12.2
984 silly packumentCache full:https://registry.npmjs.org/@unrs%2fresolver-binding-freebsd-x64 cache-miss
985 http cache https://registry.npmjs.org/@unrs%2fresolver-binding-linux-arm64-gnu 18ms (cache hit)
986 silly packumentCache full:https://registry.npmjs.org/@unrs%2fresolver-binding-linux-arm64-gnu set size:65047 disposed:false
987 silly fetch manifest @unrs/resolver-binding-linux-x64-gnu@1.12.2
988 silly packumentCache full:https://registry.npmjs.org/@unrs%2fresolver-binding-linux-x64-gnu cache-miss
989 http cache https://registry.npmjs.org/@unrs%2fresolver-binding-linux-arm-gnueabihf 18ms (cache hit)
990 silly packumentCache full:https://registry.npmjs.org/@unrs%2fresolver-binding-linux-arm-gnueabihf set size:65279 disposed:false
991 silly fetch manifest @unrs/resolver-binding-linux-x64-musl@1.12.2
992 silly packumentCache full:https://registry.npmjs.org/@unrs%2fresolver-binding-linux-x64-musl cache-miss
993 http cache https://registry.npmjs.org/@unrs%2fresolver-binding-darwin-arm64 20ms (cache hit)
994 silly packumentCache full:https://registry.npmjs.org/@unrs%2fresolver-binding-darwin-arm64 set size:63676 disposed:false
995 http cache https://registry.npmjs.org/@unrs%2fresolver-binding-linux-arm-musleabihf 19ms (cache hit)
996 silly packumentCache full:https://registry.npmjs.org/@unrs%2fresolver-binding-linux-arm-musleabihf set size:65533 disposed:false
997 http cache https://registry.npmjs.org/@unrs%2fresolver-binding-linux-ppc64-gnu 20ms (cache hit)
998 silly packumentCache full:https://registry.npmjs.org/@unrs%2fresolver-binding-linux-ppc64-gnu set size:65057 disposed:false
999 http cache https://registry.npmjs.org/@unrs%2fresolver-binding-linux-loong64-gnu 20ms (cache hit)
1000 silly packumentCache full:https://registry.npmjs.org/@unrs%2fresolver-binding-linux-loong64-gnu set size:4107 disposed:false
1001 http cache https://registry.npmjs.org/@unrs%2fresolver-binding-linux-loong64-musl 20ms (cache hit)
1002 silly packumentCache full:https://registry.npmjs.org/@unrs%2fresolver-binding-linux-loong64-musl set size:4124 disposed:false
1003 http cache https://registry.npmjs.org/@unrs%2fresolver-binding-win32-ia32-msvc 21ms (cache hit)
1004 silly packumentCache full:https://registry.npmjs.org/@unrs%2fresolver-binding-win32-ia32-msvc set size:64317 disposed:false
1005 http cache https://registry.npmjs.org/@unrs%2fresolver-binding-linux-riscv64-gnu 14ms (cache hit)
1006 silly packumentCache full:https://registry.npmjs.org/@unrs%2fresolver-binding-linux-riscv64-gnu set size:56387 disposed:false
1007 http cache https://registry.npmjs.org/@unrs%2fresolver-binding-darwin-x64 11ms (cache hit)
1008 silly packumentCache full:https://registry.npmjs.org/@unrs%2fresolver-binding-darwin-x64 set size:63092 disposed:false
1009 http cache https://registry.npmjs.org/@unrs%2fresolver-binding-linux-riscv64-musl 14ms (cache hit)
1010 silly packumentCache full:https://registry.npmjs.org/@unrs%2fresolver-binding-linux-riscv64-musl set size:45710 disposed:false
1011 http cache https://registry.npmjs.org/@unrs%2fresolver-binding-win32-x64-msvc 11ms (cache hit)
1012 silly packumentCache full:https://registry.npmjs.org/@unrs%2fresolver-binding-win32-x64-msvc set size:64034 disposed:false
1013 http cache https://registry.npmjs.org/@unrs%2fresolver-binding-freebsd-x64 11ms (cache hit)
1014 silly packumentCache full:https://registry.npmjs.org/@unrs%2fresolver-binding-freebsd-x64 set size:63388 disposed:false
1015 http cache https://registry.npmjs.org/@unrs%2fresolver-binding-linux-x64-musl 11ms (cache hit)
1016 silly packumentCache full:https://registry.npmjs.org/@unrs%2fresolver-binding-linux-x64-musl set size:64685 disposed:false
1017 http cache https://registry.npmjs.org/@unrs%2fresolver-binding-wasm32-wasi 13ms (cache hit)
1018 silly packumentCache full:https://registry.npmjs.org/@unrs%2fresolver-binding-wasm32-wasi set size:67358 disposed:false
1019 http cache https://registry.npmjs.org/@unrs%2fresolver-binding-linux-x64-gnu 12ms (cache hit)
1020 silly packumentCache full:https://registry.npmjs.org/@unrs%2fresolver-binding-linux-x64-gnu set size:64469 disposed:false
1021 http cache https://registry.npmjs.org/@unrs%2fresolver-binding-linux-s390x-gnu 17ms (cache hit)
1022 silly packumentCache full:https://registry.npmjs.org/@unrs%2fresolver-binding-linux-s390x-gnu set size:65047 disposed:false
1023 silly placeDep ROOT aria-query@5.3.2 OK for: eslint-plugin-jsx-a11y@6.10.2 want: ^5.3.2
1024 silly placeDep ROOT array-includes@3.2.0 OK for: eslint-plugin-jsx-a11y@6.10.2 want: ^3.1.8
1025 silly placeDep ROOT array.prototype.flatmap@1.3.3 OK for: eslint-plugin-jsx-a11y@6.10.2 want: ^1.3.2
1026 silly placeDep ROOT ast-types-flow@0.0.8 OK for: eslint-plugin-jsx-a11y@6.10.2 want: ^0.0.8
1027 silly placeDep ROOT axe-core@4.13.0 OK for: eslint-plugin-jsx-a11y@6.10.2 want: ^4.10.0
1028 silly placeDep ROOT axobject-query@4.1.0 OK for: eslint-plugin-jsx-a11y@6.10.2 want: ^4.1.0
1029 silly placeDep ROOT damerau-levenshtein@1.0.8 OK for: eslint-plugin-jsx-a11y@6.10.2 want: ^1.0.8
1030 silly placeDep ROOT emoji-regex@9.2.2 OK for: eslint-plugin-jsx-a11y@6.10.2 want: ^9.2.2
1031 silly placeDep ROOT hasown@2.0.4 OK for: eslint-plugin-jsx-a11y@6.10.2 want: ^2.0.2
1032 silly placeDep ROOT jsx-ast-utils@3.3.5 OK for: eslint-plugin-jsx-a11y@6.10.2 want: ^3.3.5
1033 silly placeDep ROOT language-tags@1.0.9 OK for: eslint-plugin-jsx-a11y@6.10.2 want: ^1.0.9
1034 silly placeDep ROOT object.fromentries@2.0.8 OK for: eslint-plugin-jsx-a11y@6.10.2 want: ^2.0.8
1035 silly placeDep ROOT safe-regex-test@1.1.0 OK for: eslint-plugin-jsx-a11y@6.10.2 want: ^1.0.3
1036 silly placeDep ROOT string.prototype.includes@2.0.1 OK for: eslint-plugin-jsx-a11y@6.10.2 want: ^2.0.1
1037 silly fetch manifest call-bind@^1.0.9
1038 silly packumentCache full:https://registry.npmjs.org/call-bind cache-miss
1039 silly fetch manifest is-string@^1.1.1
1040 silly packumentCache full:https://registry.npmjs.org/is-string cache-miss
1041 silly fetch manifest call-bound@^1.0.4
1042 silly packumentCache full:https://registry.npmjs.org/call-bound cache-miss
1043 silly fetch manifest es-abstract@^1.24.2
1044 silly packumentCache full:https://registry.npmjs.org/es-abstract cache-miss
1045 silly fetch manifest es-object-atoms@^1.1.2
1046 silly packumentCache full:https://registry.npmjs.org/es-object-atoms cache-miss
1047 silly fetch manifest math-intrinsics@^1.1.0
1048 silly packumentCache full:https://registry.npmjs.org/math-intrinsics cache-miss
1049 silly fetch manifest define-properties@^1.2.1
1050 silly packumentCache full:https://registry.npmjs.org/define-properties cache-miss
1051 silly fetch manifest es-shim-unscopables@^1.1.0
1052 silly packumentCache full:https://registry.npmjs.org/es-shim-unscopables cache-miss
1053 silly fetch manifest call-bind@^1.0.8
1054 silly packumentCache full:https://registry.npmjs.org/call-bind cache-miss
1055 silly fetch manifest define-properties@^1.2.1
1056 silly packumentCache full:https://registry.npmjs.org/define-properties cache-miss
1057 silly fetch manifest es-abstract@^1.23.5
1058 silly packumentCache full:https://registry.npmjs.org/es-abstract cache-miss
1059 silly fetch manifest es-shim-unscopables@^1.0.2
1060 silly packumentCache full:https://registry.npmjs.org/es-shim-unscopables cache-miss
1061 silly fetch manifest function-bind@^1.1.2
1062 silly packumentCache full:https://registry.npmjs.org/function-bind cache-miss
1063 silly fetch manifest array.prototype.flat@^1.3.1
1064 silly packumentCache full:https://registry.npmjs.org/array.prototype.flat cache-hit
1065 silly fetch manifest object.assign@^4.1.4
1066 silly packumentCache full:https://registry.npmjs.org/object.assign cache-miss
1067 silly fetch manifest object.values@^1.1.6
1068 silly packumentCache full:https://registry.npmjs.org/object.values cache-hit
1069 silly fetch manifest language-subtag-registry@^0.3.20
1070 silly packumentCache full:https://registry.npmjs.org/language-subtag-registry cache-miss
1071 http cache https://registry.npmjs.org/math-intrinsics 12ms (cache hit)
1072 silly packumentCache full:https://registry.npmjs.org/math-intrinsics set size:9265 disposed:false
1073 silly fetch manifest call-bind@^1.0.7
1074 silly packumentCache full:https://registry.npmjs.org/call-bind cache-miss
1075 http cache https://registry.npmjs.org/call-bind 14ms (cache hit)
1076 silly packumentCache full:https://registry.npmjs.org/call-bind set size:32985 disposed:false
1077 silly fetch manifest define-properties@^1.2.1
1078 silly packumentCache full:https://registry.npmjs.org/define-properties cache-miss
1079 http cache https://registry.npmjs.org/is-string 15ms (cache hit)
1080 silly packumentCache full:https://registry.npmjs.org/is-string set size:29636 disposed:false
1081 silly fetch manifest es-abstract@^1.23.2
1082 silly packumentCache full:https://registry.npmjs.org/es-abstract cache-miss
1083 http cache https://registry.npmjs.org/es-object-atoms 15ms (cache hit)
1084 silly packumentCache full:https://registry.npmjs.org/es-object-atoms set size:18278 disposed:false
1085 silly fetch manifest es-object-atoms@^1.0.0
1086 silly packumentCache full:https://registry.npmjs.org/es-object-atoms cache-hit
1087 silly fetch manifest call-bound@^1.0.2
1088 silly packumentCache full:https://registry.npmjs.org/call-bound cache-miss
1089 http cache https://registry.npmjs.org/es-shim-unscopables 15ms (cache hit)
1090 silly packumentCache full:https://registry.npmjs.org/es-shim-unscopables set size:13965 disposed:false
1091 silly fetch manifest is-regex@^1.2.1
1092 silly packumentCache full:https://registry.npmjs.org/is-regex cache-miss
1093 http cache https://registry.npmjs.org/object.assign 15ms (cache hit)
1094 silly packumentCache full:https://registry.npmjs.org/object.assign set size:85907 disposed:false
1095 silly fetch manifest call-bind@^1.0.7
1096 silly packumentCache full:https://registry.npmjs.org/call-bind cache-hit
1097 silly fetch manifest define-properties@^1.2.1
1098 silly packumentCache full:https://registry.npmjs.org/define-properties cache-miss
1099 http cache https://registry.npmjs.org/es-abstract 18ms (cache hit)
1100 silly packumentCache full:https://registry.npmjs.org/es-abstract set size:384124 disposed:false
1101 silly fetch manifest es-abstract@^1.23.3
1102 silly packumentCache full:https://registry.npmjs.org/es-abstract cache-hit
1103 http cache https://registry.npmjs.org/language-subtag-registry 18ms (cache hit)
1104 silly packumentCache full:https://registry.npmjs.org/language-subtag-registry set size:46437 disposed:false
1105 http cache https://registry.npmjs.org/function-bind 20ms (cache hit)
1106 silly packumentCache full:https://registry.npmjs.org/function-bind set size:15733 disposed:false
1107 http cache https://registry.npmjs.org/es-abstract 21ms (cache hit)
1108 silly packumentCache full:https://registry.npmjs.org/es-abstract set size:384124 disposed:false
1109 silly packumentCache full:https://registry.npmjs.org/es-abstract dispose
1110 http cache https://registry.npmjs.org/call-bind 22ms (cache hit)
1111 silly packumentCache full:https://registry.npmjs.org/call-bind set size:32985 disposed:false
1112 silly packumentCache full:https://registry.npmjs.org/call-bind dispose
1113 http cache https://registry.npmjs.org/call-bound 24ms (cache hit)
1114 silly packumentCache full:https://registry.npmjs.org/call-bound set size:15317 disposed:false
1115 http cache https://registry.npmjs.org/define-properties 23ms (cache hit)
1116 silly packumentCache full:https://registry.npmjs.org/define-properties set size:31491 disposed:false
1117 http cache https://registry.npmjs.org/es-shim-unscopables 24ms (cache hit)
1118 silly packumentCache full:https://registry.npmjs.org/es-shim-unscopables set size:13965 disposed:false
1119 silly packumentCache full:https://registry.npmjs.org/es-shim-unscopables dispose
1120 http cache https://registry.npmjs.org/define-properties 24ms (cache hit)
1121 silly packumentCache full:https://registry.npmjs.org/define-properties set size:31491 disposed:false
1122 silly packumentCache full:https://registry.npmjs.org/define-properties dispose
1123 http cache https://registry.npmjs.org/call-bind 16ms (cache hit)
1124 silly packumentCache full:https://registry.npmjs.org/call-bind set size:32985 disposed:true
1125 silly packumentCache full:https://registry.npmjs.org/call-bind dispose
1126 http cache https://registry.npmjs.org/call-bound 15ms (cache hit)
1127 silly packumentCache full:https://registry.npmjs.org/call-bound set size:15317 disposed:false
1128 silly packumentCache full:https://registry.npmjs.org/call-bound dispose
1129 http cache https://registry.npmjs.org/define-properties 16ms (cache hit)
1130 silly packumentCache full:https://registry.npmjs.org/define-properties set size:31491 disposed:true
1131 silly packumentCache full:https://registry.npmjs.org/define-properties dispose
1132 http cache https://registry.npmjs.org/is-regex 15ms (cache hit)
1133 silly packumentCache full:https://registry.npmjs.org/is-regex set size:42924 disposed:false
1134 http cache https://registry.npmjs.org/es-abstract 18ms (cache hit)
1135 silly packumentCache full:https://registry.npmjs.org/es-abstract set size:384124 disposed:true
1136 silly packumentCache full:https://registry.npmjs.org/es-abstract dispose
1137 http cache https://registry.npmjs.org/define-properties 17ms (cache hit)
1138 silly packumentCache full:https://registry.npmjs.org/define-properties set size:31491 disposed:true
1139 silly packumentCache full:https://registry.npmjs.org/define-properties dispose
1140 silly placeDep ROOT call-bind@1.0.9 OK for: array-includes@3.2.0 want: ^1.0.9
1141 silly placeDep ROOT call-bound@1.0.4 OK for: array-includes@3.2.0 want: ^1.0.4
1142 silly placeDep ROOT define-properties@1.2.1 OK for: array-includes@3.2.0 want: ^1.2.1
1143 silly placeDep ROOT es-abstract@1.24.2 OK for: array-includes@3.2.0 want: ^1.24.2
1144 silly placeDep ROOT es-object-atoms@1.1.2 OK for: array-includes@3.2.0 want: ^1.1.2
1145 silly placeDep ROOT es-shim-unscopables@1.1.0 OK for: array-includes@3.2.0 want: ^1.1.0
1146 silly placeDep ROOT is-string@1.1.1 OK for: array-includes@3.2.0 want: ^1.1.1
1147 silly placeDep ROOT math-intrinsics@1.1.0 OK for: array-includes@3.2.0 want: ^1.1.0
1148 silly fetch manifest call-bind-apply-helpers@^1.0.2
1149 silly packumentCache full:https://registry.npmjs.org/call-bind-apply-helpers cache-miss
1150 silly fetch manifest es-define-property@^1.0.1
1151 silly packumentCache full:https://registry.npmjs.org/es-define-property cache-miss
1152 silly fetch manifest get-intrinsic@^1.3.0
1153 silly packumentCache full:https://registry.npmjs.org/get-intrinsic cache-miss
1154 silly fetch manifest set-function-length@^1.2.2
1155 silly packumentCache full:https://registry.npmjs.org/set-function-length cache-miss
1156 silly fetch manifest call-bind-apply-helpers@^1.0.2
1157 silly packumentCache full:https://registry.npmjs.org/call-bind-apply-helpers cache-miss
1158 silly fetch manifest get-intrinsic@^1.3.0
1159 silly packumentCache full:https://registry.npmjs.org/get-intrinsic cache-miss
1160 silly fetch manifest define-data-property@^1.0.1
1161 silly packumentCache full:https://registry.npmjs.org/define-data-property cache-miss
1162 silly fetch manifest has-property-descriptors@^1.0.0
1163 silly packumentCache full:https://registry.npmjs.org/has-property-descriptors cache-miss
1164 silly fetch manifest array-buffer-byte-length@^1.0.2
1165 silly packumentCache full:https://registry.npmjs.org/array-buffer-byte-length cache-miss
1166 silly fetch manifest arraybuffer.prototype.slice@^1.0.4
1167 silly packumentCache full:https://registry.npmjs.org/arraybuffer.prototype.slice cache-miss
1168 silly fetch manifest available-typed-arrays@^1.0.7
1169 silly packumentCache full:https://registry.npmjs.org/available-typed-arrays cache-miss
1170 silly fetch manifest data-view-buffer@^1.0.2
1171 silly packumentCache full:https://registry.npmjs.org/data-view-buffer cache-miss
1172 silly fetch manifest data-view-byte-length@^1.0.2
1173 silly packumentCache full:https://registry.npmjs.org/data-view-byte-length cache-miss
1174 silly fetch manifest data-view-byte-offset@^1.0.1
1175 silly packumentCache full:https://registry.npmjs.org/data-view-byte-offset cache-miss
1176 silly fetch manifest es-define-property@^1.0.1
1177 silly packumentCache full:https://registry.npmjs.org/es-define-property cache-miss
1178 http cache https://registry.npmjs.org/set-function-length 12ms (cache hit)
1179 silly packumentCache full:https://registry.npmjs.org/set-function-length set size:24261 disposed:false
1180 silly fetch manifest es-object-atoms@^1.1.1
1181 silly packumentCache full:https://registry.npmjs.org/es-object-atoms cache-hit
1182 silly fetch manifest es-set-tostringtag@^2.1.0
1183 silly packumentCache full:https://registry.npmjs.org/es-set-tostringtag cache-miss
1184 http cache https://registry.npmjs.org/call-bind-apply-helpers 13ms (cache hit)
1185 silly packumentCache full:https://registry.npmjs.org/call-bind-apply-helpers set size:12744 disposed:false
1186 silly fetch manifest es-to-primitive@^1.3.0
1187 silly packumentCache full:https://registry.npmjs.org/es-to-primitive cache-miss
1188 http cache https://registry.npmjs.org/call-bind-apply-helpers 14ms (cache hit)
1189 silly packumentCache full:https://registry.npmjs.org/call-bind-apply-helpers set size:12744 disposed:false
1190 silly packumentCache full:https://registry.npmjs.org/call-bind-apply-helpers dispose
1191 silly fetch manifest function.prototype.name@^1.1.8
1192 silly packumentCache full:https://registry.npmjs.org/function.prototype.name cache-miss
1193 http cache https://registry.npmjs.org/es-define-property 15ms (cache hit)
1194 silly packumentCache full:https://registry.npmjs.org/es-define-property set size:8542 disposed:false
1195 silly fetch manifest get-intrinsic@^1.3.0
1196 silly packumentCache full:https://registry.npmjs.org/get-intrinsic cache-miss
1197 http cache https://registry.npmjs.org/array-buffer-byte-length 14ms (cache hit)
1198 silly packumentCache full:https://registry.npmjs.org/array-buffer-byte-length set size:13099 disposed:false
1199 silly fetch manifest get-proto@^1.0.1
1200 silly packumentCache full:https://registry.npmjs.org/get-proto cache-miss
1201 http cache https://registry.npmjs.org/has-property-descriptors 15ms (cache hit)
1202 silly packumentCache full:https://registry.npmjs.org/has-property-descriptors set size:12452 disposed:false
1203 silly fetch manifest get-symbol-description@^1.1.0
1204 silly packumentCache full:https://registry.npmjs.org/get-symbol-description cache-miss
1205 http cache https://registry.npmjs.org/data-view-buffer 15ms (cache hit)
1206 silly packumentCache full:https://registry.npmjs.org/data-view-buffer set size:11789 disposed:false
1207 silly fetch manifest globalthis@^1.0.4
1208 silly packumentCache full:https://registry.npmjs.org/globalthis cache-miss
1209 http cache https://registry.npmjs.org/arraybuffer.prototype.slice 15ms (cache hit)
1210 silly packumentCache full:https://registry.npmjs.org/arraybuffer.prototype.slice set size:20917 disposed:false
1211 silly fetch manifest gopd@^1.2.0
1212 silly packumentCache full:https://registry.npmjs.org/gopd cache-miss
1213 http cache https://registry.npmjs.org/get-intrinsic 17ms (cache hit)
1214 silly packumentCache full:https://registry.npmjs.org/get-intrinsic set size:60985 disposed:false
1215 silly fetch manifest has-property-descriptors@^1.0.2
1216 silly packumentCache full:https://registry.npmjs.org/has-property-descriptors cache-hit
1217 silly fetch manifest has-proto@^1.2.0
1218 silly packumentCache full:https://registry.npmjs.org/has-proto cache-miss
1219 http cache https://registry.npmjs.org/available-typed-arrays 18ms (cache hit)
1220 silly packumentCache full:https://registry.npmjs.org/available-typed-arrays set size:31390 disposed:false
1221 silly fetch manifest has-symbols@^1.1.0
1222 silly packumentCache full:https://registry.npmjs.org/has-symbols cache-miss
1223 http cache https://registry.npmjs.org/data-view-byte-offset 18ms (cache hit)
1224 silly packumentCache full:https://registry.npmjs.org/data-view-byte-offset set size:9200 disposed:false
1225 silly fetch manifest internal-slot@^1.1.0
1226 silly packumentCache full:https://registry.npmjs.org/internal-slot cache-miss
1227 http cache https://registry.npmjs.org/define-data-property 20ms (cache hit)
1228 silly packumentCache full:https://registry.npmjs.org/define-data-property set size:28048 disposed:false
1229 silly fetch manifest is-array-buffer@^3.0.5
1230 silly packumentCache full:https://registry.npmjs.org/is-array-buffer cache-miss
1231 http cache https://registry.npmjs.org/es-define-property 19ms (cache hit)
1232 silly packumentCache full:https://registry.npmjs.org/es-define-property set size:8542 disposed:false
1233 silly packumentCache full:https://registry.npmjs.org/es-define-property dispose
1234 silly fetch manifest is-callable@^1.2.7
1235 silly packumentCache full:https://registry.npmjs.org/is-callable cache-miss
1236 http cache https://registry.npmjs.org/data-view-byte-length 21ms (cache hit)
1237 silly packumentCache full:https://registry.npmjs.org/data-view-byte-length set size:12269 disposed:false
1238 silly fetch manifest is-data-view@^1.0.2
1239 silly packumentCache full:https://registry.npmjs.org/is-data-view cache-miss
1240 http cache https://registry.npmjs.org/get-intrinsic 23ms (cache hit)
1241 silly packumentCache full:https://registry.npmjs.org/get-intrinsic set size:60985 disposed:false
1242 silly packumentCache full:https://registry.npmjs.org/get-intrinsic dispose
1243 silly fetch manifest is-negative-zero@^2.0.3
1244 silly packumentCache full:https://registry.npmjs.org/is-negative-zero cache-miss
1245 http cache https://registry.npmjs.org/es-set-tostringtag 26ms (cache hit)
1246 silly packumentCache full:https://registry.npmjs.org/es-set-tostringtag set size:22094 disposed:false
1247 silly fetch manifest is-set@^2.0.3
1248 silly packumentCache full:https://registry.npmjs.org/is-set cache-miss
1249 http cache https://registry.npmjs.org/function.prototype.name 25ms (cache hit)
1250 silly packumentCache full:https://registry.npmjs.org/function.prototype.name set size:48566 disposed:false
1251 silly fetch manifest is-shared-array-buffer@^1.0.4
1252 silly packumentCache full:https://registry.npmjs.org/is-shared-array-buffer cache-miss
1253 http cache https://registry.npmjs.org/gopd 23ms (cache hit)
1254 silly packumentCache full:https://registry.npmjs.org/gopd set size:11483 disposed:false
1255 silly fetch manifest is-typed-array@^1.1.15
1256 silly packumentCache full:https://registry.npmjs.org/is-typed-array cache-miss
1257 http cache https://registry.npmjs.org/globalthis 25ms (cache hit)
1258 silly packumentCache full:https://registry.npmjs.org/globalthis set size:22522 disposed:false
1259 silly fetch manifest is-weakref@^1.1.1
1260 silly packumentCache full:https://registry.npmjs.org/is-weakref cache-miss
1261 http cache https://registry.npmjs.org/get-symbol-description 27ms (cache hit)
1262 silly packumentCache full:https://registry.npmjs.org/get-symbol-description set size:15540 disposed:false
1263 silly fetch manifest object-inspect@^1.13.4
1264 silly packumentCache full:https://registry.npmjs.org/object-inspect cache-miss
1265 http cache https://registry.npmjs.org/es-to-primitive 30ms (cache hit)
1266 silly packumentCache full:https://registry.npmjs.org/es-to-primitive set size:35315 disposed:false
1267 silly fetch manifest object.assign@^4.1.7
1268 silly packumentCache full:https://registry.npmjs.org/object.assign cache-hit
1269 silly fetch manifest own-keys@^1.0.1
1270 silly packumentCache full:https://registry.npmjs.org/own-keys cache-miss
1271 http cache https://registry.npmjs.org/has-proto 26ms (cache hit)
1272 silly packumentCache full:https://registry.npmjs.org/has-proto set size:21527 disposed:false
1273 silly fetch manifest regexp.prototype.flags@^1.5.4
1274 silly packumentCache full:https://registry.npmjs.org/regexp.prototype.flags cache-miss
1275 http cache https://registry.npmjs.org/internal-slot 24ms (cache hit)
1276 silly packumentCache full:https://registry.npmjs.org/internal-slot set size:30267 disposed:false
1277 silly fetch manifest safe-array-concat@^1.1.3
1278 silly packumentCache full:https://registry.npmjs.org/safe-array-concat cache-miss
1279 http cache https://registry.npmjs.org/has-symbols 26ms (cache hit)
1280 silly packumentCache full:https://registry.npmjs.org/has-symbols set size:21550 disposed:false
1281 silly fetch manifest safe-push-apply@^1.0.0
1282 silly packumentCache full:https://registry.npmjs.org/safe-push-apply cache-miss
1283 http cache https://registry.npmjs.org/get-proto 31ms (cache hit)
1284 silly packumentCache full:https://registry.npmjs.org/get-proto set size:8300 disposed:false
1285 silly fetch manifest set-proto@^1.0.0
1286 silly packumentCache full:https://registry.npmjs.org/set-proto cache-miss
1287 http cache https://registry.npmjs.org/get-intrinsic 33ms (cache hit)
1288 silly packumentCache full:https://registry.npmjs.org/get-intrinsic set size:60985 disposed:true
1289 silly packumentCache full:https://registry.npmjs.org/get-intrinsic dispose
1290 silly fetch manifest stop-iteration-iterator@^1.1.0
1291 silly packumentCache full:https://registry.npmjs.org/stop-iteration-iterator cache-miss
1292 http cache https://registry.npmjs.org/is-array-buffer 27ms (cache hit)
1293 silly packumentCache full:https://registry.npmjs.org/is-array-buffer set size:33562 disposed:false
1294 silly fetch manifest string.prototype.trim@^1.2.10
1295 silly packumentCache full:https://registry.npmjs.org/string.prototype.trim cache-miss
1296 http cache https://registry.npmjs.org/is-callable 27ms (cache hit)
1297 silly packumentCache full:https://registry.npmjs.org/is-callable set size:66606 disposed:false
1298 silly fetch manifest string.prototype.trimstart@^1.0.8
1299 silly packumentCache full:https://registry.npmjs.org/string.prototype.trimstart cache-miss
1300 http cache https://registry.npmjs.org/is-data-view 27ms (cache hit)
1301 silly packumentCache full:https://registry.npmjs.org/is-data-view set size:13756 disposed:false
1302 silly fetch manifest typed-array-buffer@^1.0.3
1303 silly packumentCache full:https://registry.npmjs.org/typed-array-buffer cache-miss
1304 http cache https://registry.npmjs.org/is-negative-zero 28ms (cache hit)
1305 silly packumentCache full:https://registry.npmjs.org/is-negative-zero set size:22152 disposed:false
1306 silly fetch manifest typed-array-byte-length@^1.0.3
1307 silly packumentCache full:https://registry.npmjs.org/typed-array-byte-length cache-miss
1308 http cache https://registry.npmjs.org/own-keys 15ms (cache hit)
1309 silly packumentCache full:https://registry.npmjs.org/own-keys set size:11888 disposed:false
1310 silly fetch manifest typed-array-byte-offset@^1.0.4
1311 silly packumentCache full:https://registry.npmjs.org/typed-array-byte-offset cache-miss
1312 http cache https://registry.npmjs.org/is-set 20ms (cache hit)
1313 silly packumentCache full:https://registry.npmjs.org/is-set set size:16614 disposed:false
1314 silly fetch manifest typed-array-length@^1.0.7
1315 silly packumentCache full:https://registry.npmjs.org/typed-array-length cache-miss
1316 http cache https://registry.npmjs.org/is-shared-array-buffer 20ms (cache hit)
1317 silly packumentCache full:https://registry.npmjs.org/is-shared-array-buffer set size:19880 disposed:false
1318 silly fetch manifest unbox-primitive@^1.1.0
1319 silly packumentCache full:https://registry.npmjs.org/unbox-primitive cache-miss
1320 http cache https://registry.npmjs.org/is-typed-array 19ms (cache hit)
1321 silly packumentCache full:https://registry.npmjs.org/is-typed-array set size:79965 disposed:false
1322 silly fetch manifest which-typed-array@^1.1.19
1323 silly packumentCache full:https://registry.npmjs.org/which-typed-array cache-miss
1324 http cache https://registry.npmjs.org/object-inspect 20ms (cache hit)
1325 silly packumentCache full:https://registry.npmjs.org/object-inspect set size:101927 disposed:false
1326 silly fetch manifest has-tostringtag@^1.0.2
1327 silly packumentCache full:https://registry.npmjs.org/has-tostringtag cache-miss
1328 http cache https://registry.npmjs.org/regexp.prototype.flags 19ms (cache hit)
1329 silly packumentCache full:https://registry.npmjs.org/regexp.prototype.flags set size:60621 disposed:false
1330 http cache https://registry.npmjs.org/safe-array-concat 18ms (cache hit)
1331 silly packumentCache full:https://registry.npmjs.org/safe-array-concat set size:25516 disposed:false
1332 http cache https://registry.npmjs.org/is-weakref 22ms (cache hit)
1333 silly packumentCache full:https://registry.npmjs.org/is-weakref set size:18473 disposed:false
1334 http cache https://registry.npmjs.org/set-proto 18ms (cache hit)
1335 silly packumentCache full:https://registry.npmjs.org/set-proto set size:5334 disposed:false
1336 http cache https://registry.npmjs.org/safe-push-apply 19ms (cache hit)
1337 silly packumentCache full:https://registry.npmjs.org/safe-push-apply set size:5759 disposed:false
1338 http cache https://registry.npmjs.org/stop-iteration-iterator 18ms (cache hit)
1339 silly packumentCache full:https://registry.npmjs.org/stop-iteration-iterator set size:9160 disposed:false
1340 http cache https://registry.npmjs.org/string.prototype.trim 17ms (cache hit)
1341 silly packumentCache full:https://registry.npmjs.org/string.prototype.trim set size:57416 disposed:false
1342 http cache https://registry.npmjs.org/string.prototype.trimstart 17ms (cache hit)
1343 silly packumentCache full:https://registry.npmjs.org/string.prototype.trimstart set size:38291 disposed:false
1344 http cache https://registry.npmjs.org/typed-array-buffer 18ms (cache hit)
1345 silly packumentCache full:https://registry.npmjs.org/typed-array-buffer set size:14045 disposed:false
1346 http cache https://registry.npmjs.org/typed-array-byte-length 16ms (cache hit)
1347 silly packumentCache full:https://registry.npmjs.org/typed-array-byte-length set size:18382 disposed:false
1348 http cache https://registry.npmjs.org/has-tostringtag 10ms (cache hit)
1349 silly packumentCache full:https://registry.npmjs.org/has-tostringtag set size:13945 disposed:false
1350 http cache https://registry.npmjs.org/unbox-primitive 12ms (cache hit)
1351 silly packumentCache full:https://registry.npmjs.org/unbox-primitive set size:15669 disposed:false
1352 http cache https://registry.npmjs.org/typed-array-byte-offset 14ms (cache hit)
1353 silly packumentCache full:https://registry.npmjs.org/typed-array-byte-offset set size:25416 disposed:false
1354 http cache https://registry.npmjs.org/typed-array-length 13ms (cache hit)
1355 silly packumentCache full:https://registry.npmjs.org/typed-array-length set size:35665 disposed:false
1356 http cache https://registry.npmjs.org/which-typed-array 13ms (cache hit)
1357 silly packumentCache full:https://registry.npmjs.org/which-typed-array set size:109574 disposed:false
1358 silly placeDep ROOT call-bind-apply-helpers@1.0.2 OK for: call-bind@1.0.9 want: ^1.0.2
1359 silly placeDep ROOT es-define-property@1.0.1 OK for: call-bind@1.0.9 want: ^1.0.1
1360 silly placeDep ROOT get-intrinsic@1.3.0 OK for: call-bind@1.0.9 want: ^1.3.0
1361 silly placeDep ROOT set-function-length@1.2.2 OK for: call-bind@1.0.9 want: ^1.2.2
1362 silly fetch manifest define-data-property@^1.1.4
1363 silly packumentCache full:https://registry.npmjs.org/define-data-property cache-hit
1364 silly fetch manifest gopd@^1.0.1
1365 silly packumentCache full:https://registry.npmjs.org/gopd cache-hit
1366 silly placeDep ROOT es-errors@1.3.0 OK for: call-bind-apply-helpers@1.0.2 want: ^1.3.0
1367 silly placeDep ROOT function-bind@1.1.2 OK for: call-bind-apply-helpers@1.0.2 want: ^1.1.2
1368 silly placeDep ROOT define-data-property@1.1.4 OK for: define-properties@1.2.1 want: ^1.0.1
1369 silly placeDep ROOT has-property-descriptors@1.0.2 OK for: define-properties@1.2.1 want: ^1.0.0
1370 silly placeDep ROOT object-keys@1.1.1 OK for: define-properties@1.2.1 want: ^1.1.1
1371 silly placeDep ROOT gopd@1.2.0 OK for: define-data-property@1.1.4 want: ^1.0.1
1372 silly placeDep ROOT array-buffer-byte-length@1.0.2 OK for: es-abstract@1.24.2 want: ^1.0.2
1373 silly placeDep ROOT arraybuffer.prototype.slice@1.0.4 OK for: es-abstract@1.24.2 want: ^1.0.4
1374 silly placeDep ROOT available-typed-arrays@1.0.7 OK for: es-abstract@1.24.2 want: ^1.0.7
1375 silly placeDep ROOT data-view-buffer@1.0.2 OK for: es-abstract@1.24.2 want: ^1.0.2
1376 silly placeDep ROOT data-view-byte-length@1.0.2 OK for: es-abstract@1.24.2 want: ^1.0.2
1377 silly placeDep ROOT data-view-byte-offset@1.0.1 OK for: es-abstract@1.24.2 want: ^1.0.1
1378 silly placeDep ROOT es-set-tostringtag@2.1.0 OK for: es-abstract@1.24.2 want: ^2.1.0
1379 silly placeDep ROOT es-to-primitive@1.3.4 OK for: es-abstract@1.24.2 want: ^1.3.0
1380 silly placeDep ROOT function.prototype.name@1.2.0 OK for: es-abstract@1.24.2 want: ^1.1.8
1381 silly placeDep ROOT get-proto@1.0.1 OK for: es-abstract@1.24.2 want: ^1.0.1
1382 silly placeDep ROOT get-symbol-description@1.1.0 OK for: es-abstract@1.24.2 want: ^1.1.0
1383 silly placeDep ROOT globalthis@1.0.4 OK for: es-abstract@1.24.2 want: ^1.0.4
1384 silly placeDep ROOT has-proto@1.2.0 OK for: es-abstract@1.24.2 want: ^1.2.0
1385 silly placeDep ROOT has-symbols@1.1.0 OK for: es-abstract@1.24.2 want: ^1.1.0
1386 silly placeDep ROOT internal-slot@1.1.0 OK for: es-abstract@1.24.2 want: ^1.1.0
1387 silly placeDep ROOT is-array-buffer@3.0.5 OK for: es-abstract@1.24.2 want: ^3.0.5
1388 silly placeDep ROOT is-callable@1.2.7 OK for: es-abstract@1.24.2 want: ^1.2.7
1389 silly placeDep ROOT is-data-view@1.0.2 OK for: es-abstract@1.24.2 want: ^1.0.2
1390 silly placeDep ROOT is-negative-zero@2.0.3 OK for: es-abstract@1.24.2 want: ^2.0.3
1391 silly placeDep ROOT is-regex@1.2.1 OK for: es-abstract@1.24.2 want: ^1.2.1
1392 silly placeDep ROOT is-set@2.0.3 OK for: es-abstract@1.24.2 want: ^2.0.3
1393 silly placeDep ROOT is-shared-array-buffer@1.0.4 OK for: es-abstract@1.24.2 want: ^1.0.4
1394 silly placeDep ROOT is-typed-array@1.1.15 OK for: es-abstract@1.24.2 want: ^1.1.15
1395 silly placeDep ROOT is-weakref@1.1.1 OK for: es-abstract@1.24.2 want: ^1.1.1
1396 silly placeDep ROOT object-inspect@1.13.4 OK for: es-abstract@1.24.2 want: ^1.13.4
1397 silly placeDep ROOT object.assign@4.1.7 OK for: es-abstract@1.24.2 want: ^4.1.7
1398 silly placeDep ROOT own-keys@1.0.2 OK for: es-abstract@1.24.2 want: ^1.0.1
1399 silly placeDep ROOT regexp.prototype.flags@1.5.4 OK for: es-abstract@1.24.2 want: ^1.5.4
1400 silly placeDep ROOT safe-array-concat@1.1.4 OK for: es-abstract@1.24.2 want: ^1.1.3
1401 silly placeDep ROOT safe-push-apply@1.0.0 OK for: es-abstract@1.24.2 want: ^1.0.0
1402 silly placeDep ROOT set-proto@1.0.0 OK for: es-abstract@1.24.2 want: ^1.0.0
1403 silly placeDep ROOT stop-iteration-iterator@1.1.0 OK for: es-abstract@1.24.2 want: ^1.1.0
1404 silly placeDep ROOT string.prototype.trim@1.2.11 OK for: es-abstract@1.24.2 want: ^1.2.10
1405 silly placeDep ROOT string.prototype.trimend@1.0.10 OK for: es-abstract@1.24.2 want: ^1.0.9
1406 silly placeDep ROOT string.prototype.trimstart@1.0.8 OK for: es-abstract@1.24.2 want: ^1.0.8
1407 silly placeDep ROOT typed-array-buffer@1.0.3 OK for: es-abstract@1.24.2 want: ^1.0.3
1408 silly placeDep ROOT typed-array-byte-length@1.0.3 OK for: es-abstract@1.24.2 want: ^1.0.3
1409 silly placeDep ROOT typed-array-byte-offset@1.0.5 OK for: es-abstract@1.24.2 want: ^1.0.4
1410 silly placeDep ROOT typed-array-length@1.0.8 OK for: es-abstract@1.24.2 want: ^1.0.7
1411 silly placeDep ROOT unbox-primitive@1.1.0 OK for: es-abstract@1.24.2 want: ^1.1.0
1412 silly placeDep ROOT which-typed-array@1.1.24 OK for: es-abstract@1.24.2 want: ^1.1.19
1413 silly fetch manifest is-array-buffer@^3.0.4
1414 silly packumentCache full:https://registry.npmjs.org/is-array-buffer cache-hit
1415 silly fetch manifest possible-typed-array-names@^1.0.0
1416 silly packumentCache full:https://registry.npmjs.org/possible-typed-array-names cache-miss
1417 silly fetch manifest is-data-view@^1.0.1
1418 silly packumentCache full:https://registry.npmjs.org/is-data-view cache-hit
1419 silly fetch manifest is-symbol@^1.1.1
1420 silly packumentCache full:https://registry.npmjs.org/is-symbol cache-miss
1421 silly fetch manifest is-date-object@^1.1.0
1422 silly packumentCache full:https://registry.npmjs.org/is-date-object cache-miss
1423 silly fetch manifest es-abstract-get@^1.0.0
1424 silly packumentCache full:https://registry.npmjs.org/es-abstract-get cache-miss
1425 silly fetch manifest is-document.all@^1.0.0
1426 silly packumentCache full:https://registry.npmjs.org/is-document.all cache-miss
1427 silly fetch manifest functions-have-names@^1.2.3
1428 silly packumentCache full:https://registry.npmjs.org/functions-have-names cache-miss
1429 silly fetch manifest dunder-proto@^1.0.1
1430 silly packumentCache full:https://registry.npmjs.org/dunder-proto cache-miss
1431 silly fetch manifest dunder-proto@^1.0.0
1432 silly packumentCache full:https://registry.npmjs.org/dunder-proto cache-miss
1433 silly fetch manifest side-channel@^1.1.0
1434 silly packumentCache full:https://registry.npmjs.org/side-channel cache-miss
1435 silly fetch manifest is-typed-array@^1.1.13
1436 silly packumentCache full:https://registry.npmjs.org/is-typed-array cache-hit
1437 silly fetch manifest which-typed-array@^1.1.16
1438 silly packumentCache full:https://registry.npmjs.org/which-typed-array cache-hit
1439 silly fetch manifest set-function-name@^2.0.2
1440 silly packumentCache full:https://registry.npmjs.org/set-function-name cache-miss
1441 silly fetch manifest isarray@^2.0.5
1442 silly packumentCache full:https://registry.npmjs.org/isarray cache-miss
1443 silly fetch manifest isarray@^2.0.5
1444 silly packumentCache full:https://registry.npmjs.org/isarray cache-miss
1445 silly fetch manifest dunder-proto@^1.0.1
1446 silly packumentCache full:https://registry.npmjs.org/dunder-proto cache-miss
1447 silly fetch manifest for-each@^0.3.3
1448 silly packumentCache full:https://registry.npmjs.org/for-each cache-miss
1449 silly fetch manifest for-each@^0.3.5
1450 silly packumentCache full:https://registry.npmjs.org/for-each cache-miss
1451 http cache https://registry.npmjs.org/set-function-name 11ms (cache hit)
1452 silly packumentCache full:https://registry.npmjs.org/set-function-name set size:13766 disposed:false
1453 silly fetch manifest reflect.getprototypeof@^1.0.10
1454 silly packumentCache full:https://registry.npmjs.org/reflect.getprototypeof cache-miss
1455 http cache https://registry.npmjs.org/is-document.all 13ms (cache hit)
1456 silly packumentCache full:https://registry.npmjs.org/is-document.all set size:5283 disposed:false
1457 silly fetch manifest for-each@^0.3.5
1458 silly packumentCache full:https://registry.npmjs.org/for-each cache-miss
1459 http cache https://registry.npmjs.org/is-date-object 14ms (cache hit)
1460 silly packumentCache full:https://registry.npmjs.org/is-date-object set size:25050 disposed:false
1461 silly fetch manifest possible-typed-array-names@^1.1.0
1462 silly packumentCache full:https://registry.npmjs.org/possible-typed-array-names cache-miss
1463 http cache https://registry.npmjs.org/side-channel 13ms (cache hit)
1464 silly packumentCache full:https://registry.npmjs.org/side-channel set size:27650 disposed:false
1465 silly fetch manifest reflect.getprototypeof@^1.0.10
1466 silly packumentCache full:https://registry.npmjs.org/reflect.getprototypeof cache-miss
1467 http cache https://registry.npmjs.org/possible-typed-array-names 16ms (cache hit)
1468 silly packumentCache full:https://registry.npmjs.org/possible-typed-array-names set size:9167 disposed:false
1469 silly fetch manifest has-bigints@^1.0.2
1470 silly packumentCache full:https://registry.npmjs.org/has-bigints cache-miss
1471 http cache https://registry.npmjs.org/isarray 14ms (cache hit)
1472 silly packumentCache full:https://registry.npmjs.org/isarray set size:17392 disposed:false
1473 silly fetch manifest which-boxed-primitive@^1.1.1
1474 silly packumentCache full:https://registry.npmjs.org/which-boxed-primitive cache-miss
1475 http cache https://registry.npmjs.org/es-abstract-get 16ms (cache hit)
1476 silly packumentCache full:https://registry.npmjs.org/es-abstract-get set size:7156 disposed:false
1477 silly fetch manifest for-each@^0.3.5
1478 silly packumentCache full:https://registry.npmjs.org/for-each cache-miss
1479 http cache https://registry.npmjs.org/is-symbol 18ms (cache hit)
1480 silly packumentCache full:https://registry.npmjs.org/is-symbol set size:22675 disposed:false
1481 http cache https://registry.npmjs.org/dunder-proto 17ms (cache hit)
1482 silly packumentCache full:https://registry.npmjs.org/dunder-proto set size:8256 disposed:false
1483 http cache https://registry.npmjs.org/for-each 16ms (cache hit)
1484 silly packumentCache full:https://registry.npmjs.org/for-each set size:14327 disposed:false
1485 http cache https://registry.npmjs.org/dunder-proto 17ms (cache hit)
1486 silly packumentCache full:https://registry.npmjs.org/dunder-proto set size:8256 disposed:false
1487 silly packumentCache full:https://registry.npmjs.org/dunder-proto dispose
1488 http cache https://registry.npmjs.org/functions-have-names 19ms (cache hit)
1489 silly packumentCache full:https://registry.npmjs.org/functions-have-names set size:24196 disposed:false
1490 http cache https://registry.npmjs.org/for-each 17ms (cache hit)
1491 silly packumentCache full:https://registry.npmjs.org/for-each set size:14327 disposed:false
1492 silly packumentCache full:https://registry.npmjs.org/for-each dispose
1493 http cache https://registry.npmjs.org/isarray 17ms (cache hit)
1494 silly packumentCache full:https://registry.npmjs.org/isarray set size:17392 disposed:false
1495 silly packumentCache full:https://registry.npmjs.org/isarray dispose
1496 http cache https://registry.npmjs.org/dunder-proto 18ms (cache hit)
1497 silly packumentCache full:https://registry.npmjs.org/dunder-proto set size:8256 disposed:true
1498 silly packumentCache full:https://registry.npmjs.org/dunder-proto dispose
1499 http cache https://registry.npmjs.org/possible-typed-array-names 10ms (cache hit)
1500 silly packumentCache full:https://registry.npmjs.org/possible-typed-array-names set size:9167 disposed:false
1501 silly packumentCache full:https://registry.npmjs.org/possible-typed-array-names dispose
1502 http cache https://registry.npmjs.org/for-each 10ms (cache hit)
1503 silly packumentCache full:https://registry.npmjs.org/for-each set size:14327 disposed:true
1504 silly packumentCache full:https://registry.npmjs.org/for-each dispose
1505 http cache https://registry.npmjs.org/reflect.getprototypeof 10ms (cache hit)
1506 silly packumentCache full:https://registry.npmjs.org/reflect.getprototypeof set size:44083 disposed:false
1507 http cache https://registry.npmjs.org/for-each 9ms (cache hit)
1508 silly packumentCache full:https://registry.npmjs.org/for-each set size:14327 disposed:true
1509 silly packumentCache full:https://registry.npmjs.org/for-each dispose
1510 http cache https://registry.npmjs.org/has-bigints 11ms (cache hit)
1511 silly packumentCache full:https://registry.npmjs.org/has-bigints set size:14176 disposed:false
1512 http cache https://registry.npmjs.org/which-boxed-primitive 10ms (cache hit)
1513 silly packumentCache full:https://registry.npmjs.org/which-boxed-primitive set size:19407 disposed:false
1514 http cache https://registry.npmjs.org/reflect.getprototypeof 14ms (cache hit)
1515 silly packumentCache full:https://registry.npmjs.org/reflect.getprototypeof set size:44083 disposed:false
1516 silly packumentCache full:https://registry.npmjs.org/reflect.getprototypeof dispose
1517 silly placeDep ROOT possible-typed-array-names@1.1.0 OK for: available-typed-arrays@1.0.7 want: ^1.0.0
1518 silly placeDep ROOT has-tostringtag@1.0.2 OK for: es-set-tostringtag@2.1.0 want: ^1.0.2
1519 silly placeDep ROOT es-abstract-get@1.0.0 OK for: es-to-primitive@1.3.4 want: ^1.0.0
1520 silly placeDep ROOT is-date-object@1.1.0 OK for: es-to-primitive@1.3.4 want: ^1.1.0
1521 silly placeDep ROOT is-symbol@1.1.1 OK for: es-to-primitive@1.3.4 want: ^1.1.1
1522 silly placeDep ROOT esrecurse@4.3.0 OK for: eslint-scope@8.4.0 want: ^4.3.0
1523 silly placeDep ROOT estraverse@5.3.0 OK for: eslint-scope@8.4.0 want: ^5.2.0
1524 silly placeDep ROOT acorn@8.18.0 OK for: espree@10.4.0 want: ^8.15.0
1525 silly placeDep ROOT acorn-jsx@5.3.2 OK for: espree@10.4.0 want: ^5.3.2
1526 silly placeDep ROOT @nodelib/fs.stat@2.0.5 OK for: fast-glob@3.3.1 want: ^2.0.2
1527 silly placeDep ROOT @nodelib/fs.walk@1.2.8 OK for: fast-glob@3.3.1 want: ^1.2.3
1528 silly placeDep node_modules/fast-glob glob-parent@5.1.2 OK for: fast-glob@3.3.1 want: ^5.1.2
1529 silly placeDep ROOT merge2@1.4.1 OK for: fast-glob@3.3.1 want: ^1.3.0
1530 silly placeDep ROOT micromatch@4.0.8 OK for: fast-glob@3.3.1 want: ^4.0.4
1531 silly fetch manifest fastq@^1.6.0
1532 silly packumentCache full:https://registry.npmjs.org/fastq cache-miss
1533 silly fetch manifest @nodelib/fs.scandir@2.1.5
1534 silly packumentCache full:https://registry.npmjs.org/@nodelib%2ffs.scandir cache-miss
1535 silly fetch manifest braces@^3.0.3
1536 silly packumentCache full:https://registry.npmjs.org/braces cache-miss
1537 silly fetch manifest picomatch@^2.3.1
1538 silly packumentCache full:https://registry.npmjs.org/picomatch cache-hit
1539 http cache https://registry.npmjs.org/fastq 4ms (cache hit)
1540 silly packumentCache full:https://registry.npmjs.org/fastq set size:82997 disposed:false
1541 http cache https://registry.npmjs.org/braces 4ms (cache hit)
1542 silly packumentCache full:https://registry.npmjs.org/braces set size:114529 disposed:false
1543 http cache https://registry.npmjs.org/@nodelib%2ffs.scandir 6ms (cache hit)
1544 silly packumentCache full:https://registry.npmjs.org/@nodelib%2ffs.scandir set size:49256 disposed:false
1545 silly placeDep ROOT @nodelib/fs.scandir@2.1.5 OK for: @nodelib/fs.walk@1.2.8 want: 2.1.5
1546 silly placeDep ROOT fastq@1.20.3 OK for: @nodelib/fs.walk@1.2.8 want: ^1.6.0
1547 silly fetch manifest run-parallel@^1.1.9
1548 silly packumentCache full:https://registry.npmjs.org/run-parallel cache-miss
1549 silly fetch manifest reusify@^1.0.4
1550 silly packumentCache full:https://registry.npmjs.org/reusify cache-miss
1551 http cache https://registry.npmjs.org/reusify 3ms (cache hit)
1552 silly packumentCache full:https://registry.npmjs.org/reusify set size:14249 disposed:false
1553 http cache https://registry.npmjs.org/run-parallel 3ms (cache hit)
1554 silly packumentCache full:https://registry.npmjs.org/run-parallel set size:35172 disposed:false
1555 silly placeDep ROOT run-parallel@1.2.0 OK for: @nodelib/fs.scandir@2.1.5 want: ^1.1.9
1556 silly fetch manifest queue-microtask@^1.2.2
1557 silly packumentCache full:https://registry.npmjs.org/queue-microtask cache-miss
1558 http cache https://registry.npmjs.org/queue-microtask 6ms (cache hit)
1559 silly packumentCache full:https://registry.npmjs.org/queue-microtask set size:36088 disposed:false
1560 silly placeDep ROOT reusify@1.1.0 OK for: fastq@1.20.3 want: ^1.0.4
1561 silly placeDep ROOT flat-cache@4.0.1 OK for: file-entry-cache@8.0.0 want: ^4.0.0
1562 silly fetch manifest keyv@^4.5.4
1563 silly packumentCache full:https://registry.npmjs.org/keyv cache-miss
1564 silly fetch manifest flatted@^3.2.9
1565 silly packumentCache full:https://registry.npmjs.org/flatted cache-miss
1566 http cache https://registry.npmjs.org/flatted 3ms (cache hit)
1567 silly packumentCache full:https://registry.npmjs.org/flatted set size:143283 disposed:false
1568 http cache https://registry.npmjs.org/keyv 5ms (cache hit)
1569 silly packumentCache full:https://registry.npmjs.org/keyv set size:227033 disposed:false
1570 silly placeDep ROOT locate-path@6.0.0 OK for: find-up@5.0.0 want: ^6.0.0
1571 silly placeDep ROOT path-exists@4.0.0 OK for: find-up@5.0.0 want: ^4.0.0
1572 silly fetch manifest p-locate@^5.0.0
1573 silly packumentCache full:https://registry.npmjs.org/p-locate cache-miss
1574 http cache https://registry.npmjs.org/p-locate 3ms (cache hit)
1575 silly packumentCache full:https://registry.npmjs.org/p-locate set size:22488 disposed:false
1576 silly placeDep ROOT flatted@3.4.4 OK for: flat-cache@4.0.1 want: ^3.2.9
1577 silly placeDep ROOT keyv@4.5.4 OK for: flat-cache@4.0.1 want: ^4.5.4
1578 silly fetch manifest json-buffer@3.0.1
1579 silly packumentCache full:https://registry.npmjs.org/json-buffer cache-miss
1580 http cache https://registry.npmjs.org/json-buffer 2ms (cache hit)
1581 silly packumentCache full:https://registry.npmjs.org/json-buffer set size:23474 disposed:false
1582 silly placeDep ROOT functions-have-names@1.2.3 OK for: function.prototype.name@1.2.0 want: ^1.2.3
1583 silly placeDep ROOT is-document.all@1.0.0 OK for: function.prototype.name@1.2.0 want: ^1.0.0
1584 silly placeDep ROOT dunder-proto@1.0.1 OK for: get-proto@1.0.1 want: ^1.0.1
1585 silly placeDep ROOT resolve-pkg-maps@1.0.0 OK for: get-tsconfig@4.14.3 want: ^1.0.0
1586 silly placeDep ROOT parent-module@1.0.1 OK for: import-fresh@3.3.1 want: ^1.0.0
1587 silly placeDep ROOT resolve-from@4.0.0 OK for: import-fresh@3.3.1 want: ^4.0.0
1588 silly fetch manifest callsites@^3.0.0
1589 silly packumentCache full:https://registry.npmjs.org/callsites cache-miss
1590 http cache https://registry.npmjs.org/callsites 3ms (cache hit)
1591 silly packumentCache full:https://registry.npmjs.org/callsites set size:21349 disposed:false
1592 silly placeDep ROOT side-channel@1.1.1 OK for: internal-slot@1.1.0 want: ^1.1.0
1593 silly fetch manifest side-channel-list@^1.0.1
1594 silly packumentCache full:https://registry.npmjs.org/side-channel-list cache-miss
1595 silly fetch manifest side-channel-map@^1.0.1
1596 silly packumentCache full:https://registry.npmjs.org/side-channel-map cache-miss
1597 silly fetch manifest side-channel-weakmap@^1.0.2
1598 silly packumentCache full:https://registry.npmjs.org/side-channel-weakmap cache-miss
1599 http cache https://registry.npmjs.org/side-channel-weakmap 3ms (cache hit)
1600 silly packumentCache full:https://registry.npmjs.org/side-channel-weakmap set size:12620 disposed:false
1601 http cache https://registry.npmjs.org/side-channel-list 4ms (cache hit)
1602 silly packumentCache full:https://registry.npmjs.org/side-channel-list set size:9021 disposed:false
1603 http cache https://registry.npmjs.org/side-channel-map 4ms (cache hit)
1604 silly packumentCache full:https://registry.npmjs.org/side-channel-map set size:9126 disposed:false
1605 silly placeDep ROOT is-extglob@2.1.1 OK for: is-glob@4.0.3 want: ^2.1.1
1606 silly placeDep ROOT argparse@2.0.1 OK for: js-yaml@4.3.2 want: ^2.0.1
1607 silly placeDep ROOT array.prototype.flat@1.3.3 OK for: jsx-ast-utils@3.3.5 want: ^1.3.1
1608 silly placeDep ROOT object.values@1.2.1 OK for: jsx-ast-utils@3.3.5 want: ^1.1.6
1609 silly placeDep ROOT json-buffer@3.0.1 OK for: keyv@4.5.4 want: 3.0.1
1610 silly placeDep ROOT language-subtag-registry@0.3.23 OK for: language-tags@1.0.9 want: ^0.3.20
1611 silly placeDep ROOT prelude-ls@1.2.1 OK for: levn@0.4.1 want: ^1.2.1
1612 silly placeDep ROOT type-check@0.4.0 OK for: levn@0.4.1 want: ~0.4.0
1613 silly placeDep ROOT p-locate@5.0.0 OK for: locate-path@6.0.0 want: ^5.0.0
1614 silly fetch manifest p-limit@^3.0.2
1615 silly packumentCache full:https://registry.npmjs.org/p-limit cache-miss
1616 http cache https://registry.npmjs.org/p-limit 2ms (cache hit)
1617 silly packumentCache full:https://registry.npmjs.org/p-limit set size:68604 disposed:false
1618 silly placeDep ROOT braces@3.0.3 OK for: micromatch@4.0.8 want: ^3.0.3
1619 silly placeDep ROOT picomatch@2.3.2 OK for: micromatch@4.0.8 want: ^2.3.1
1620 silly fetch manifest fill-range@^7.1.1
1621 silly packumentCache full:https://registry.npmjs.org/fill-range cache-miss
1622 http cache https://registry.npmjs.org/fill-range 3ms (cache hit)
1623 silly packumentCache full:https://registry.npmjs.org/fill-range set size:90162 disposed:false
1624 silly placeDep ROOT fill-range@7.1.1 OK for: braces@3.0.3 want: ^7.1.1
1625 silly fetch manifest to-regex-range@^5.0.1
1626 silly packumentCache full:https://registry.npmjs.org/to-regex-range cache-miss
1627 http cache https://registry.npmjs.org/to-regex-range 3ms (cache hit)
1628 silly packumentCache full:https://registry.npmjs.org/to-regex-range set size:61569 disposed:false
1629 silly placeDep ROOT to-regex-range@5.0.1 OK for: fill-range@7.1.1 want: ^5.0.1
1630 silly fetch manifest is-number@^7.0.0
1631 silly packumentCache full:https://registry.npmjs.org/is-number cache-miss
1632 http cache https://registry.npmjs.org/is-number 2ms (cache hit)
1633 silly packumentCache full:https://registry.npmjs.org/is-number set size:36183 disposed:false
1634 silly placeDep ROOT brace-expansion@1.1.21 OK for: minimatch@3.1.5 want: ^1.1.7
1635 silly fetch manifest concat-map@0.0.1
1636 silly packumentCache full:https://registry.npmjs.org/concat-map cache-miss
1637 silly fetch manifest balanced-match@^1.0.0
1638 silly packumentCache full:https://registry.npmjs.org/balanced-match cache-miss
1639 http cache https://registry.npmjs.org/concat-map 3ms (cache hit)
1640 silly packumentCache full:https://registry.npmjs.org/concat-map set size:9290 disposed:false
1641 http cache https://registry.npmjs.org/balanced-match 3ms (cache hit)
1642 silly packumentCache full:https://registry.npmjs.org/balanced-match set size:39082 disposed:false
1643 silly placeDep ROOT balanced-match@1.0.2 OK for: brace-expansion@1.1.21 want: ^1.0.0
1644 silly placeDep ROOT concat-map@0.0.1 OK for: brace-expansion@1.1.21 want: 0.0.1
1645 silly fetch manifest react@^18.2.0 || 19.0.0-rc-de68d2f4-20241204 || ^19.0.0
1646 silly packumentCache full:https://registry.npmjs.org/react cache-miss
1647 http cache https://registry.npmjs.org/react 11ms (cache hit)
1648 silly packumentCache full:https://registry.npmjs.org/react set size:6997055 disposed:false
1649 silly placeDep ROOT @next/env@15.1.6 OK for: next@15.1.6 want: 15.1.6
1650 silly placeDep ROOT @next/swc-darwin-arm64@15.1.6 OK for: next@15.1.6 want: 15.1.6
1651 silly placeDep ROOT @next/swc-darwin-x64@15.1.6 OK for: next@15.1.6 want: 15.1.6
1652 silly placeDep ROOT @next/swc-linux-arm64-gnu@15.1.6 OK for: next@15.1.6 want: 15.1.6
1653 silly placeDep ROOT @next/swc-linux-arm64-musl@15.1.6 OK for: next@15.1.6 want: 15.1.6
1654 silly placeDep ROOT @next/swc-linux-x64-gnu@15.1.6 OK for: next@15.1.6 want: 15.1.6
1655 silly placeDep ROOT @next/swc-linux-x64-musl@15.1.6 OK for: next@15.1.6 want: 15.1.6
1656 silly placeDep ROOT @next/swc-win32-arm64-msvc@15.1.6 OK for: next@15.1.6 want: 15.1.6
1657 silly placeDep ROOT @next/swc-win32-x64-msvc@15.1.6 OK for: next@15.1.6 want: 15.1.6
1658 silly placeDep ROOT @swc/counter@0.1.3 OK for: next@15.1.6 want: 0.1.3
1659 silly placeDep ROOT @swc/helpers@0.5.15 OK for: next@15.1.6 want: 0.5.15
1660 silly placeDep ROOT busboy@1.6.0 OK for: next@15.1.6 want: 1.6.0
1661 silly placeDep ROOT caniuse-lite@1.0.30001810 OK for: next@15.1.6 want: ^1.0.30001579
1662 silly placeDep ROOT postcss@8.4.31 OK for: next@15.1.6 want: 8.4.31
1663 silly placeDep ROOT sharp@0.33.5 OK for: next@15.1.6 want: ^0.33.5
1664 silly placeDep ROOT styled-jsx@5.1.6 OK for: next@15.1.6 want: 5.1.6
1665 silly fetch manifest tslib@^2.8.0
1666 silly packumentCache full:https://registry.npmjs.org/tslib cache-miss
1667 silly fetch manifest streamsearch@^1.1.0
1668 silly packumentCache full:https://registry.npmjs.org/streamsearch cache-miss
1669 silly fetch manifest nanoid@^3.3.6
1670 silly packumentCache full:https://registry.npmjs.org/nanoid cache-miss
1671 silly fetch manifest picocolors@^1.0.0
1672 silly packumentCache full:https://registry.npmjs.org/picocolors cache-miss
1673 silly fetch manifest source-map-js@^1.0.2
1674 silly packumentCache full:https://registry.npmjs.org/source-map-js cache-miss
1675 silly fetch manifest color@^4.2.3
1676 silly packumentCache full:https://registry.npmjs.org/color cache-miss
1677 silly fetch manifest detect-libc@^2.0.3
1678 silly packumentCache full:https://registry.npmjs.org/detect-libc cache-miss
1679 silly fetch manifest @img/sharp-wasm32@0.33.5
1680 silly packumentCache full:https://registry.npmjs.org/@img%2fsharp-wasm32 cache-miss
1681 silly fetch manifest @img/sharp-linux-arm@0.33.5
1682 silly packumentCache full:https://registry.npmjs.org/@img%2fsharp-linux-arm cache-miss
1683 silly fetch manifest @img/sharp-linux-x64@0.33.5
1684 silly packumentCache full:https://registry.npmjs.org/@img%2fsharp-linux-x64 cache-miss
1685 silly fetch manifest @img/sharp-win32-x64@0.33.5
1686 silly packumentCache full:https://registry.npmjs.org/@img%2fsharp-win32-x64 cache-miss
1687 silly fetch manifest @img/sharp-darwin-x64@0.33.5
1688 silly packumentCache full:https://registry.npmjs.org/@img%2fsharp-darwin-x64 cache-miss
1689 silly fetch manifest @img/sharp-win32-ia32@0.33.5
1690 silly packumentCache full:https://registry.npmjs.org/@img%2fsharp-win32-ia32 cache-miss
1691 silly fetch manifest @img/sharp-linux-arm64@0.33.5
1692 silly packumentCache full:https://registry.npmjs.org/@img%2fsharp-linux-arm64 cache-miss
1693 silly fetch manifest @img/sharp-linux-s390x@0.33.5
1694 silly packumentCache full:https://registry.npmjs.org/@img%2fsharp-linux-s390x cache-miss
1695 http cache https://registry.npmjs.org/source-map-js 14ms (cache hit)
1696 silly packumentCache full:https://registry.npmjs.org/source-map-js set size:62640 disposed:false
1697 silly fetch manifest @img/sharp-darwin-arm64@0.33.5
1698 silly packumentCache full:https://registry.npmjs.org/@img%2fsharp-darwin-arm64 cache-miss
1699 http cache https://registry.npmjs.org/@img%2fsharp-wasm32 15ms (cache hit)
1700 silly packumentCache full:https://registry.npmjs.org/@img%2fsharp-wasm32 set size:103630 disposed:false
1701 silly fetch manifest @img/sharp-linuxmusl-x64@0.33.5
1702 silly packumentCache full:https://registry.npmjs.org/@img%2fsharp-linuxmusl-x64 cache-miss
1703 http cache https://registry.npmjs.org/picocolors 16ms (cache hit)
1704 silly packumentCache full:https://registry.npmjs.org/picocolors set size:16648 disposed:false
1705 silly fetch manifest @img/sharp-linuxmusl-arm64@0.33.5
1706 silly packumentCache full:https://registry.npmjs.org/@img%2fsharp-linuxmusl-arm64 cache-miss
1707 http cache https://registry.npmjs.org/detect-libc 16ms (cache hit)
1708 silly packumentCache full:https://registry.npmjs.org/detect-libc set size:47861 disposed:false
1709 silly fetch manifest @img/sharp-libvips-linux-arm@1.0.5
1710 silly packumentCache full:https://registry.npmjs.org/@img%2fsharp-libvips-linux-arm cache-miss
1711 http cache https://registry.npmjs.org/streamsearch 18ms (cache hit)
1712 silly packumentCache full:https://registry.npmjs.org/streamsearch set size:27372 disposed:false
1713 silly fetch manifest @img/sharp-libvips-linux-x64@1.0.4
1714 silly packumentCache full:https://registry.npmjs.org/@img%2fsharp-libvips-linux-x64 cache-miss
1715 http cache https://registry.npmjs.org/nanoid 19ms (cache hit)
1716 silly packumentCache full:https://registry.npmjs.org/nanoid set size:345858 disposed:false
1717 silly fetch manifest @img/sharp-libvips-darwin-x64@1.0.4
1718 silly packumentCache full:https://registry.npmjs.org/@img%2fsharp-libvips-darwin-x64 cache-miss
1719 http cache https://registry.npmjs.org/@img%2fsharp-linux-x64 20ms (cache hit)
1720 silly packumentCache full:https://registry.npmjs.org/@img%2fsharp-linux-x64 set size:106660 disposed:false
1721 silly fetch manifest @img/sharp-libvips-linux-arm64@1.0.4
1722 silly packumentCache full:https://registry.npmjs.org/@img%2fsharp-libvips-linux-arm64 cache-miss
1723 http cache https://registry.npmjs.org/color 21ms (cache hit)
1724 silly packumentCache full:https://registry.npmjs.org/color set size:98234 disposed:false
1725 silly fetch manifest @img/sharp-libvips-linux-s390x@1.0.4
1726 silly packumentCache full:https://registry.npmjs.org/@img%2fsharp-libvips-linux-s390x cache-miss
1727 http cache https://registry.npmjs.org/tslib 23ms (cache hit)
1728 silly packumentCache full:https://registry.npmjs.org/tslib set size:108843 disposed:false
1729 silly fetch manifest @img/sharp-libvips-darwin-arm64@1.0.4
1730 silly packumentCache full:https://registry.npmjs.org/@img%2fsharp-libvips-darwin-arm64 cache-miss
1731 http cache https://registry.npmjs.org/@img%2fsharp-win32-x64 23ms (cache hit)
1732 silly packumentCache full:https://registry.npmjs.org/@img%2fsharp-win32-x64 set size:107829 disposed:false
1733 silly fetch manifest @img/sharp-libvips-linuxmusl-x64@1.0.4
1734 silly packumentCache full:https://registry.npmjs.org/@img%2fsharp-libvips-linuxmusl-x64 cache-miss
1735 http cache https://registry.npmjs.org/@img%2fsharp-linux-arm64 24ms (cache hit)
1736 silly packumentCache full:https://registry.npmjs.org/@img%2fsharp-linux-arm64 set size:108045 disposed:false
1737 silly fetch manifest @img/sharp-libvips-linuxmusl-arm64@1.0.4
1738 silly packumentCache full:https://registry.npmjs.org/@img%2fsharp-libvips-linuxmusl-arm64 cache-miss
1739 http cache https://registry.npmjs.org/@img%2fsharp-darwin-x64 25ms (cache hit)
1740 silly packumentCache full:https://registry.npmjs.org/@img%2fsharp-darwin-x64 set size:108820 disposed:false
1741 silly fetch manifest client-only@0.0.1
1742 silly packumentCache full:https://registry.npmjs.org/client-only cache-miss
1743 http cache https://registry.npmjs.org/@img%2fsharp-linux-arm 28ms (cache hit)
1744 silly packumentCache full:https://registry.npmjs.org/@img%2fsharp-linux-arm set size:107173 disposed:false
1745 http cache https://registry.npmjs.org/@img%2fsharp-linux-s390x 28ms (cache hit)
1746 silly packumentCache full:https://registry.npmjs.org/@img%2fsharp-linux-s390x set size:105911 disposed:false
1747 http cache https://registry.npmjs.org/@img%2fsharp-win32-ia32 29ms (cache hit)
1748 silly packumentCache full:https://registry.npmjs.org/@img%2fsharp-win32-ia32 set size:108835 disposed:false
1749 http cache https://registry.npmjs.org/@img%2fsharp-libvips-linux-arm 19ms (cache hit)
1750 silly packumentCache full:https://registry.npmjs.org/@img%2fsharp-libvips-linux-arm set size:95067 disposed:false
1751 http cache https://registry.npmjs.org/@img%2fsharp-darwin-arm64 23ms (cache hit)
1752 silly packumentCache full:https://registry.npmjs.org/@img%2fsharp-darwin-arm64 set size:110251 disposed:false
1753 http cache https://registry.npmjs.org/@img%2fsharp-libvips-darwin-x64 18ms (cache hit)
1754 silly packumentCache full:https://registry.npmjs.org/@img%2fsharp-libvips-darwin-x64 set size:87586 disposed:false
1755 http cache https://registry.npmjs.org/@img%2fsharp-linuxmusl-arm64 23ms (cache hit)
1756 silly packumentCache full:https://registry.npmjs.org/@img%2fsharp-linuxmusl-arm64 set size:109709 disposed:false
1757 http cache https://registry.npmjs.org/@img%2fsharp-linuxmusl-x64 24ms (cache hit)
1758 silly packumentCache full:https://registry.npmjs.org/@img%2fsharp-linuxmusl-x64 set size:108319 disposed:false
1759 http cache https://registry.npmjs.org/@img%2fsharp-libvips-linux-arm64 19ms (cache hit)
1760 silly packumentCache full:https://registry.npmjs.org/@img%2fsharp-libvips-linux-arm64 set size:92171 disposed:false
1761 http cache https://registry.npmjs.org/@img%2fsharp-libvips-linux-x64 23ms (cache hit)
1762 silly packumentCache full:https://registry.npmjs.org/@img%2fsharp-libvips-linux-x64 set size:90900 disposed:false
1763 http cache https://registry.npmjs.org/@img%2fsharp-libvips-linux-s390x 19ms (cache hit)
1764 silly packumentCache full:https://registry.npmjs.org/@img%2fsharp-libvips-linux-s390x set size:86174 disposed:false
1765 http cache https://registry.npmjs.org/@img%2fsharp-libvips-darwin-arm64 19ms (cache hit)
1766 silly packumentCache full:https://registry.npmjs.org/@img%2fsharp-libvips-darwin-arm64 set size:88531 disposed:false
1767 http cache https://registry.npmjs.org/@img%2fsharp-libvips-linuxmusl-x64 19ms (cache hit)
1768 silly packumentCache full:https://registry.npmjs.org/@img%2fsharp-libvips-linuxmusl-x64 set size:88274 disposed:false
1769 http cache https://registry.npmjs.org/@img%2fsharp-libvips-linuxmusl-arm64 19ms (cache hit)
1770 silly packumentCache full:https://registry.npmjs.org/@img%2fsharp-libvips-linuxmusl-arm64 set size:91390 disposed:false
1771 http cache https://registry.npmjs.org/client-only 17ms (cache hit)
1772 silly packumentCache full:https://registry.npmjs.org/client-only set size:2750 disposed:false
1773 silly placeDep ROOT tslib@2.8.1 OK for: @swc/helpers@0.5.15 want: ^2.8.0
1774 silly placeDep ROOT streamsearch@1.1.0 OK for: busboy@1.6.0 want: ^1.1.0
1775 silly placeDep ROOT deep-is@0.1.4 OK for: optionator@0.9.4 want: ^0.1.3
1776 silly placeDep ROOT fast-levenshtein@2.0.6 OK for: optionator@0.9.4 want: ^2.0.6
1777 silly placeDep ROOT word-wrap@1.2.5 OK for: optionator@0.9.4 want: ^1.2.5
1778 silly placeDep ROOT p-limit@3.1.0 OK for: p-locate@5.0.0 want: ^3.0.2
1779 silly fetch manifest yocto-queue@^0.1.0
1780 silly packumentCache full:https://registry.npmjs.org/yocto-queue cache-miss
1781 http cache https://registry.npmjs.org/yocto-queue 3ms (cache hit)
1782 silly packumentCache full:https://registry.npmjs.org/yocto-queue set size:20256 disposed:false
1783 silly placeDep ROOT yocto-queue@0.1.0 OK for: p-limit@3.1.0 want: ^0.1.0
1784 silly placeDep ROOT callsites@3.1.0 OK for: parent-module@1.0.1 want: ^3.0.0
1785 silly placeDep ROOT nanoid@3.3.19 OK for: postcss@8.4.31 want: ^3.3.6
1786 silly placeDep ROOT picocolors@1.1.1 OK for: postcss@8.4.31 want: ^1.0.0
1787 silly placeDep ROOT source-map-js@1.2.1 OK for: postcss@8.4.31 want: ^1.0.2
1788 silly placeDep ROOT scheduler@0.25.0 OK for: react-dom@19.0.0 want: ^0.25.0
1789 silly placeDep ROOT set-function-name@2.0.2 OK for: regexp.prototype.flags@1.5.4 want: ^2.0.2
1790 silly placeDep node_modules/resolve node-exports-info@1.6.2 OK for: resolve@2.0.0-next.7 want: ^1.6.0
1791 silly placeDep ROOT path-parse@1.0.7 OK for: resolve@2.0.0-next.7 want: ^1.0.7
1792 silly placeDep ROOT supports-preserve-symlinks-flag@1.0.0 OK for: resolve@2.0.0-next.7 want: ^1.0.0
1793 silly placeDep ROOT queue-microtask@1.2.3 OK for: run-parallel@1.2.0 want: ^1.2.2
1794 silly placeDep ROOT isarray@2.0.5 OK for: safe-array-concat@1.1.4 want: ^2.0.5
1795 silly placeDep ROOT @img/sharp-darwin-arm64@0.33.5 OK for: sharp@0.33.5 want: 0.33.5
1796 silly placeDep ROOT @img/sharp-darwin-x64@0.33.5 OK for: sharp@0.33.5 want: 0.33.5
1797 silly placeDep ROOT @img/sharp-libvips-darwin-arm64@1.0.4 OK for: sharp@0.33.5 want: 1.0.4
1798 silly placeDep ROOT @img/sharp-libvips-darwin-x64@1.0.4 OK for: sharp@0.33.5 want: 1.0.4
1799 silly placeDep ROOT @img/sharp-libvips-linux-arm@1.0.5 OK for: sharp@0.33.5 want: 1.0.5
1800 silly placeDep ROOT @img/sharp-libvips-linux-arm64@1.0.4 OK for: sharp@0.33.5 want: 1.0.4
1801 silly placeDep ROOT @img/sharp-libvips-linux-s390x@1.0.4 OK for: sharp@0.33.5 want: 1.0.4
1802 silly placeDep ROOT @img/sharp-libvips-linux-x64@1.0.4 OK for: sharp@0.33.5 want: 1.0.4
1803 silly placeDep ROOT @img/sharp-libvips-linuxmusl-arm64@1.0.4 OK for: sharp@0.33.5 want: 1.0.4
1804 silly placeDep ROOT @img/sharp-libvips-linuxmusl-x64@1.0.4 OK for: sharp@0.33.5 want: 1.0.4
1805 silly placeDep ROOT @img/sharp-linux-arm@0.33.5 OK for: sharp@0.33.5 want: 0.33.5
1806 silly placeDep ROOT @img/sharp-linux-arm64@0.33.5 OK for: sharp@0.33.5 want: 0.33.5
1807 silly placeDep ROOT @img/sharp-linux-s390x@0.33.5 OK for: sharp@0.33.5 want: 0.33.5
1808 silly placeDep ROOT @img/sharp-linux-x64@0.33.5 OK for: sharp@0.33.5 want: 0.33.5
1809 silly placeDep ROOT @img/sharp-linuxmusl-arm64@0.33.5 OK for: sharp@0.33.5 want: 0.33.5
1810 silly placeDep ROOT @img/sharp-linuxmusl-x64@0.33.5 OK for: sharp@0.33.5 want: 0.33.5
1811 silly placeDep ROOT @img/sharp-wasm32@0.33.5 OK for: sharp@0.33.5 want: 0.33.5
1812 silly placeDep ROOT @img/sharp-win32-ia32@0.33.5 OK for: sharp@0.33.5 want: 0.33.5
1813 silly placeDep ROOT @img/sharp-win32-x64@0.33.5 OK for: sharp@0.33.5 want: 0.33.5
1814 silly placeDep ROOT color@4.2.3 OK for: sharp@0.33.5 want: ^4.2.3
1815 silly placeDep ROOT detect-libc@2.1.2 OK for: sharp@0.33.5 want: ^2.0.3
1816 silly fetch manifest @emnapi/runtime@^1.2.0
1817 silly packumentCache full:https://registry.npmjs.org/@emnapi%2fruntime cache-miss
1818 silly fetch manifest color-string@^1.9.0
1819 silly packumentCache full:https://registry.npmjs.org/color-string cache-miss
1820 http cache https://registry.npmjs.org/color-string 8ms (cache hit)
1821 silly packumentCache full:https://registry.npmjs.org/color-string set size:84418 disposed:false
1822 http cache https://registry.npmjs.org/@emnapi%2fruntime 9ms (cache hit)
1823 silly packumentCache full:https://registry.npmjs.org/@emnapi%2fruntime set size:127256 disposed:false
1824 silly placeDep ROOT @emnapi/runtime@1.11.3 OK for: @img/sharp-wasm32@0.33.5 want: ^1.2.0
1825 silly placeDep ROOT color-string@1.9.1 OK for: color@4.2.3 want: ^1.9.0
1826 silly fetch manifest simple-swizzle@^0.2.2
1827 silly packumentCache full:https://registry.npmjs.org/simple-swizzle cache-miss
1828 http cache https://registry.npmjs.org/simple-swizzle 2ms (cache hit)
1829 silly packumentCache full:https://registry.npmjs.org/simple-swizzle set size:10651 disposed:false
1830 silly placeDep ROOT simple-swizzle@0.2.4 OK for: color-string@1.9.1 want: ^0.2.2
1831 silly fetch manifest is-arrayish@^0.3.1
1832 silly packumentCache full:https://registry.npmjs.org/is-arrayish cache-miss
1833 http cache https://registry.npmjs.org/is-arrayish 2ms (cache hit)
1834 silly packumentCache full:https://registry.npmjs.org/is-arrayish set size:15371 disposed:false
1835 silly placeDep ROOT shebang-regex@3.0.0 OK for: shebang-command@2.0.0 want: ^3.0.0
1836 silly placeDep ROOT side-channel-list@1.0.1 OK for: side-channel@1.1.1 want: ^1.0.1
1837 silly placeDep ROOT side-channel-map@1.0.1 OK for: side-channel@1.1.1 want: ^1.0.1
1838 silly placeDep ROOT side-channel-weakmap@1.0.2 OK for: side-channel@1.1.1 want: ^1.0.2
1839 silly placeDep ROOT is-arrayish@0.3.4 OK for: simple-swizzle@0.2.4 want: ^0.3.1
1840 silly placeDep ROOT client-only@0.0.1 OK for: styled-jsx@5.1.6 want: 0.0.1
1841 silly placeDep ROOT has-flag@4.0.0 OK for: supports-color@7.2.0 want: ^4.0.0
1842 silly placeDep node_modules/tinyglobby fdir@6.5.0 OK for: tinyglobby@0.2.17 want: ^6.5.0
1843 silly placeDep node_modules/tinyglobby picomatch@4.0.7 OK for: fdir@6.5.0 want: ^3 || ^4
1844 silly placeDep ROOT is-number@7.0.0 OK for: to-regex-range@5.0.1 want: ^7.0.0
1845 silly placeDep ROOT for-each@0.3.5 OK for: typed-array-byte-length@1.0.3 want: ^0.3.3
1846 silly placeDep ROOT reflect.getprototypeof@1.0.10 OK for: typed-array-byte-offset@1.0.5 want: ^1.0.10
1847 silly fetch manifest which-builtin-type@^1.2.1
1848 silly packumentCache full:https://registry.npmjs.org/which-builtin-type cache-miss
1849 http cache https://registry.npmjs.org/which-builtin-type 3ms (cache hit)
1850 silly packumentCache full:https://registry.npmjs.org/which-builtin-type set size:39107 disposed:false
1851 silly placeDep ROOT which-builtin-type@1.2.1 OK for: reflect.getprototypeof@1.0.10 want: ^1.2.1
1852 silly fetch manifest is-async-function@^2.0.0
1853 silly packumentCache full:https://registry.npmjs.org/is-async-function cache-miss
1854 silly fetch manifest is-finalizationregistry@^1.1.0
1855 silly packumentCache full:https://registry.npmjs.org/is-finalizationregistry cache-miss
1856 silly fetch manifest is-generator-function@^1.0.10
1857 silly packumentCache full:https://registry.npmjs.org/is-generator-function cache-miss
1858 silly fetch manifest which-boxed-primitive@^1.1.0
1859 silly packumentCache full:https://registry.npmjs.org/which-boxed-primitive cache-hit
1860 silly fetch manifest which-collection@^1.0.2
1861 silly packumentCache full:https://registry.npmjs.org/which-collection cache-miss
1862 http cache https://registry.npmjs.org/is-generator-function 4ms (cache hit)
1863 silly packumentCache full:https://registry.npmjs.org/is-generator-function set size:44643 disposed:false
1864 http cache https://registry.npmjs.org/which-collection 4ms (cache hit)
1865 silly packumentCache full:https://registry.npmjs.org/which-collection set size:13607 disposed:false
1866 http cache https://registry.npmjs.org/is-finalizationregistry 5ms (cache hit)
1867 silly packumentCache full:https://registry.npmjs.org/is-finalizationregistry set size:19800 disposed:false
1868 http cache https://registry.npmjs.org/is-async-function 5ms (cache hit)
1869 silly packumentCache full:https://registry.npmjs.org/is-async-function set size:51614 disposed:false
1870 silly placeDep ROOT has-bigints@1.1.0 OK for: unbox-primitive@1.1.0 want: ^1.0.2
1871 silly placeDep ROOT which-boxed-primitive@1.1.1 OK for: unbox-primitive@1.1.0 want: ^1.1.1
1872 silly fetch manifest is-bigint@^1.1.0
1873 silly packumentCache full:https://registry.npmjs.org/is-bigint cache-miss
1874 silly fetch manifest is-boolean-object@^1.2.1
1875 silly packumentCache full:https://registry.npmjs.org/is-boolean-object cache-miss
1876 silly fetch manifest is-number-object@^1.1.1
1877 silly packumentCache full:https://registry.npmjs.org/is-number-object cache-miss
1878 http cache https://registry.npmjs.org/is-boolean-object 4ms (cache hit)
1879 silly packumentCache full:https://registry.npmjs.org/is-boolean-object set size:31341 disposed:false
1880 http cache https://registry.npmjs.org/is-number-object 5ms (cache hit)
1881 silly packumentCache full:https://registry.npmjs.org/is-number-object set size:31189 disposed:false
1882 http cache https://registry.npmjs.org/is-bigint 5ms (cache hit)
1883 silly packumentCache full:https://registry.npmjs.org/is-bigint set size:20283 disposed:false
1884 silly placeDep ROOT @unrs/resolver-binding-android-arm-eabi@1.12.2 OK for: unrs-resolver@1.12.2 want: 1.12.2
1885 silly placeDep ROOT @unrs/resolver-binding-android-arm64@1.12.2 OK for: unrs-resolver@1.12.2 want: 1.12.2
1886 silly placeDep ROOT @unrs/resolver-binding-darwin-arm64@1.12.2 OK for: unrs-resolver@1.12.2 want: 1.12.2
1887 silly placeDep ROOT @unrs/resolver-binding-darwin-x64@1.12.2 OK for: unrs-resolver@1.12.2 want: 1.12.2
1888 silly placeDep ROOT @unrs/resolver-binding-freebsd-x64@1.12.2 OK for: unrs-resolver@1.12.2 want: 1.12.2
1889 silly placeDep ROOT @unrs/resolver-binding-linux-arm-gnueabihf@1.12.2 OK for: unrs-resolver@1.12.2 want: 1.12.2
1890 silly placeDep ROOT @unrs/resolver-binding-linux-arm-musleabihf@1.12.2 OK for: unrs-resolver@1.12.2 want: 1.12.2
1891 silly placeDep ROOT @unrs/resolver-binding-linux-arm64-gnu@1.12.2 OK for: unrs-resolver@1.12.2 want: 1.12.2
1892 silly placeDep ROOT @unrs/resolver-binding-linux-arm64-musl@1.12.2 OK for: unrs-resolver@1.12.2 want: 1.12.2
1893 silly placeDep ROOT @unrs/resolver-binding-linux-loong64-gnu@1.12.2 OK for: unrs-resolver@1.12.2 want: 1.12.2
1894 silly placeDep ROOT @unrs/resolver-binding-linux-loong64-musl@1.12.2 OK for: unrs-resolver@1.12.2 want: 1.12.2
1895 silly placeDep ROOT @unrs/resolver-binding-linux-ppc64-gnu@1.12.2 OK for: unrs-resolver@1.12.2 want: 1.12.2
1896 silly placeDep ROOT @unrs/resolver-binding-linux-riscv64-gnu@1.12.2 OK for: unrs-resolver@1.12.2 want: 1.12.2
1897 silly placeDep ROOT @unrs/resolver-binding-linux-riscv64-musl@1.12.2 OK for: unrs-resolver@1.12.2 want: 1.12.2
1898 silly placeDep ROOT @unrs/resolver-binding-linux-s390x-gnu@1.12.2 OK for: unrs-resolver@1.12.2 want: 1.12.2
1899 silly placeDep ROOT @unrs/resolver-binding-linux-x64-gnu@1.12.2 OK for: unrs-resolver@1.12.2 want: 1.12.2
1900 silly placeDep ROOT @unrs/resolver-binding-linux-x64-musl@1.12.2 OK for: unrs-resolver@1.12.2 want: 1.12.2
1901 silly placeDep ROOT @unrs/resolver-binding-openharmony-arm64@1.12.2 OK for: unrs-resolver@1.12.2 want: 1.12.2
1902 silly placeDep ROOT @unrs/resolver-binding-wasm32-wasi@1.12.2 OK for: unrs-resolver@1.12.2 want: 1.12.2
1903 silly placeDep ROOT @unrs/resolver-binding-win32-arm64-msvc@1.12.2 OK for: unrs-resolver@1.12.2 want: 1.12.2
1904 silly placeDep ROOT @unrs/resolver-binding-win32-ia32-msvc@1.12.2 OK for: unrs-resolver@1.12.2 want: 1.12.2
1905 silly placeDep ROOT @unrs/resolver-binding-win32-x64-msvc@1.12.2 OK for: unrs-resolver@1.12.2 want: 1.12.2
1906 silly placeDep ROOT napi-postinstall@0.3.4 OK for: unrs-resolver@1.12.2 want: ^0.3.4
1907 silly fetch manifest @napi-rs/wasm-runtime@^1.1.4
1908 silly packumentCache full:https://registry.npmjs.org/@napi-rs%2fwasm-runtime cache-miss
1909 silly fetch manifest @emnapi/core@1.10.0
1910 silly packumentCache full:https://registry.npmjs.org/@emnapi%2fcore cache-miss
1911 silly fetch manifest @emnapi/runtime@1.10.0
1912 silly packumentCache full:https://registry.npmjs.org/@emnapi%2fruntime cache-hit
1913 http cache https://registry.npmjs.org/@emnapi%2fcore 4ms (cache hit)
1914 silly packumentCache full:https://registry.npmjs.org/@emnapi%2fcore set size:126418 disposed:false
1915 http cache https://registry.npmjs.org/@napi-rs%2fwasm-runtime 5ms (cache hit)
1916 silly packumentCache full:https://registry.npmjs.org/@napi-rs%2fwasm-runtime set size:90458 disposed:false
1917 silly placeDep ROOT @emnapi/core@1.10.0 OK for: @unrs/resolver-binding-wasm32-wasi@1.12.2 want: 1.10.0
1918 silly placeDep node_modules/@unrs/resolver-binding-wasm32-wasi @emnapi/runtime@1.10.0 OK for: @unrs/resolver-binding-wasm32-wasi@1.12.2 want: 1.10.0
1919 silly placeDep ROOT @napi-rs/wasm-runtime@1.2.4 OK for: @unrs/resolver-binding-wasm32-wasi@1.12.2 want: ^1.1.4
1920 silly fetch manifest @emnapi/wasi-threads@1.2.1
1921 silly packumentCache full:https://registry.npmjs.org/@emnapi%2fwasi-threads cache-miss
1922 silly fetch manifest @tybys/wasm-util@^0.10.3
1923 silly packumentCache full:https://registry.npmjs.org/@tybys%2fwasm-util cache-miss
1924 http cache https://registry.npmjs.org/@tybys%2fwasm-util 4ms (cache hit)
1925 silly packumentCache full:https://registry.npmjs.org/@tybys%2fwasm-util set size:62627 disposed:false
1926 http cache https://registry.npmjs.org/@emnapi%2fwasi-threads 5ms (cache hit)
1927 silly packumentCache full:https://registry.npmjs.org/@emnapi%2fwasi-threads set size:35327 disposed:false
1928 silly placeDep ROOT @emnapi/wasi-threads@1.2.1 OK for: @emnapi/core@1.10.0 want: 1.2.1
1929 silly placeDep ROOT @tybys/wasm-util@0.10.4 OK for: @napi-rs/wasm-runtime@1.2.4 want: ^0.10.3
1930 silly placeDep ROOT punycode@2.3.1 OK for: uri-js@4.4.1 want: ^2.1.0
1931 silly placeDep ROOT isexe@2.0.0 OK for: which@2.0.2 want: ^2.0.0
1932 silly placeDep ROOT is-bigint@1.1.0 OK for: which-boxed-primitive@1.1.1 want: ^1.1.0
1933 silly placeDep ROOT is-boolean-object@1.2.2 OK for: which-boxed-primitive@1.1.1 want: ^1.2.1
1934 silly placeDep ROOT is-number-object@1.1.1 OK for: which-boxed-primitive@1.1.1 want: ^1.1.1
1935 silly placeDep ROOT is-async-function@2.1.1 OK for: which-builtin-type@1.2.1 want: ^2.0.0
1936 silly placeDep ROOT is-finalizationregistry@1.1.1 OK for: which-builtin-type@1.2.1 want: ^1.1.0
1937 silly placeDep ROOT is-generator-function@1.1.2 OK for: which-builtin-type@1.2.1 want: ^1.0.10
1938 silly placeDep ROOT which-collection@1.0.2 OK for: which-builtin-type@1.2.1 want: ^1.0.2
1939 silly fetch manifest async-function@^1.0.0
1940 silly packumentCache full:https://registry.npmjs.org/async-function cache-miss
1941 silly fetch manifest generator-function@^2.0.0
1942 silly packumentCache full:https://registry.npmjs.org/generator-function cache-miss
1943 silly fetch manifest is-map@^2.0.3
1944 silly packumentCache full:https://registry.npmjs.org/is-map cache-miss
1945 silly fetch manifest is-weakmap@^2.0.2
1946 silly packumentCache full:https://registry.npmjs.org/is-weakmap cache-miss
1947 silly fetch manifest is-weakset@^2.0.3
1948 silly packumentCache full:https://registry.npmjs.org/is-weakset cache-miss
1949 http cache https://registry.npmjs.org/is-map 5ms (cache hit)
1950 silly packumentCache full:https://registry.npmjs.org/is-map set size:18079 disposed:false
1951 http cache https://registry.npmjs.org/is-weakset 4ms (cache hit)
1952 silly packumentCache full:https://registry.npmjs.org/is-weakset set size:21965 disposed:false
1953 http cache https://registry.npmjs.org/async-function 6ms (cache hit)
1954 silly packumentCache full:https://registry.npmjs.org/async-function set size:7150 disposed:false
1955 http cache https://registry.npmjs.org/is-weakmap 7ms (cache hit)
1956 silly packumentCache full:https://registry.npmjs.org/is-weakmap set size:15163 disposed:false
1957 http cache https://registry.npmjs.org/generator-function 7ms (cache hit)
1958 silly packumentCache full:https://registry.npmjs.org/generator-function set size:10401 disposed:false
1959 silly placeDep ROOT async-function@1.0.0 OK for: is-async-function@2.1.1 want: ^1.0.0
1960 silly placeDep ROOT generator-function@2.0.1 OK for: is-generator-function@1.1.2 want: ^2.0.0
1961 silly placeDep ROOT is-map@2.0.3 OK for: which-collection@1.0.2 want: ^2.0.3
1962 silly placeDep ROOT is-weakmap@2.0.2 OK for: which-collection@1.0.2 want: ^2.0.2
1963 silly placeDep ROOT is-weakset@2.0.4 OK for: which-collection@1.0.2 want: ^2.0.3
1964 silly placeDep node_modules/@typescript-eslint/typescript-estree brace-expansion@5.0.12 OK for: minimatch@10.2.6 want: ^5.0.8
1965 silly fetch manifest balanced-match@^4.0.2
1966 silly packumentCache full:https://registry.npmjs.org/balanced-match cache-hit
1967 silly placeDep node_modules/@typescript-eslint/typescript-estree balanced-match@4.0.4 OK for: brace-expansion@5.0.12 want: ^4.0.2
1968 silly placeDep ROOT @rtsao/scc@1.1.0 OK for: eslint-plugin-import@2.32.0 want: ^1.1.0
1969 silly placeDep ROOT array.prototype.findlastindex@1.2.6 OK for: eslint-plugin-import@2.32.0 want: ^1.2.6
1970 silly placeDep node_modules/eslint-config-next debug@3.2.7 OK for: eslint-plugin-import@2.32.0 want: ^3.2.7
1971 silly placeDep ROOT doctrine@2.1.0 OK for: eslint-plugin-import@2.32.0 want: ^2.1.0
1972 silly placeDep ROOT eslint-module-utils@2.14.0 OK for: eslint-plugin-import@2.32.0 want: ^2.12.1
1973 silly placeDep ROOT object.groupby@1.0.3 OK for: eslint-plugin-import@2.32.0 want: ^1.0.3
1974 silly placeDep node_modules/eslint-config-next semver@6.3.1 OK for: eslint-plugin-import@2.32.0 want: ^6.3.1
1975 silly placeDep ROOT tsconfig-paths@3.15.0 OK for: eslint-plugin-import@2.32.0 want: ^3.15.0
1976 silly fetch manifest json5@^1.0.2
1977 silly packumentCache full:https://registry.npmjs.org/json5 cache-miss
1978 silly fetch manifest minimist@^1.2.6
1979 silly packumentCache full:https://registry.npmjs.org/minimist cache-miss
1980 silly fetch manifest strip-bom@^3.0.0
1981 silly packumentCache full:https://registry.npmjs.org/strip-bom cache-miss
1982 silly fetch manifest @types/json5@^0.0.29
1983 silly packumentCache full:https://registry.npmjs.org/@types%2fjson5 cache-miss
1984 http cache https://registry.npmjs.org/strip-bom 5ms (cache hit)
1985 silly packumentCache full:https://registry.npmjs.org/strip-bom set size:19359 disposed:false
1986 http cache https://registry.npmjs.org/@types%2fjson5 4ms (cache hit)
1987 silly packumentCache full:https://registry.npmjs.org/@types%2fjson5 set size:19581 disposed:false
1988 http cache https://registry.npmjs.org/json5 6ms (cache hit)
1989 silly packumentCache full:https://registry.npmjs.org/json5 set size:86136 disposed:false
1990 http cache https://registry.npmjs.org/minimist 8ms (cache hit)
1991 silly packumentCache full:https://registry.npmjs.org/minimist set size:77063 disposed:false
1992 silly placeDep node_modules/eslint-module-utils debug@3.2.7 OK for: eslint-module-utils@2.14.0 want: ^3.2.7
1993 silly placeDep ROOT @types/json5@0.0.29 OK for: tsconfig-paths@3.15.0 want: ^0.0.29
1994 silly placeDep ROOT json5@1.0.2 OK for: tsconfig-paths@3.15.0 want: ^1.0.2
1995 silly placeDep ROOT minimist@1.2.8 OK for: tsconfig-paths@3.15.0 want: ^1.2.6
1996 silly placeDep ROOT strip-bom@3.0.0 OK for: tsconfig-paths@3.15.0 want: ^3.0.0
1997 silly fetch manifest minimist@^1.2.0
1998 silly packumentCache full:https://registry.npmjs.org/minimist cache-hit
1999 silly placeDep ROOT array.prototype.findlast@1.2.5 OK for: eslint-plugin-react@7.37.5 want: ^1.2.5
2000 silly placeDep ROOT array.prototype.tosorted@1.1.4 OK for: eslint-plugin-react@7.37.5 want: ^1.1.4
2001 silly placeDep ROOT es-iterator-helpers@1.4.0 OK for: eslint-plugin-react@7.37.5 want: ^1.2.1
2002 silly placeDep ROOT object.entries@1.1.9 OK for: eslint-plugin-react@7.37.5 want: ^1.1.9
2003 silly placeDep ROOT prop-types@15.8.1 OK for: eslint-plugin-react@7.37.5 want: ^15.8.1
2004 silly placeDep ROOT string.prototype.matchall@4.1.0 OK for: eslint-plugin-react@7.37.5 want: ^4.0.12
2005 silly placeDep ROOT string.prototype.repeat@1.0.0 OK for: eslint-plugin-react@7.37.5 want: ^1.0.0
2006 silly fetch manifest iterator.prototype@^1.1.5
2007 silly packumentCache full:https://registry.npmjs.org/iterator.prototype cache-miss
2008 silly fetch manifest loose-envify@^1.4.0
2009 silly packumentCache full:https://registry.npmjs.org/loose-envify cache-miss
2010 silly fetch manifest object-assign@^4.1.1
2011 silly packumentCache full:https://registry.npmjs.org/object-assign cache-miss
2012 silly fetch manifest react-is@^16.13.1
2013 silly packumentCache full:https://registry.npmjs.org/react-is cache-miss
2014 http cache https://registry.npmjs.org/iterator.prototype 5ms (cache hit)
2015 silly packumentCache full:https://registry.npmjs.org/iterator.prototype set size:26870 disposed:false
2016 http cache https://registry.npmjs.org/loose-envify 6ms (cache hit)
2017 silly packumentCache full:https://registry.npmjs.org/loose-envify set size:12559 disposed:false
2018 http cache https://registry.npmjs.org/object-assign 7ms (cache hit)
2019 silly packumentCache full:https://registry.npmjs.org/object-assign set size:28988 disposed:false
2020 http cache https://registry.npmjs.org/react-is 15ms (cache hit)
2021 silly packumentCache full:https://registry.npmjs.org/react-is set size:5663357 disposed:false
2022 silly placeDep ROOT iterator.prototype@1.1.5 OK for: es-iterator-helpers@1.4.0 want: ^1.1.5
2023 silly placeDep ROOT loose-envify@1.4.0 OK for: prop-types@15.8.1 want: ^1.4.0
2024 silly placeDep ROOT object-assign@4.1.1 OK for: prop-types@15.8.1 want: ^4.1.1
2025 silly placeDep ROOT react-is@16.13.1 OK for: prop-types@15.8.1 want: ^16.13.1
2026 silly fetch manifest js-tokens@^3.0.0 || ^4.0.0
2027 silly packumentCache full:https://registry.npmjs.org/js-tokens cache-miss
2028 http cache https://registry.npmjs.org/js-tokens 5ms (cache hit)
2029 silly packumentCache full:https://registry.npmjs.org/js-tokens set size:41947 disposed:false
2030 silly placeDep ROOT js-tokens@4.0.0 OK for: loose-envify@1.4.0 want: ^3.0.0 || ^4.0.0
2031 silly placeDep node_modules/resolve semver@6.3.1 OK for: node-exports-info@1.6.2 want: ^6.3.1
2032 silly reify mark retired [
2032 silly reify   'C:\\Users\\hemac\\Documents\\Codex\\2026-09-19\\hackdevengers-2-0-is-a-24\\node_modules\\eslint-plugin-import'
2032 silly reify ]
2033 silly reify mark retired [
2033 silly reify   'C:\\Users\\hemac\\Documents\\Codex\\2026-09-19\\hackdevengers-2-0-is-a-24\\node_modules\\eslint-plugin-react'
2033 silly reify ]
2034 silly reify mark retired [
2034 silly reify   'C:\\Users\\hemac\\Documents\\Codex\\2026-09-19\\hackdevengers-2-0-is-a-24\\node_modules\\node-exports-info'
2034 silly reify ]
2035 silly reify mark retired [
2035 silly reify   'C:\\Users\\hemac\\Documents\\Codex\\2026-09-19\\hackdevengers-2-0-is-a-24\\node_modules\\next'
2035 silly reify ]
2036 silly reify moves {
2036 silly reify   'C:\\Users\\hemac\\Documents\\Codex\\2026-09-19\\hackdevengers-2-0-is-a-24\\node_modules\\eslint-plugin-import': 'C:\\Users\\hemac\\Documents\\Codex\\2026-09-19\\hackdevengers-2-0-is-a-24\\node_modules\\.eslint-plugin-import-74SeB8cd',
2036 silly reify   'C:\\Users\\hemac\\Documents\\Codex\\2026-09-19\\hackdevengers-2-0-is-a-24\\node_modules\\eslint-plugin-react': 'C:\\Users\\hemac\\Documents\\Codex\\2026-09-19\\hackdevengers-2-0-is-a-24\\node_modules\\.eslint-plugin-react-wiNa3RRe',
2036 silly reify   'C:\\Users\\hemac\\Documents\\Codex\\2026-09-19\\hackdevengers-2-0-is-a-24\\node_modules\\node-exports-info': 'C:\\Users\\hemac\\Documents\\Codex\\2026-09-19\\hackdevengers-2-0-is-a-24\\node_modules\\.node-exports-info-CIhpKQGh',
2036 silly reify   'C:\\Users\\hemac\\Documents\\Codex\\2026-09-19\\hackdevengers-2-0-is-a-24\\node_modules\\next': 'C:\\Users\\hemac\\Documents\\Codex\\2026-09-19\\hackdevengers-2-0-is-a-24\\node_modules\\.next-RhDrMul8'
2036 silly reify }
2037 http cache iterator.prototype@https://registry.npmjs.org/iterator.prototype/-/iterator.prototype-1.1.5.tgz 0ms (cache hit)
2038 http cache react-is@https://registry.npmjs.org/react-is/-/react-is-16.13.1.tgz 0ms (cache hit)
2039 http cache js-tokens@https://registry.npmjs.org/js-tokens/-/js-tokens-4.0.0.tgz 0ms (cache hit)
2040 http cache object-assign@https://registry.npmjs.org/object-assign/-/object-assign-4.1.1.tgz 0ms (cache hit)
2041 http cache object.entries@https://registry.npmjs.org/object.entries/-/object.entries-1.1.9.tgz 0ms (cache hit)
2042 http cache string.prototype.repeat@https://registry.npmjs.org/string.prototype.repeat/-/string.prototype.repeat-1.0.0.tgz 0ms (cache hit)
2043 http cache prop-types@https://registry.npmjs.org/prop-types/-/prop-types-15.8.1.tgz 0ms (cache hit)
2044 http cache loose-envify@https://registry.npmjs.org/loose-envify/-/loose-envify-1.4.0.tgz 0ms (cache hit)
2045 http cache string.prototype.matchall@https://registry.npmjs.org/string.prototype.matchall/-/string.prototype.matchall-4.1.0.tgz 0ms (cache hit)
2046 http cache es-iterator-helpers@https://registry.npmjs.org/es-iterator-helpers/-/es-iterator-helpers-1.4.0.tgz 0ms (cache hit)
2047 http cache array.prototype.tosorted@https://registry.npmjs.org/array.prototype.tosorted/-/array.prototype.tosorted-1.1.4.tgz 0ms (cache hit)
2048 http cache array.prototype.findlast@https://registry.npmjs.org/array.prototype.findlast/-/array.prototype.findlast-1.2.5.tgz 0ms (cache hit)
2049 http cache minimist@https://registry.npmjs.org/minimist/-/minimist-1.2.8.tgz 0ms (cache hit)
2050 http cache json5@https://registry.npmjs.org/json5/-/json5-1.0.2.tgz 0ms (cache hit)
2051 http cache strip-bom@https://registry.npmjs.org/strip-bom/-/strip-bom-3.0.0.tgz 0ms (cache hit)
2052 http cache tsconfig-paths@https://registry.npmjs.org/tsconfig-paths/-/tsconfig-paths-3.15.0.tgz 0ms (cache hit)
2053 http cache @types/json5@https://registry.npmjs.org/@types/json5/-/json5-0.0.29.tgz 0ms (cache hit)
2054 http cache object.groupby@https://registry.npmjs.org/object.groupby/-/object.groupby-1.0.3.tgz 0ms (cache hit)
2055 http cache doctrine@https://registry.npmjs.org/doctrine/-/doctrine-2.1.0.tgz 0ms (cache hit)
2056 http cache array.prototype.findlastindex@https://registry.npmjs.org/array.prototype.findlastindex/-/array.prototype.findlastindex-1.2.6.tgz 0ms (cache hit)
2057 http cache is-weakset@https://registry.npmjs.org/is-weakset/-/is-weakset-2.0.4.tgz 0ms (cache hit)
2058 http cache is-weakmap@https://registry.npmjs.org/is-weakmap/-/is-weakmap-2.0.2.tgz 0ms (cache hit)
2059 http cache @rtsao/scc@https://registry.npmjs.org/@rtsao/scc/-/scc-1.1.0.tgz 0ms (cache hit)
2060 http cache generator-function@https://registry.npmjs.org/generator-function/-/generator-function-2.0.1.tgz 0ms (cache hit)
2061 http cache async-function@https://registry.npmjs.org/async-function/-/async-function-1.0.0.tgz 0ms (cache hit)
2062 http cache which-collection@https://registry.npmjs.org/which-collection/-/which-collection-1.0.2.tgz 0ms (cache hit)
2063 http cache is-map@https://registry.npmjs.org/is-map/-/is-map-2.0.3.tgz 0ms (cache hit)
2064 http cache is-finalizationregistry@https://registry.npmjs.org/is-finalizationregistry/-/is-finalizationregistry-1.1.1.tgz 0ms (cache hit)
2065 http cache eslint-module-utils@https://registry.npmjs.org/eslint-module-utils/-/eslint-module-utils-2.14.0.tgz 0ms (cache hit)
2066 http cache is-number-object@https://registry.npmjs.org/is-number-object/-/is-number-object-1.1.1.tgz 0ms (cache hit)
2067 http cache is-async-function@https://registry.npmjs.org/is-async-function/-/is-async-function-2.1.1.tgz 0ms (cache hit)
2068 http cache is-generator-function@https://registry.npmjs.org/is-generator-function/-/is-generator-function-1.1.2.tgz 0ms (cache hit)
2069 http cache is-bigint@https://registry.npmjs.org/is-bigint/-/is-bigint-1.1.0.tgz 0ms (cache hit)
2070 http cache is-boolean-object@https://registry.npmjs.org/is-boolean-object/-/is-boolean-object-1.2.2.tgz 0ms (cache hit)
2071 http cache isexe@https://registry.npmjs.org/isexe/-/isexe-2.0.0.tgz 0ms (cache hit)
2072 http cache punycode@https://registry.npmjs.org/punycode/-/punycode-2.3.1.tgz 0ms (cache hit)
2073 http cache napi-postinstall@https://registry.npmjs.org/napi-postinstall/-/napi-postinstall-0.3.4.tgz 0ms (cache hit)
2074 http cache has-bigints@https://registry.npmjs.org/has-bigints/-/has-bigints-1.1.0.tgz 0ms (cache hit)
2075 http cache @unrs/resolver-binding-win32-x64-msvc@https://registry.npmjs.org/@unrs/resolver-binding-win32-x64-msvc/-/resolver-binding-win32-x64-msvc-1.12.2.tgz 0ms (cache hit)
2076 http cache which-boxed-primitive@https://registry.npmjs.org/which-boxed-primitive/-/which-boxed-primitive-1.1.1.tgz 0ms (cache hit)
2077 http cache for-each@https://registry.npmjs.org/for-each/-/for-each-0.3.5.tgz 0ms (cache hit)
2078 http cache which-builtin-type@https://registry.npmjs.org/which-builtin-type/-/which-builtin-type-1.2.1.tgz 0ms (cache hit)
2079 http cache reflect.getprototypeof@https://registry.npmjs.org/reflect.getprototypeof/-/reflect.getprototypeof-1.0.10.tgz 0ms (cache hit)
2080 http cache is-number@https://registry.npmjs.org/is-number/-/is-number-7.0.0.tgz 0ms (cache hit)
2081 http cache client-only@https://registry.npmjs.org/client-only/-/client-only-0.0.1.tgz 0ms (cache hit)
2082 http cache is-arrayish@https://registry.npmjs.org/is-arrayish/-/is-arrayish-0.3.4.tgz 0ms (cache hit)
2083 http cache has-flag@https://registry.npmjs.org/has-flag/-/has-flag-4.0.0.tgz 0ms (cache hit)
2084 http cache side-channel-list@https://registry.npmjs.org/side-channel-list/-/side-channel-list-1.0.1.tgz 0ms (cache hit)
2085 http cache side-channel-weakmap@https://registry.npmjs.org/side-channel-weakmap/-/side-channel-weakmap-1.0.2.tgz 0ms (cache hit)
2086 http cache shebang-regex@https://registry.npmjs.org/shebang-regex/-/shebang-regex-3.0.0.tgz 0ms (cache hit)
2087 http cache color-string@https://registry.npmjs.org/color-string/-/color-string-1.9.1.tgz 0ms (cache hit)
2088 http cache side-channel-map@https://registry.npmjs.org/side-channel-map/-/side-channel-map-1.0.1.tgz 0ms (cache hit)
2089 http cache simple-swizzle@https://registry.npmjs.org/simple-swizzle/-/simple-swizzle-0.2.4.tgz 0ms (cache hit)
2090 http cache color@https://registry.npmjs.org/color/-/color-4.2.3.tgz 0ms (cache hit)
2091 http cache detect-libc@https://registry.npmjs.org/detect-libc/-/detect-libc-2.1.2.tgz 0ms (cache hit)
2092 http cache isarray@https://registry.npmjs.org/isarray/-/isarray-2.0.5.tgz 0ms (cache hit)
2093 http cache @img/sharp-win32-x64@https://registry.npmjs.org/@img/sharp-win32-x64/-/sharp-win32-x64-0.33.5.tgz 0ms (cache hit)
2094 http cache queue-microtask@https://registry.npmjs.org/queue-microtask/-/queue-microtask-1.2.3.tgz 0ms (cache hit)
2095 http cache supports-preserve-symlinks-flag@https://registry.npmjs.org/supports-preserve-symlinks-flag/-/supports-preserve-symlinks-flag-1.0.0.tgz 0ms (cache hit)
2096 http cache set-function-name@https://registry.npmjs.org/set-function-name/-/set-function-name-2.0.2.tgz 0ms (cache hit)
2097 http cache path-parse@https://registry.npmjs.org/path-parse/-/path-parse-1.0.7.tgz 0ms (cache hit)
2098 http cache scheduler@https://registry.npmjs.org/scheduler/-/scheduler-0.25.0.tgz 0ms (cache hit)
2099 http cache callsites@https://registry.npmjs.org/callsites/-/callsites-3.1.0.tgz 0ms (cache hit)
2100 http cache source-map-js@https://registry.npmjs.org/source-map-js/-/source-map-js-1.2.1.tgz 0ms (cache hit)
2101 http cache picocolors@https://registry.npmjs.org/picocolors/-/picocolors-1.1.1.tgz 0ms (cache hit)
2102 http cache yocto-queue@https://registry.npmjs.org/yocto-queue/-/yocto-queue-0.1.0.tgz 0ms (cache hit)
2103 http cache nanoid@https://registry.npmjs.org/nanoid/-/nanoid-3.3.19.tgz 0ms (cache hit)
2104 http cache p-limit@https://registry.npmjs.org/p-limit/-/p-limit-3.1.0.tgz 0ms (cache hit)
2105 http cache word-wrap@https://registry.npmjs.org/word-wrap/-/word-wrap-1.2.5.tgz 0ms (cache hit)
2106 http cache deep-is@https://registry.npmjs.org/deep-is/-/deep-is-0.1.4.tgz 0ms (cache hit)
2107 http cache fast-levenshtein@https://registry.npmjs.org/fast-levenshtein/-/fast-levenshtein-2.0.6.tgz 0ms (cache hit)
2108 http cache tslib@https://registry.npmjs.org/tslib/-/tslib-2.8.1.tgz 0ms (cache hit)
2109 http cache streamsearch@https://registry.npmjs.org/streamsearch/-/streamsearch-1.1.0.tgz 0ms (cache hit)
2110 http cache sharp@https://registry.npmjs.org/sharp/-/sharp-0.33.5.tgz 0ms (cache hit)
2111 http cache styled-jsx@https://registry.npmjs.org/styled-jsx/-/styled-jsx-5.1.6.tgz 0ms (cache hit)
2112 http cache postcss@https://registry.npmjs.org/postcss/-/postcss-8.4.31.tgz 0ms (cache hit)
2113 http cache caniuse-lite@https://registry.npmjs.org/caniuse-lite/-/caniuse-lite-1.0.30001810.tgz 0ms (cache hit)
2114 http cache busboy@https://registry.npmjs.org/busboy/-/busboy-1.6.0.tgz 0ms (cache hit)
2115 http cache @swc/helpers@https://registry.npmjs.org/@swc/helpers/-/helpers-0.5.15.tgz 0ms (cache hit)
2116 http cache @swc/counter@https://registry.npmjs.org/@swc/counter/-/counter-0.1.3.tgz 0ms (cache hit)
2117 http cache @next/swc-win32-x64-msvc@https://registry.npmjs.org/@next/swc-win32-x64-msvc/-/swc-win32-x64-msvc-15.1.6.tgz 0ms (cache hit)
2118 http cache balanced-match@https://registry.npmjs.org/balanced-match/-/balanced-match-1.0.2.tgz 0ms (cache hit)
2119 http cache @next/env@https://registry.npmjs.org/@next/env/-/env-15.1.6.tgz 0ms (cache hit)
2120 http cache brace-expansion@https://registry.npmjs.org/brace-expansion/-/brace-expansion-1.1.21.tgz 0ms (cache hit)
2121 http cache to-regex-range@https://registry.npmjs.org/to-regex-range/-/to-regex-range-5.0.1.tgz 0ms (cache hit)
2122 http cache concat-map@https://registry.npmjs.org/concat-map/-/concat-map-0.0.1.tgz 0ms (cache hit)
2123 http cache picomatch@https://registry.npmjs.org/picomatch/-/picomatch-2.3.2.tgz 0ms (cache hit)
2124 http cache fill-range@https://registry.npmjs.org/fill-range/-/fill-range-7.1.1.tgz 0ms (cache hit)
2125 http cache braces@https://registry.npmjs.org/braces/-/braces-3.0.3.tgz 0ms (cache hit)
2126 http cache p-locate@https://registry.npmjs.org/p-locate/-/p-locate-5.0.0.tgz 0ms (cache hit)
2127 http cache type-check@https://registry.npmjs.org/type-check/-/type-check-0.4.0.tgz 0ms (cache hit)
2128 http cache prelude-ls@https://registry.npmjs.org/prelude-ls/-/prelude-ls-1.2.1.tgz 0ms (cache hit)
2129 http cache language-subtag-registry@https://registry.npmjs.org/language-subtag-registry/-/language-subtag-registry-0.3.23.tgz 0ms (cache hit)
2130 http cache json-buffer@https://registry.npmjs.org/json-buffer/-/json-buffer-3.0.1.tgz 0ms (cache hit)
2131 http cache array.prototype.flat@https://registry.npmjs.org/array.prototype.flat/-/array.prototype.flat-1.3.3.tgz 0ms (cache hit)
2132 http cache object.values@https://registry.npmjs.org/object.values/-/object.values-1.2.1.tgz 0ms (cache hit)
2133 http cache argparse@https://registry.npmjs.org/argparse/-/argparse-2.0.1.tgz 0ms (cache hit)
2134 http cache is-extglob@https://registry.npmjs.org/is-extglob/-/is-extglob-2.1.1.tgz 0ms (cache hit)
2135 http cache resolve-from@https://registry.npmjs.org/resolve-from/-/resolve-from-4.0.0.tgz 0ms (cache hit)
2136 http cache side-channel@https://registry.npmjs.org/side-channel/-/side-channel-1.1.1.tgz 0ms (cache hit)
2137 http cache resolve-pkg-maps@https://registry.npmjs.org/resolve-pkg-maps/-/resolve-pkg-maps-1.0.0.tgz 0ms (cache hit)
2138 http cache parent-module@https://registry.npmjs.org/parent-module/-/parent-module-1.0.1.tgz 0ms (cache hit)
2139 http cache is-document.all@https://registry.npmjs.org/is-document.all/-/is-document.all-1.0.0.tgz 0ms (cache hit)
2140 http cache dunder-proto@https://registry.npmjs.org/dunder-proto/-/dunder-proto-1.0.1.tgz 0ms (cache hit)
2141 http cache functions-have-names@https://registry.npmjs.org/functions-have-names/-/functions-have-names-1.2.3.tgz 0ms (cache hit)
2142 http cache keyv@https://registry.npmjs.org/keyv/-/keyv-4.5.4.tgz 0ms (cache hit)
2143 http cache path-exists@https://registry.npmjs.org/path-exists/-/path-exists-4.0.0.tgz 0ms (cache hit)
2144 http cache flatted@https://registry.npmjs.org/flatted/-/flatted-3.4.4.tgz 0ms (cache hit)
2145 http cache locate-path@https://registry.npmjs.org/locate-path/-/locate-path-6.0.0.tgz 0ms (cache hit)
2146 http cache reusify@https://registry.npmjs.org/reusify/-/reusify-1.1.0.tgz 0ms (cache hit)
2147 http cache run-parallel@https://registry.npmjs.org/run-parallel/-/run-parallel-1.2.0.tgz 0ms (cache hit)
2148 http cache flat-cache@https://registry.npmjs.org/flat-cache/-/flat-cache-4.0.1.tgz 0ms (cache hit)
2149 http cache fastq@https://registry.npmjs.org/fastq/-/fastq-1.20.3.tgz 0ms (cache hit)
2150 http cache @nodelib/fs.scandir@https://registry.npmjs.org/@nodelib/fs.scandir/-/fs.scandir-2.1.5.tgz 0ms (cache hit)
2151 http cache merge2@https://registry.npmjs.org/merge2/-/merge2-1.4.1.tgz 0ms (cache hit)
2152 http cache micromatch@https://registry.npmjs.org/micromatch/-/micromatch-4.0.8.tgz 0ms (cache hit)
2153 http cache @nodelib/fs.walk@https://registry.npmjs.org/@nodelib/fs.walk/-/fs.walk-1.2.8.tgz 0ms (cache hit)
2154 http cache acorn-jsx@https://registry.npmjs.org/acorn-jsx/-/acorn-jsx-5.3.2.tgz 0ms (cache hit)
2155 http cache @nodelib/fs.stat@https://registry.npmjs.org/@nodelib/fs.stat/-/fs.stat-2.0.5.tgz 0ms (cache hit)
2156 http cache estraverse@https://registry.npmjs.org/estraverse/-/estraverse-5.3.0.tgz 0ms (cache hit)
2157 http cache acorn@https://registry.npmjs.org/acorn/-/acorn-8.18.0.tgz 0ms (cache hit)
2158 http cache esrecurse@https://registry.npmjs.org/esrecurse/-/esrecurse-4.3.0.tgz 0ms (cache hit)
2159 http cache is-symbol@https://registry.npmjs.org/is-symbol/-/is-symbol-1.1.1.tgz 0ms (cache hit)
2160 http cache es-abstract-get@https://registry.npmjs.org/es-abstract-get/-/es-abstract-get-1.0.0.tgz 0ms (cache hit)
2161 http cache has-tostringtag@https://registry.npmjs.org/has-tostringtag/-/has-tostringtag-1.0.2.tgz 0ms (cache hit)
2162 http cache is-date-object@https://registry.npmjs.org/is-date-object/-/is-date-object-1.1.0.tgz 0ms (cache hit)
2163 http cache possible-typed-array-names@https://registry.npmjs.org/possible-typed-array-names/-/possible-typed-array-names-1.1.0.tgz 0ms (cache hit)
2164 http cache unbox-primitive@https://registry.npmjs.org/unbox-primitive/-/unbox-primitive-1.1.0.tgz 0ms (cache hit)
2165 http cache typed-array-byte-offset@https://registry.npmjs.org/typed-array-byte-offset/-/typed-array-byte-offset-1.0.5.tgz 0ms (cache hit)
2166 http cache typed-array-length@https://registry.npmjs.org/typed-array-length/-/typed-array-length-1.0.8.tgz 0ms (cache hit)
2167 http cache which-typed-array@https://registry.npmjs.org/which-typed-array/-/which-typed-array-1.1.24.tgz 0ms (cache hit)
2168 http cache typed-array-buffer@https://registry.npmjs.org/typed-array-buffer/-/typed-array-buffer-1.0.3.tgz 0ms (cache hit)
2169 http cache typed-array-byte-length@https://registry.npmjs.org/typed-array-byte-length/-/typed-array-byte-length-1.0.3.tgz 0ms (cache hit)
2170 http cache string.prototype.trimstart@https://registry.npmjs.org/string.prototype.trimstart/-/string.prototype.trimstart-1.0.8.tgz 0ms (cache hit)
2171 http cache string.prototype.trimend@https://registry.npmjs.org/string.prototype.trimend/-/string.prototype.trimend-1.0.10.tgz 0ms (cache hit)
2172 http cache string.prototype.trim@https://registry.npmjs.org/string.prototype.trim/-/string.prototype.trim-1.2.11.tgz 0ms (cache hit)
2173 http cache set-proto@https://registry.npmjs.org/set-proto/-/set-proto-1.0.0.tgz 0ms (cache hit)
2174 http cache safe-push-apply@https://registry.npmjs.org/safe-push-apply/-/safe-push-apply-1.0.0.tgz 0ms (cache hit)
2175 http cache stop-iteration-iterator@https://registry.npmjs.org/stop-iteration-iterator/-/stop-iteration-iterator-1.1.0.tgz 0ms (cache hit)
2176 http cache safe-array-concat@https://registry.npmjs.org/safe-array-concat/-/safe-array-concat-1.1.4.tgz 0ms (cache hit)
2177 http cache regexp.prototype.flags@https://registry.npmjs.org/regexp.prototype.flags/-/regexp.prototype.flags-1.5.4.tgz 0ms (cache hit)
2178 http cache own-keys@https://registry.npmjs.org/own-keys/-/own-keys-1.0.2.tgz 0ms (cache hit)
2179 http cache object-inspect@https://registry.npmjs.org/object-inspect/-/object-inspect-1.13.4.tgz 0ms (cache hit)
2180 http cache is-typed-array@https://registry.npmjs.org/is-typed-array/-/is-typed-array-1.1.15.tgz 0ms (cache hit)
2181 http cache is-weakref@https://registry.npmjs.org/is-weakref/-/is-weakref-1.1.1.tgz 0ms (cache hit)
2182 http cache is-shared-array-buffer@https://registry.npmjs.org/is-shared-array-buffer/-/is-shared-array-buffer-1.0.4.tgz 0ms (cache hit)
2183 http cache object.assign@https://registry.npmjs.org/object.assign/-/object.assign-4.1.7.tgz 0ms (cache hit)
2184 http cache is-regex@https://registry.npmjs.org/is-regex/-/is-regex-1.2.1.tgz 0ms (cache hit)
2185 http cache is-set@https://registry.npmjs.org/is-set/-/is-set-2.0.3.tgz 0ms (cache hit)
2186 http cache is-negative-zero@https://registry.npmjs.org/is-negative-zero/-/is-negative-zero-2.0.3.tgz 0ms (cache hit)
2187 http cache is-data-view@https://registry.npmjs.org/is-data-view/-/is-data-view-1.0.2.tgz 0ms (cache hit)
2188 http cache is-callable@https://registry.npmjs.org/is-callable/-/is-callable-1.2.7.tgz 0ms (cache hit)
2189 http cache is-array-buffer@https://registry.npmjs.org/is-array-buffer/-/is-array-buffer-3.0.5.tgz 0ms (cache hit)
2190 http cache has-symbols@https://registry.npmjs.org/has-symbols/-/has-symbols-1.1.0.tgz 0ms (cache hit)
2191 http cache internal-slot@https://registry.npmjs.org/internal-slot/-/internal-slot-1.1.0.tgz 0ms (cache hit)
2192 http cache has-proto@https://registry.npmjs.org/has-proto/-/has-proto-1.2.0.tgz 0ms (cache hit)
2193 http cache globalthis@https://registry.npmjs.org/globalthis/-/globalthis-1.0.4.tgz 0ms (cache hit)
2194 http cache get-symbol-description@https://registry.npmjs.org/get-symbol-description/-/get-symbol-description-1.1.0.tgz 0ms (cache hit)
2195 http cache get-proto@https://registry.npmjs.org/get-proto/-/get-proto-1.0.1.tgz 0ms (cache hit)
2196 http cache function.prototype.name@https://registry.npmjs.org/function.prototype.name/-/function.prototype.name-1.2.0.tgz 0ms (cache hit)
2197 http cache es-to-primitive@https://registry.npmjs.org/es-to-primitive/-/es-to-primitive-1.3.4.tgz 0ms (cache hit)
2198 http cache data-view-byte-offset@https://registry.npmjs.org/data-view-byte-offset/-/data-view-byte-offset-1.0.1.tgz 0ms (cache hit)
2199 http cache data-view-buffer@https://registry.npmjs.org/data-view-buffer/-/data-view-buffer-1.0.2.tgz 0ms (cache hit)
2200 http cache data-view-byte-length@https://registry.npmjs.org/data-view-byte-length/-/data-view-byte-length-1.0.2.tgz 0ms (cache hit)
2201 http cache es-set-tostringtag@https://registry.npmjs.org/es-set-tostringtag/-/es-set-tostringtag-2.1.0.tgz 0ms (cache hit)
2202 http cache available-typed-arrays@https://registry.npmjs.org/available-typed-arrays/-/available-typed-arrays-1.0.7.tgz 0ms (cache hit)
2203 http cache arraybuffer.prototype.slice@https://registry.npmjs.org/arraybuffer.prototype.slice/-/arraybuffer.prototype.slice-1.0.4.tgz 0ms (cache hit)
2204 http cache gopd@https://registry.npmjs.org/gopd/-/gopd-1.2.0.tgz 0ms (cache hit)
2205 http cache object-keys@https://registry.npmjs.org/object-keys/-/object-keys-1.1.1.tgz 0ms (cache hit)
2206 http cache has-property-descriptors@https://registry.npmjs.org/has-property-descriptors/-/has-property-descriptors-1.0.2.tgz 0ms (cache hit)
2207 http cache define-data-property@https://registry.npmjs.org/define-data-property/-/define-data-property-1.1.4.tgz 0ms (cache hit)
2208 http cache array-buffer-byte-length@https://registry.npmjs.org/array-buffer-byte-length/-/array-buffer-byte-length-1.0.2.tgz 0ms (cache hit)
2209 http cache function-bind@https://registry.npmjs.org/function-bind/-/function-bind-1.1.2.tgz 0ms (cache hit)
2210 http cache es-errors@https://registry.npmjs.org/es-errors/-/es-errors-1.3.0.tgz 0ms (cache hit)
2211 http cache set-function-length@https://registry.npmjs.org/set-function-length/-/set-function-length-1.2.2.tgz 0ms (cache hit)
2212 http cache get-intrinsic@https://registry.npmjs.org/get-intrinsic/-/get-intrinsic-1.3.0.tgz 0ms (cache hit)
2213 http cache math-intrinsics@https://registry.npmjs.org/math-intrinsics/-/math-intrinsics-1.1.0.tgz 0ms (cache hit)
2214 http cache es-define-property@https://registry.npmjs.org/es-define-property/-/es-define-property-1.0.1.tgz 0ms (cache hit)
2215 http cache call-bind-apply-helpers@https://registry.npmjs.org/call-bind-apply-helpers/-/call-bind-apply-helpers-1.0.2.tgz 0ms (cache hit)
2216 http cache is-string@https://registry.npmjs.org/is-string/-/is-string-1.1.1.tgz 0ms (cache hit)
2217 http cache es-shim-unscopables@https://registry.npmjs.org/es-shim-unscopables/-/es-shim-unscopables-1.1.0.tgz 0ms (cache hit)
2218 http cache es-abstract@https://registry.npmjs.org/es-abstract/-/es-abstract-1.24.2.tgz 0ms (cache hit)
2219 http cache es-object-atoms@https://registry.npmjs.org/es-object-atoms/-/es-object-atoms-1.1.2.tgz 0ms (cache hit)
2220 http cache define-properties@https://registry.npmjs.org/define-properties/-/define-properties-1.2.1.tgz 0ms (cache hit)
2221 http cache call-bound@https://registry.npmjs.org/call-bound/-/call-bound-1.0.4.tgz 0ms (cache hit)
2222 http cache call-bind@https://registry.npmjs.org/call-bind/-/call-bind-1.0.9.tgz 0ms (cache hit)
2223 http cache string.prototype.includes@https://registry.npmjs.org/string.prototype.includes/-/string.prototype.includes-2.0.1.tgz 0ms (cache hit)
2224 http cache safe-regex-test@https://registry.npmjs.org/safe-regex-test/-/safe-regex-test-1.1.0.tgz 0ms (cache hit)
2225 http cache object.fromentries@https://registry.npmjs.org/object.fromentries/-/object.fromentries-2.0.8.tgz 0ms (cache hit)
2226 http cache language-tags@https://registry.npmjs.org/language-tags/-/language-tags-1.0.9.tgz 0ms (cache hit)
2227 http cache hasown@https://registry.npmjs.org/hasown/-/hasown-2.0.4.tgz 0ms (cache hit)
2228 http cache emoji-regex@https://registry.npmjs.org/emoji-regex/-/emoji-regex-9.2.2.tgz 0ms (cache hit)
2229 http cache jsx-ast-utils@https://registry.npmjs.org/jsx-ast-utils/-/jsx-ast-utils-3.3.5.tgz 0ms (cache hit)
2230 http cache damerau-levenshtein@https://registry.npmjs.org/damerau-levenshtein/-/damerau-levenshtein-1.0.8.tgz 0ms (cache hit)
2231 http cache axobject-query@https://registry.npmjs.org/axobject-query/-/axobject-query-4.1.0.tgz 0ms (cache hit)
2232 http cache axe-core@https://registry.npmjs.org/axe-core/-/axe-core-4.13.0.tgz 0ms (cache hit)
2233 http cache ast-types-flow@https://registry.npmjs.org/ast-types-flow/-/ast-types-flow-0.0.8.tgz 0ms (cache hit)
2234 http cache array-includes@https://registry.npmjs.org/array-includes/-/array-includes-3.2.0.tgz 0ms (cache hit)
2235 http cache aria-query@https://registry.npmjs.org/aria-query/-/aria-query-5.3.2.tgz 0ms (cache hit)
2236 http cache array.prototype.flatmap@https://registry.npmjs.org/array.prototype.flatmap/-/array.prototype.flatmap-1.3.3.tgz 0ms (cache hit)
2237 http cache stable-hash@https://registry.npmjs.org/stable-hash/-/stable-hash-0.0.5.tgz 0ms (cache hit)
2238 http cache unrs-resolver@https://registry.npmjs.org/unrs-resolver/-/unrs-resolver-1.12.2.tgz 0ms (cache hit)
2239 http cache get-tsconfig@https://registry.npmjs.org/get-tsconfig/-/get-tsconfig-4.14.3.tgz 0ms (cache hit)
2240 http cache is-bun-module@https://registry.npmjs.org/is-bun-module/-/is-bun-module-2.0.0.tgz 0ms (cache hit)
2241 http cache resolve@https://registry.npmjs.org/resolve/-/resolve-2.0.0-next.7.tgz 1ms (cache hit)
2242 http cache @nolyfill/is-core-module@https://registry.npmjs.org/@nolyfill/is-core-module/-/is-core-module-1.0.39.tgz 0ms (cache hit)
2243 http cache is-core-module@https://registry.npmjs.org/is-core-module/-/is-core-module-2.17.0.tgz 0ms (cache hit)
2244 http cache semver@https://registry.npmjs.org/semver/-/semver-7.8.5.tgz 0ms (cache hit)
2245 http cache @typescript-eslint/tsconfig-utils@https://registry.npmjs.org/@typescript-eslint/tsconfig-utils/-/tsconfig-utils-8.70.0.tgz 0ms (cache hit)
2246 http cache @typescript-eslint/typescript-estree@https://registry.npmjs.org/@typescript-eslint/typescript-estree/-/typescript-estree-8.70.0.tgz 0ms (cache hit)
2247 http cache @typescript-eslint/types@https://registry.npmjs.org/@typescript-eslint/types/-/types-8.70.0.tgz 0ms (cache hit)
2248 http cache @typescript-eslint/project-service@https://registry.npmjs.org/@typescript-eslint/project-service/-/project-service-8.70.0.tgz 0ms (cache hit)
2249 http cache ts-api-utils@https://registry.npmjs.org/ts-api-utils/-/ts-api-utils-2.5.0.tgz 0ms (cache hit)
2250 http cache @typescript-eslint/visitor-keys@https://registry.npmjs.org/@typescript-eslint/visitor-keys/-/visitor-keys-8.70.0.tgz 0ms (cache hit)
2251 http cache @typescript-eslint/utils@https://registry.npmjs.org/@typescript-eslint/utils/-/utils-8.70.0.tgz 0ms (cache hit)
2252 http cache @typescript-eslint/type-utils@https://registry.npmjs.org/@typescript-eslint/type-utils/-/type-utils-8.70.0.tgz 0ms (cache hit)
2253 http cache @typescript-eslint/scope-manager@https://registry.npmjs.org/@typescript-eslint/scope-manager/-/scope-manager-8.70.0.tgz 0ms (cache hit)
2254 http cache eslint-plugin-react-hooks@https://registry.npmjs.org/eslint-plugin-react-hooks/-/eslint-plugin-react-hooks-5.2.0.tgz 0ms (cache hit)
2255 http cache fast-glob@https://registry.npmjs.org/fast-glob/-/fast-glob-3.3.1.tgz 0ms (cache hit)
2256 http cache eslint-import-resolver-typescript@https://registry.npmjs.org/eslint-import-resolver-typescript/-/eslint-import-resolver-typescript-3.10.1.tgz 0ms (cache hit)
2257 http cache @typescript-eslint/parser@https://registry.npmjs.org/@typescript-eslint/parser/-/parser-8.70.0.tgz 0ms (cache hit)
2258 http cache tinyglobby@https://registry.npmjs.org/tinyglobby/-/tinyglobby-0.2.17.tgz 0ms (cache hit)
2259 http cache eslint-plugin-jsx-a11y@https://registry.npmjs.org/eslint-plugin-jsx-a11y/-/eslint-plugin-jsx-a11y-6.10.2.tgz 0ms (cache hit)
2260 http cache @typescript-eslint/eslint-plugin@https://registry.npmjs.org/@typescript-eslint/eslint-plugin/-/eslint-plugin-8.70.0.tgz 0ms (cache hit)
2261 http cache eslint-import-resolver-node@https://registry.npmjs.org/eslint-import-resolver-node/-/eslint-import-resolver-node-0.3.10.tgz 0ms (cache hit)
2262 http cache @rushstack/eslint-patch@https://registry.npmjs.org/@rushstack/eslint-patch/-/eslint-patch-1.16.1.tgz 0ms (cache hit)
2263 http cache ms@https://registry.npmjs.org/ms/-/ms-2.1.3.tgz 0ms (cache hit)
2264 http cache shebang-command@https://registry.npmjs.org/shebang-command/-/shebang-command-2.0.0.tgz 0ms (cache hit)
2265 http cache color-convert@https://registry.npmjs.org/color-convert/-/color-convert-2.0.1.tgz 0ms (cache hit)
2266 http cache which@https://registry.npmjs.org/which/-/which-2.0.2.tgz 0ms (cache hit)
2267 http cache color-name@https://registry.npmjs.org/color-name/-/color-name-1.1.4.tgz 0ms (cache hit)
2268 http cache supports-color@https://registry.npmjs.org/supports-color/-/supports-color-7.2.0.tgz 0ms (cache hit)
2269 http cache path-key@https://registry.npmjs.org/path-key/-/path-key-3.1.1.tgz 0ms (cache hit)
2270 http cache uri-js@https://registry.npmjs.org/uri-js/-/uri-js-4.4.1.tgz 0ms (cache hit)
2271 http cache json-schema-traverse@https://registry.npmjs.org/json-schema-traverse/-/json-schema-traverse-0.4.1.tgz 0ms (cache hit)
2272 http cache @next/eslint-plugin-next@https://registry.npmjs.org/@next/eslint-plugin-next/-/eslint-plugin-next-15.1.6.tgz 0ms (cache hit)
2273 http cache ansi-styles@https://registry.npmjs.org/ansi-styles/-/ansi-styles-4.3.0.tgz 0ms (cache hit)
2274 http cache fast-json-stable-stringify@https://registry.npmjs.org/fast-json-stable-stringify/-/fast-json-stable-stringify-2.1.0.tgz 0ms (cache hit)
2275 http cache @humanfs/core@https://registry.npmjs.org/@humanfs/core/-/core-0.19.2.tgz 0ms (cache hit)
2276 http cache @humanfs/types@https://registry.npmjs.org/@humanfs/types/-/types-0.15.0.tgz 0ms (cache hit)
2277 http cache strip-json-comments@https://registry.npmjs.org/strip-json-comments/-/strip-json-comments-3.1.1.tgz 0ms (cache hit)
2278 http cache levn@https://registry.npmjs.org/levn/-/levn-0.4.1.tgz 0ms (cache hit)
2279 http cache js-yaml@https://registry.npmjs.org/js-yaml/-/js-yaml-4.3.2.tgz 0ms (cache hit)
2280 http cache globals@https://registry.npmjs.org/globals/-/globals-14.0.0.tgz 0ms (cache hit)
2281 http cache import-fresh@https://registry.npmjs.org/import-fresh/-/import-fresh-3.3.1.tgz 0ms (cache hit)
2282 http cache optionator@https://registry.npmjs.org/optionator/-/optionator-0.9.4.tgz 0ms (cache hit)
2283 http cache minimatch@https://registry.npmjs.org/minimatch/-/minimatch-3.1.5.tgz 0ms (cache hit)
2284 http cache natural-compare@https://registry.npmjs.org/natural-compare/-/natural-compare-1.4.0.tgz 0ms (cache hit)
2285 http cache @eslint/object-schema@https://registry.npmjs.org/@eslint/object-schema/-/object-schema-2.1.7.tgz 0ms (cache hit)
2286 http cache lodash.merge@https://registry.npmjs.org/lodash.merge/-/lodash.merge-4.6.2.tgz 0ms (cache hit)
2287 http cache json-stable-stringify-without-jsonify@https://registry.npmjs.org/json-stable-stringify-without-jsonify/-/json-stable-stringify-without-jsonify-1.0.1.tgz 0ms (cache hit)
2288 http cache is-glob@https://registry.npmjs.org/is-glob/-/is-glob-4.0.3.tgz 0ms (cache hit)
2289 http cache imurmurhash@https://registry.npmjs.org/imurmurhash/-/imurmurhash-0.1.4.tgz 0ms (cache hit)
2290 http cache ignore@https://registry.npmjs.org/ignore/-/ignore-5.3.2.tgz 0ms (cache hit)
2291 http cache find-up@https://registry.npmjs.org/find-up/-/find-up-5.0.0.tgz 0ms (cache hit)
2292 http cache glob-parent@https://registry.npmjs.org/glob-parent/-/glob-parent-6.0.2.tgz 0ms (cache hit)
2293 http cache file-entry-cache@https://registry.npmjs.org/file-entry-cache/-/file-entry-cache-8.0.0.tgz 0ms (cache hit)
2294 http cache fast-deep-equal@https://registry.npmjs.org/fast-deep-equal/-/fast-deep-equal-3.1.3.tgz 0ms (cache hit)
2295 http cache espree@https://registry.npmjs.org/espree/-/espree-10.4.0.tgz 0ms (cache hit)
2296 http cache eslint-scope@https://registry.npmjs.org/eslint-scope/-/eslint-scope-8.4.0.tgz 0ms (cache hit)
2297 http cache esquery@https://registry.npmjs.org/esquery/-/esquery-1.7.0.tgz 0ms (cache hit)
2298 http cache eslint-visitor-keys@https://registry.npmjs.org/eslint-visitor-keys/-/eslint-visitor-keys-4.2.1.tgz 0ms (cache hit)
2299 http cache esutils@https://registry.npmjs.org/esutils/-/esutils-2.0.3.tgz 0ms (cache hit)
2300 http cache escape-string-regexp@https://registry.npmjs.org/escape-string-regexp/-/escape-string-regexp-4.0.0.tgz 0ms (cache hit)
2301 http cache cross-spawn@https://registry.npmjs.org/cross-spawn/-/cross-spawn-7.0.6.tgz 0ms (cache hit)
2302 http cache chalk@https://registry.npmjs.org/chalk/-/chalk-4.1.2.tgz 0ms (cache hit)
2303 http cache debug@https://registry.npmjs.org/debug/-/debug-4.4.3.tgz 0ms (cache hit)
2304 http cache ajv@https://registry.npmjs.org/ajv/-/ajv-6.15.0.tgz 0ms (cache hit)
2305 http cache @humanwhocodes/retry@https://registry.npmjs.org/@humanwhocodes/retry/-/retry-0.4.3.tgz 0ms (cache hit)
2306 http cache @types/json-schema@https://registry.npmjs.org/@types/json-schema/-/json-schema-7.0.15.tgz 0ms (cache hit)
2307 http cache @humanwhocodes/module-importer@https://registry.npmjs.org/@humanwhocodes/module-importer/-/module-importer-1.0.1.tgz 0ms (cache hit)
2308 http cache @humanfs/node@https://registry.npmjs.org/@humanfs/node/-/node-0.16.8.tgz 0ms (cache hit)
2309 http cache @eslint/plugin-kit@https://registry.npmjs.org/@eslint/plugin-kit/-/plugin-kit-0.2.8.tgz 0ms (cache hit)
2310 http cache @eslint/js@https://registry.npmjs.org/@eslint/js/-/js-9.19.0.tgz 0ms (cache hit)
2311 http cache @eslint/eslintrc@https://registry.npmjs.org/@eslint/eslintrc/-/eslintrc-3.3.7.tgz 0ms (cache hit)
2312 http cache @eslint/core@https://registry.npmjs.org/@eslint/core/-/core-0.10.0.tgz 0ms (cache hit)
2313 http cache @eslint/config-array@https://registry.npmjs.org/@eslint/config-array/-/config-array-0.19.2.tgz 0ms (cache hit)
2314 http cache @eslint-community/eslint-utils@https://registry.npmjs.org/@eslint-community/eslint-utils/-/eslint-utils-4.10.1.tgz 0ms (cache hit)
2315 http cache csstype@https://registry.npmjs.org/csstype/-/csstype-3.2.3.tgz 0ms (cache hit)
2316 http cache @eslint-community/regexpp@https://registry.npmjs.org/@eslint-community/regexpp/-/regexpp-4.12.2.tgz 0ms (cache hit)
2317 http cache undici-types@https://registry.npmjs.org/undici-types/-/undici-types-6.20.0.tgz 0ms (cache hit)
2318 http cache typescript@https://registry.npmjs.org/typescript/-/typescript-5.7.3.tgz 0ms (cache hit)
2319 http cache react-dom@https://registry.npmjs.org/react-dom/-/react-dom-19.0.0.tgz 0ms (cache hit)
2320 http cache react@https://registry.npmjs.org/react/-/react-19.0.0.tgz 0ms (cache hit)
2321 http cache eslint-config-next@https://registry.npmjs.org/eslint-config-next/-/eslint-config-next-15.1.6.tgz 0ms (cache hit)
2322 http cache eslint@https://registry.npmjs.org/eslint/-/eslint-9.19.0.tgz 0ms (cache hit)
2323 http cache @types/react-dom@https://registry.npmjs.org/@types/react-dom/-/react-dom-19.0.3.tgz 0ms (cache hit)
2324 http cache @types/react@https://registry.npmjs.org/@types/react/-/react-19.0.8.tgz 0ms (cache hit)
2325 http cache @types/node@https://registry.npmjs.org/@types/node/-/node-22.13.4.tgz 0ms (cache hit)
2326 http cache @types/estree@https://registry.npmjs.org/@types/estree/-/estree-1.0.9.tgz 0ms (cache hit)
2327 http cache semver@https://registry.npmjs.org/semver/-/semver-6.3.1.tgz 0ms (cache hit)
2328 http cache next@https://registry.npmjs.org/next/-/next-15.1.6.tgz 0ms (cache hit)
2329 http cache debug@https://registry.npmjs.org/debug/-/debug-3.2.7.tgz 0ms (cache hit)
2330 http cache fdir@https://registry.npmjs.org/fdir/-/fdir-6.5.0.tgz 0ms (cache hit)
2331 http cache glob-parent@https://registry.npmjs.org/glob-parent/-/glob-parent-5.1.2.tgz 0ms (cache hit)
2332 http cache brace-expansion@https://registry.npmjs.org/brace-expansion/-/brace-expansion-5.0.12.tgz 0ms (cache hit)
2333 http cache minimatch@https://registry.npmjs.org/minimatch/-/minimatch-10.2.6.tgz 0ms (cache hit)
2334 http cache node-exports-info@https://registry.npmjs.org/node-exports-info/-/node-exports-info-1.6.2.tgz 0ms (cache hit)
2335 http cache eslint-visitor-keys@https://registry.npmjs.org/eslint-visitor-keys/-/eslint-visitor-keys-5.0.1.tgz 0ms (cache hit)
2336 http cache balanced-match@https://registry.npmjs.org/balanced-match/-/balanced-match-4.0.4.tgz 0ms (cache hit)
2337 http cache ignore@https://registry.npmjs.org/ignore/-/ignore-7.0.9.tgz 0ms (cache hit)
2338 http cache eslint-visitor-keys@https://registry.npmjs.org/eslint-visitor-keys/-/eslint-visitor-keys-3.4.3.tgz 0ms (cache hit)
2339 http cache @eslint/core@https://registry.npmjs.org/@eslint/core/-/core-0.13.0.tgz 0ms (cache hit)
2340 http cache semver@https://registry.npmjs.org/semver/-/semver-6.3.1.tgz 0ms (cache hit)
2341 http cache debug@https://registry.npmjs.org/debug/-/debug-3.2.7.tgz 0ms (cache hit)
2342 http cache eslint-plugin-react@https://registry.npmjs.org/eslint-plugin-react/-/eslint-plugin-react-7.37.5.tgz 0ms (cache hit)
2343 http cache eslint-plugin-import@https://registry.npmjs.org/eslint-plugin-import/-/eslint-plugin-import-2.32.0.tgz 0ms (cache hit)
2344 http cache debug@https://registry.npmjs.org/debug/-/debug-3.2.7.tgz 0ms (cache hit)
2345 http cache picomatch@https://registry.npmjs.org/picomatch/-/picomatch-4.0.7.tgz 0ms (cache hit)
2346 warn deprecated eslint@9.19.0: This version is no longer supported. Please see https://eslint.org/version-support for other options.
2347 warn deprecated next@15.1.6: This version has a security vulnerability. Please upgrade to a patched version. See https://nextjs.org/blog/CVE-2025-66478 for more details.
2348 info run sharp@0.33.5 install node_modules/sharp node install/check
2349 info run sharp@0.33.5 install { code: 0, signal: null }
2350 info run unrs-resolver@1.12.2 postinstall node_modules/unrs-resolver node postinstall.js
2351 info run unrs-resolver@1.12.2 postinstall { code: 0, signal: null }
2352 silly ADD node_modules/js-tokens
2353 silly ADD node_modules/react-is
2354 silly ADD node_modules/object-assign
2355 silly ADD node_modules/loose-envify
2356 silly ADD node_modules/iterator.prototype
2357 silly ADD node_modules/string.prototype.repeat
2358 silly ADD node_modules/string.prototype.matchall
2359 silly ADD node_modules/prop-types
2360 silly ADD node_modules/object.entries
2361 silly ADD node_modules/es-iterator-helpers
2362 silly ADD node_modules/array.prototype.tosorted
2363 silly ADD node_modules/array.prototype.findlast
2364 silly ADD node_modules/strip-bom
2365 silly ADD node_modules/minimist
2366 silly ADD node_modules/json5
2367 silly ADD node_modules/@types/json5
2368 silly ADD node_modules/tsconfig-paths
2369 silly ADD node_modules/object.groupby
2370 silly ADD node_modules/eslint-module-utils
2371 silly ADD node_modules/eslint-module-utils/node_modules/debug
2372 silly ADD node_modules/doctrine
2373 silly ADD node_modules/array.prototype.findlastindex
2374 silly ADD node_modules/@rtsao/scc
2375 silly ADD node_modules/is-weakset
2376 silly ADD node_modules/is-weakmap
2377 silly ADD node_modules/is-map
2378 silly ADD node_modules/generator-function
2379 silly ADD node_modules/async-function
2380 silly ADD node_modules/which-collection
2381 silly ADD node_modules/is-generator-function
2382 silly ADD node_modules/is-finalizationregistry
2383 silly ADD node_modules/is-async-function
2384 silly ADD node_modules/is-number-object
2385 silly ADD node_modules/is-boolean-object
2386 silly ADD node_modules/is-bigint
2387 silly ADD node_modules/isexe
2388 silly ADD node_modules/punycode
2389 silly ADD node_modules/napi-postinstall
2390 silly ADD node_modules/@unrs/resolver-binding-win32-x64-msvc
2391 silly ADD node_modules/which-boxed-primitive
2392 silly ADD node_modules/has-bigints
2393 silly ADD node_modules/which-builtin-type
2394 silly ADD node_modules/reflect.getprototypeof
2395 silly ADD node_modules/for-each
2396 silly ADD node_modules/is-number
2397 silly ADD node_modules/has-flag
2398 silly ADD node_modules/client-only
2399 silly ADD node_modules/is-arrayish
2400 silly ADD node_modules/side-channel-weakmap
2401 silly ADD node_modules/side-channel-map
2402 silly ADD node_modules/side-channel-list
2403 silly ADD node_modules/shebang-regex
2404 silly ADD node_modules/simple-swizzle
2405 silly ADD node_modules/color-string
2406 silly ADD node_modules/detect-libc
2407 silly ADD node_modules/color
2408 silly ADD node_modules/@img/sharp-win32-x64
2409 silly ADD node_modules/isarray
2410 silly ADD node_modules/queue-microtask
2411 silly ADD node_modules/supports-preserve-symlinks-flag
2412 silly ADD node_modules/path-parse
2413 silly ADD node_modules/set-function-name
2414 silly ADD node_modules/scheduler
2415 silly ADD node_modules/source-map-js
2416 silly ADD node_modules/picocolors
2417 silly ADD node_modules/nanoid
2418 silly ADD node_modules/callsites
2419 silly ADD node_modules/yocto-queue
2420 silly ADD node_modules/p-limit
2421 silly ADD node_modules/word-wrap
2422 silly ADD node_modules/fast-levenshtein
2423 silly ADD node_modules/deep-is
2424 silly ADD node_modules/streamsearch
2425 silly ADD node_modules/tslib
2426 silly ADD node_modules/styled-jsx
2427 silly ADD node_modules/sharp
2428 silly ADD node_modules/postcss
2429 silly ADD node_modules/caniuse-lite
2430 silly ADD node_modules/busboy
2431 silly ADD node_modules/@swc/helpers
2432 silly ADD node_modules/@swc/counter
2433 silly ADD node_modules/@next/swc-win32-x64-msvc
2434 silly ADD node_modules/@next/env
2435 silly ADD node_modules/concat-map
2436 silly ADD node_modules/balanced-match
2437 silly ADD node_modules/brace-expansion
2438 silly ADD node_modules/to-regex-range
2439 silly ADD node_modules/fill-range
2440 silly ADD node_modules/picomatch
2441 silly ADD node_modules/braces
2442 silly ADD node_modules/p-locate
2443 silly ADD node_modules/type-check
2444 silly ADD node_modules/prelude-ls
2445 silly ADD node_modules/language-subtag-registry
2446 silly ADD node_modules/json-buffer
2447 silly ADD node_modules/object.values
2448 silly ADD node_modules/array.prototype.flat
2449 silly ADD node_modules/argparse
2450 silly ADD node_modules/is-extglob
2451 silly ADD node_modules/side-channel
2452 silly ADD node_modules/resolve-from
2453 silly ADD node_modules/parent-module
2454 silly ADD node_modules/resolve-pkg-maps
2455 silly ADD node_modules/dunder-proto
2456 silly ADD node_modules/is-document.all
2457 silly ADD node_modules/functions-have-names
2458 silly ADD node_modules/keyv
2459 silly ADD node_modules/flatted
2460 silly ADD node_modules/path-exists
2461 silly ADD node_modules/locate-path
2462 silly ADD node_modules/flat-cache
2463 silly ADD node_modules/reusify
2464 silly ADD node_modules/run-parallel
2465 silly ADD node_modules/fastq
2466 silly ADD node_modules/@nodelib/fs.scandir
2467 silly ADD node_modules/micromatch
2468 silly ADD node_modules/merge2
2469 silly ADD node_modules/@nodelib/fs.walk
2470 silly ADD node_modules/@nodelib/fs.stat
2471 silly ADD node_modules/acorn-jsx
2472 silly ADD node_modules/acorn
2473 silly ADD node_modules/estraverse
2474 silly ADD node_modules/esrecurse
2475 silly ADD node_modules/is-symbol
2476 silly ADD node_modules/is-date-object
2477 silly ADD node_modules/es-abstract-get
2478 silly ADD node_modules/has-tostringtag
2479 silly ADD node_modules/possible-typed-array-names
2480 silly ADD node_modules/which-typed-array
2481 silly ADD node_modules/unbox-primitive
2482 silly ADD node_modules/typed-array-length
2483 silly ADD node_modules/typed-array-byte-offset
2484 silly ADD node_modules/typed-array-byte-length
2485 silly ADD node_modules/typed-array-buffer
2486 silly ADD node_modules/string.prototype.trimstart
2487 silly ADD node_modules/string.prototype.trimend
2488 silly ADD node_modules/string.prototype.trim
2489 silly ADD node_modules/stop-iteration-iterator
2490 silly ADD node_modules/set-proto
2491 silly ADD node_modules/safe-push-apply
2492 silly ADD node_modules/safe-array-concat
2493 silly ADD node_modules/regexp.prototype.flags
2494 silly ADD node_modules/own-keys
2495 silly ADD node_modules/object.assign
2496 silly ADD node_modules/object-inspect
2497 silly ADD node_modules/is-weakref
2498 silly ADD node_modules/is-typed-array
2499 silly ADD node_modules/is-shared-array-buffer
2500 silly ADD node_modules/is-set
2501 silly ADD node_modules/is-regex
2502 silly ADD node_modules/is-negative-zero
2503 silly ADD node_modules/is-data-view
2504 silly ADD node_modules/is-callable
2505 silly ADD node_modules/is-array-buffer
2506 silly ADD node_modules/internal-slot
2507 silly ADD node_modules/has-symbols
2508 silly ADD node_modules/has-proto
2509 silly ADD node_modules/globalthis
2510 silly ADD node_modules/get-symbol-description
2511 silly ADD node_modules/get-proto
2512 silly ADD node_modules/function.prototype.name
2513 silly ADD node_modules/es-to-primitive
2514 silly ADD node_modules/es-set-tostringtag
2515 silly ADD node_modules/data-view-byte-offset
2516 silly ADD node_modules/data-view-byte-length
2517 silly ADD node_modules/data-view-buffer
2518 silly ADD node_modules/available-typed-arrays
2519 silly ADD node_modules/arraybuffer.prototype.slice
2520 silly ADD node_modules/array-buffer-byte-length
2521 silly ADD node_modules/gopd
2522 silly ADD node_modules/object-keys
2523 silly ADD node_modules/has-property-descriptors
2524 silly ADD node_modules/define-data-property
2525 silly ADD node_modules/function-bind
2526 silly ADD node_modules/es-errors
2527 silly ADD node_modules/set-function-length
2528 silly ADD node_modules/get-intrinsic
2529 silly ADD node_modules/es-define-property
2530 silly ADD node_modules/call-bind-apply-helpers
2531 silly ADD node_modules/math-intrinsics
2532 silly ADD node_modules/is-string
2533 silly ADD node_modules/es-shim-unscopables
2534 silly ADD node_modules/es-object-atoms
2535 silly ADD node_modules/es-abstract
2536 silly ADD node_modules/define-properties
2537 silly ADD node_modules/call-bound
2538 silly ADD node_modules/call-bind
2539 silly ADD node_modules/string.prototype.includes
2540 silly ADD node_modules/safe-regex-test
2541 silly ADD node_modules/object.fromentries
2542 silly ADD node_modules/language-tags
2543 silly ADD node_modules/jsx-ast-utils
2544 silly ADD node_modules/hasown
2545 silly ADD node_modules/emoji-regex
2546 silly ADD node_modules/damerau-levenshtein
2547 silly ADD node_modules/axobject-query
2548 silly ADD node_modules/axe-core
2549 silly ADD node_modules/ast-types-flow
2550 silly ADD node_modules/array.prototype.flatmap
2551 silly ADD node_modules/array-includes
2552 silly ADD node_modules/aria-query
2553 silly ADD node_modules/unrs-resolver
2554 silly ADD node_modules/stable-hash
2555 silly ADD node_modules/is-bun-module
2556 silly ADD node_modules/get-tsconfig
2557 silly ADD node_modules/@nolyfill/is-core-module
2558 silly ADD node_modules/resolve
2559 silly ADD node_modules/resolve/node_modules/semver
2560 silly ADD node_modules/resolve/node_modules/node-exports-info
2561 silly ADD node_modules/is-core-module
2562 silly ADD node_modules/tinyglobby
2563 silly ADD node_modules/tinyglobby/node_modules/picomatch
2564 silly ADD node_modules/tinyglobby/node_modules/fdir
2565 silly ADD node_modules/semver
2566 silly ADD node_modules/@typescript-eslint/tsconfig-utils
2567 silly ADD node_modules/@typescript-eslint/project-service
2568 silly ADD node_modules/@typescript-eslint/typescript-estree
2569 silly ADD node_modules/@typescript-eslint/typescript-estree/node_modules/balanced-match
2570 silly ADD node_modules/@typescript-eslint/typescript-estree/node_modules/brace-expansion
2571 silly ADD node_modules/@typescript-eslint/typescript-estree/node_modules/minimatch
2572 silly ADD node_modules/@typescript-eslint/types
2573 silly ADD node_modules/ts-api-utils
2574 silly ADD node_modules/@typescript-eslint/visitor-keys
2575 silly ADD node_modules/@typescript-eslint/visitor-keys/node_modules/eslint-visitor-keys
2576 silly ADD node_modules/@typescript-eslint/utils
2577 silly ADD node_modules/@typescript-eslint/type-utils
2578 silly ADD node_modules/@typescript-eslint/scope-manager
2579 silly ADD node_modules/fast-glob
2580 silly ADD node_modules/fast-glob/node_modules/glob-parent
2581 silly ADD node_modules/eslint-plugin-react-hooks
2582 silly ADD node_modules/eslint-plugin-jsx-a11y
2583 silly ADD node_modules/eslint-import-resolver-typescript
2584 silly ADD node_modules/eslint-import-resolver-node
2585 silly ADD node_modules/eslint-import-resolver-node/node_modules/debug
2586 silly ADD node_modules/@typescript-eslint/parser
2587 silly ADD node_modules/@typescript-eslint/eslint-plugin
2588 silly ADD node_modules/@typescript-eslint/eslint-plugin/node_modules/ignore
2589 silly ADD node_modules/@rushstack/eslint-patch
2590 silly ADD node_modules/@next/eslint-plugin-next
2591 silly ADD node_modules/ms
2592 silly ADD node_modules/which
2593 silly ADD node_modules/shebang-command
2594 silly ADD node_modules/path-key
2595 silly ADD node_modules/color-name
2596 silly ADD node_modules/color-convert
2597 silly ADD node_modules/supports-color
2598 silly ADD node_modules/ansi-styles
2599 silly ADD node_modules/uri-js
2600 silly ADD node_modules/json-schema-traverse
2601 silly ADD node_modules/fast-json-stable-stringify
2602 silly ADD node_modules/@humanfs/types
2603 silly ADD node_modules/@humanfs/core
2604 silly ADD node_modules/levn
2605 silly ADD node_modules/strip-json-comments
2606 silly ADD node_modules/js-yaml
2607 silly ADD node_modules/import-fresh
2608 silly ADD node_modules/globals
2609 silly ADD node_modules/@eslint/object-schema
2610 silly ADD node_modules/optionator
2611 silly ADD node_modules/natural-compare
2612 silly ADD node_modules/minimatch
2613 silly ADD node_modules/lodash.merge
2614 silly ADD node_modules/json-stable-stringify-without-jsonify
2615 silly ADD node_modules/is-glob
2616 silly ADD node_modules/imurmurhash
2617 silly ADD node_modules/ignore
2618 silly ADD node_modules/glob-parent
2619 silly ADD node_modules/find-up
2620 silly ADD node_modules/file-entry-cache
2621 silly ADD node_modules/fast-deep-equal
2622 silly ADD node_modules/esutils
2623 silly ADD node_modules/esquery
2624 silly ADD node_modules/espree
2625 silly ADD node_modules/eslint-visitor-keys
2626 silly ADD node_modules/eslint-scope
2627 silly ADD node_modules/escape-string-regexp
2628 silly ADD node_modules/debug
2629 silly ADD node_modules/cross-spawn
2630 silly ADD node_modules/chalk
2631 silly ADD node_modules/ajv
2632 silly ADD node_modules/@types/json-schema
2633 silly ADD node_modules/@types/estree
2634 silly ADD node_modules/@humanwhocodes/retry
2635 silly ADD node_modules/@humanwhocodes/module-importer
2636 silly ADD node_modules/@humanfs/node
2637 silly ADD node_modules/@eslint/plugin-kit
2638 silly ADD node_modules/@eslint/plugin-kit/node_modules/@eslint/core
2639 silly ADD node_modules/@eslint/js
2640 silly ADD node_modules/@eslint/eslintrc
2641 silly ADD node_modules/@eslint/core
2642 silly ADD node_modules/@eslint/config-array
2643 silly ADD node_modules/@eslint-community/regexpp
2644 silly ADD node_modules/@eslint-community/eslint-utils
2645 silly ADD node_modules/@eslint-community/eslint-utils/node_modules/eslint-visitor-keys
2646 silly ADD node_modules/csstype
2647 silly ADD node_modules/undici-types
2648 silly ADD node_modules/typescript
2649 silly ADD node_modules/react-dom
2650 silly ADD node_modules/react
2651 silly ADD node_modules/eslint-config-next
2652 silly ADD node_modules/eslint-config-next/node_modules/semver
2653 silly ADD node_modules/eslint-config-next/node_modules/debug
2654 silly ADD node_modules/eslint-config-next/node_modules/eslint-plugin-react
2655 silly ADD node_modules/eslint-config-next/node_modules/eslint-plugin-import
2656 silly ADD node_modules/eslint
2657 silly ADD node_modules/@types/react-dom
2658 silly ADD node_modules/@types/react
2659 silly ADD node_modules/@types/node
2660 silly CHANGE node_modules/next
2661 silly REMOVE node_modules/node-exports-info
2662 silly REMOVE node_modules/eslint-plugin-react
2663 silly REMOVE node_modules/eslint-plugin-import
2664 warn allow-scripts 2 packages have install scripts not yet covered by allowScripts:
2664 warn allow-scripts   unrs-resolver@1.12.2 (postinstall: node postinstall.js)
2664 warn allow-scripts   sharp@0.33.5 (install: node install/check)
2664 warn allow-scripts
2664 warn allow-scripts Run `npm approve-scripts --allow-scripts-pending` to review, or `npm approve-scripts <pkg>` to allow.
2665 verbose cwd C:\Users\hemac\Documents\Codex\2026-09-19\hackdevengers-2-0-is-a-24
2666 verbose os Windows_NT 10.0.26200
2667 verbose node v24.19.0
2668 verbose npm  v11.17.0
2669 verbose exit 0
2670 info ok
